experiment_name,ExperimentName,Subject,Session,CurrentDate,useragent,session_uuid,screen_availHeight,screen_availWidth,lang,Block,trial_timestamp,time_elapsed,List,CorrectResponse,BackwardCorrectResponse,TestTrial,accuracy,reaction_time,typing_time,response,stimulus_load_time,role,cycle_start_date,task_section,day,connectivity,ML,MS,TE-ML,TE-TT
projectseed-bds-production,BackwardsDigitSpan-v2.0,9,1,2025-06-15 15:17:31 (Pacific Daylight Time),"Mozilla/5.0 (iPhone; CPU iPhone OS 18_3_2 like Mac OS X) AppleWebKit/605.1.15 (KHTML, like Gecko) Version/18.3.1 Mobile/15E148 Safari/604.1",a8bcdf48-2a16-4785-a2e2-1fbdb2b5d166,896,414,eng,-999.0,2025-06-15 15:18:50 (Pacific Daylight Time),79032,2,32.0,23,0.0,False,3324.0,386.0,12,3.0,adolescent,2025-06-16,training,0,,-999,-999.0,-999,-999
projectseed-bds-production,BackwardsDigitSpan-v2.0,9,1,2025-06-15 15:17:31 (Pacific Daylight Time),"Mozilla/5.0 (iPhone; CPU iPhone OS 18_3_2 like Mac OS X) AppleWebKit/605.1.15 (KHTML, like Gecko) Version/18.3.1 Mobile/15E148 Safari/604.1",a8bcdf48-2a16-4785-a2e2-1fbdb2b5d166,896,414,eng,-999.0,2025-06-15 15:18:56 (Pacific Daylight Time),84996,2,91.0,19,0.0,True,1976.0,617.0,19,0.0,adolescent,2025-06-16,training,0,,-999,-999.0,-999,-999
projectseed-bds-production,BackwardsDigitSpan-v2.0,9,1,2025-06-15 15:17:31 (Pacific Daylight Time),"Mozilla/5.0 (iPhone; CPU iPhone OS 18_3_2 like Mac OS X) AppleWebKit/605.1.15 (KHTML, like Gecko) Version/18.3.1 Mobile/15E148 Safari/604.1",a8bcdf48-2a16-4785-a2e2-1fbdb2b5d166,896,414,eng,-999.0,2025-06-15 15:19:03 (Pacific Daylight Time),92134,3,824.0,428,0.0,True,2229.0,767.0,428,2.0,adolescent,2025-06-16,training,0,,-999,-999.0,-999,-999
projectseed-bds-production,BackwardsDigitSpan-v2.0,9,1,2025-06-15 15:17:31 (Pacific Daylight Time),"Mozilla/5.0 (iPhone; CPU iPhone OS 18_3_2 like Mac OS X) AppleWebKit/605.1.15 (KHTML, like Gecko) Version/18.3.1 Mobile/15E148 Safari/604.1",a8bcdf48-2a16-4785-a2e2-1fbdb2b5d166,896,414,eng,-999.0,2025-06-15 15:19:08 (Pacific Daylight Time),97699,2,45.0,54,0.0,True,1775.0,250.0,54,1.0,adolescent,2025-06-16,training,0,,-999,-999.0,-999,-999
projectseed-bds-production,BackwardsDigitSpan-v2.0,9,1,2025-06-15 15:17:31 (Pacific Daylight Time),"Mozilla/5.0 (iPhone; CPU iPhone OS 18_3_2 like Mac OS X) AppleWebKit/605.1.15 (KHTML, like Gecko) Version/18.3.1 Mobile/15E148 Safari/604.1",a8bcdf48-2a16-4785-a2e2-1fbdb2b5d166,896,414,eng,-999.0,2025-06-15 15:19:13 (Pacific Daylight Time),102933,2,21.0,12,0.0,True,1578.0,383.0,12,2.0,adolescent,2025-06-16,training,0,,-999,-999.0,-999,-999
projectseed-bds-production,BackwardsDigitSpan-v2.0,9,1,2025-06-24 00:41:50 (Pacific Daylight Time),"Mozilla/5.0 (iPhone; CPU iPhone OS 18_5 like Mac OS X) AppleWebKit/605.1.15 (KHTML, like Gecko) Version/18.5 Mobile/15E148 Safari/604.1",885ded27-1451-48ec-a4b2-ca8c32e40961,896,414,eng,-999.0,2025-06-24 00:42:18 (Pacific Daylight Time),27300,2,51.0,15,0.0,False,2780.0,1599.0,55,1.0,adolescent,2025-06-16,training,8,,5,4.4167,4,3
projectseed-bds-production,BackwardsDigitSpan-v2.0,9,1,2025-06-24 00:41:50 (Pacific Daylight Time),"Mozilla/5.0 (iPhone; CPU iPhone OS 18_5 like Mac OS X) AppleWebKit/605.1.15 (KHTML, like Gecko) Version/18.5 Mobile/15E148 Safari/604.1",885ded27-1451-48ec-a4b2-ca8c32e40961,896,414,eng,-999.0,2025-06-24 00:42:23 (Pacific Daylight Time),32801,2,35.0,53,0.0,True,1742.0,482.0,53,1.000000000003638,adolescent,2025-06-16,training,8,,5,4.4167,4,3
projectseed-bds-production,BackwardsDigitSpan-v2.0,9,1,2025-06-24 00:41:50 (Pacific Daylight Time),"Mozilla/5.0 (iPhone; CPU iPhone OS 18_5 like Mac OS X) AppleWebKit/605.1.15 (KHTML, like Gecko) Version/18.5 Mobile/15E148 Safari/604.1",885ded27-1451-48ec-a4b2-ca8c32e40961,896,414,eng,-999.0,2025-06-24 00:42:29 (Pacific Daylight Time),38968,3,123.0,321,0.0,True,1492.0,667.0,321,1.0,adolescent,2025-06-16,training,8,,5,4.4167,4,3
projectseed-bds-production,BackwardsDigitSpan-v2.0,9,1,2025-06-24 00:41:50 (Pacific Daylight Time),"Mozilla/5.0 (iPhone; CPU iPhone OS 18_5 like Mac OS X) AppleWebKit/605.1.15 (KHTML, like Gecko) Version/18.5 Mobile/15E148 Safari/604.1",885ded27-1451-48ec-a4b2-ca8c32e40961,896,414,eng,-999.0,2025-06-24 00:42:35 (Pacific Daylight Time),44568,2,24.0,42,0.0,True,1593.0,433.0,42,1.0,adolescent,2025-06-16,training,8,,5,4.4167,4,3
projectseed-bds-production,BackwardsDigitSpan-v2.0,9,1,2025-06-24 00:41:50 (Pacific Daylight Time),"Mozilla/5.0 (iPhone; CPU iPhone OS 18_5 like Mac OS X) AppleWebKit/605.1.15 (KHTML, like Gecko) Version/18.5 Mobile/15E148 Safari/604.1",885ded27-1451-48ec-a4b2-ca8c32e40961,896,414,eng,-999.0,2025-06-24 00:42:41 (Pacific Daylight Time),50034,2,78.0,87,0.0,True,1809.0,232.0,87,1.0,adolescent,2025-06-16,training,8,,5,4.4167,4,3
projectseed-bds-production,BackwardsDigitSpan-v2.0,9,1,2025-06-24 00:41:50 (Pacific Daylight Time),"Mozilla/5.0 (iPhone; CPU iPhone OS 18_5 like Mac OS X) AppleWebKit/605.1.15 (KHTML, like Gecko) Version/18.5 Mobile/15E148 Safari/604.1",885ded27-1451-48ec-a4b2-ca8c32e40961,896,414,eng,1.0,2025-06-24 00:42:50 (Pacific Daylight Time),60001,2,71.0,17,1.0,True,1377.0,249.0,17,1.0,adolescent,2025-06-16,test,8,,5,4.4167,4,3
projectseed-bds-production,BackwardsDigitSpan-v2.0,9,1,2025-06-24 00:41:50 (Pacific Daylight Time),"Mozilla/5.0 (iPhone; CPU iPhone OS 18_5 like Mac OS X) AppleWebKit/605.1.15 (KHTML, like Gecko) Version/18.5 Mobile/15E148 Safari/604.1",885ded27-1451-48ec-a4b2-ca8c32e40961,896,414,eng,2.0,2025-06-24 00:42:58 (Pacific Daylight Time),67270,3,893.0,398,1.0,True,3262.0,969.0,398,0.0,adolescent,2025-06-16,test,8,,5,4.4167,4,3
projectseed-bds-production,BackwardsDigitSpan-v2.0,9,1,2025-06-24 00:41:50 (Pacific Daylight Time),"Mozilla/5.0 (iPhone; CPU iPhone OS 18_5 like Mac OS X) AppleWebKit/605.1.15 (KHTML, like Gecko) Version/18.5 Mobile/15E148 Safari/604.1",885ded27-1451-48ec-a4b2-ca8c32e40961,896,414,eng,3.0,2025-06-24 00:43:06 (Pacific Daylight Time),75169,4,5782.0,2875,1.0,True,2890.0,1733.0,2875,2.0,adolescent,2025-06-16,test,8,,5,4.4167,4,3
projectseed-bds-production,BackwardsDigitSpan-v2.0,9,1,2025-06-24 00:41:50 (Pacific Daylight Time),"Mozilla/5.0 (iPhone; CPU iPhone OS 18_5 like Mac OS X) AppleWebKit/605.1.15 (KHTML, like Gecko) Version/18.5 Mobile/15E148 Safari/604.1",885ded27-1451-48ec-a4b2-ca8c32e40961,896,414,eng,4.0,2025-06-24 00:43:22 (Pacific Daylight Time),91386,5,72453.0,35427,1.0,False,10207.0,4150.0,34527,2.999999999970896,adolescent,2025-06-16,test,8,,5,4.4167,4,3
projectseed-bds-production,BackwardsDigitSpan-v2.0,9,1,2025-06-24 00:41:50 (Pacific Daylight Time),"Mozilla/5.0 (iPhone; CPU iPhone OS 18_5 like Mac OS X) AppleWebKit/605.1.15 (KHTML, like Gecko) Version/18.5 Mobile/15E148 Safari/604.1",885ded27-1451-48ec-a4b2-ca8c32e40961,896,414,eng,5.0,2025-06-24 00:43:35 (Pacific Daylight Time),104221,5,83529.0,92538,1.0,False,6824.0,2234.0,95238,2.0,adolescent,2025-06-16,test,8,,5,4.4167,4,3
projectseed-bds-production,BackwardsDigitSpan-v2.0,9,1,2025-06-24 00:41:50 (Pacific Daylight Time),"Mozilla/5.0 (iPhone; CPU iPhone OS 18_5 like Mac OS X) AppleWebKit/605.1.15 (KHTML, like Gecko) Version/18.5 Mobile/15E148 Safari/604.1",885ded27-1451-48ec-a4b2-ca8c32e40961,896,414,eng,6.0,2025-06-24 00:43:44 (Pacific Daylight Time),113173,4,1892.0,2981,1.0,True,3942.0,952.0,2981,1.0,adolescent,2025-06-16,test,8,,5,4.4167,4,3
projectseed-bds-production,BackwardsDigitSpan-v2.0,9,1,2025-06-24 00:41:50 (Pacific Daylight Time),"Mozilla/5.0 (iPhone; CPU iPhone OS 18_5 like Mac OS X) AppleWebKit/605.1.15 (KHTML, like Gecko) Version/18.5 Mobile/15E148 Safari/604.1",885ded27-1451-48ec-a4b2-ca8c32e40961,896,414,eng,7.0,2025-06-24 00:43:58 (Pacific Daylight Time),127305,5,61409.0,90416,1.0,True,8123.0,2833.0,90416,3.000000000014552,adolescent,2025-06-16,test,8,,5,4.4167,4,3
projectseed-bds-production,BackwardsDigitSpan-v2.0,9,1,2025-06-24 00:41:50 (Pacific Daylight Time),"Mozilla/5.0 (iPhone; CPU iPhone OS 18_5 like Mac OS X) AppleWebKit/605.1.15 (KHTML, like Gecko) Version/18.5 Mobile/15E148 Safari/604.1",885ded27-1451-48ec-a4b2-ca8c32e40961,896,414,eng,8.0,2025-06-24 00:44:13 (Pacific Daylight Time),142023,6,503827.0,728305,1.0,False,7705.0,3167.0,723055,3.0,adolescent,2025-06-16,test,8,,5,4.4167,4,3
projectseed-bds-production,BackwardsDigitSpan-v2.0,9,1,2025-06-24 00:41:50 (Pacific Daylight Time),"Mozilla/5.0 (iPhone; CPU iPhone OS 18_5 like Mac OS X) AppleWebKit/605.1.15 (KHTML, like Gecko) Version/18.5 Mobile/15E148 Safari/604.1",885ded27-1451-48ec-a4b2-ca8c32e40961,896,414,eng,9.0,2025-06-24 00:44:25 (Pacific Daylight Time),154725,6,960538.0,835069,1.0,False,5690.0,4185.0,805390,2.000000000029104,adolescent,2025-06-16,test,8,,5,4.4167,4,3
projectseed-bds-production,BackwardsDigitSpan-v2.0,9,1,2025-06-24 00:41:50 (Pacific Daylight Time),"Mozilla/5.0 (iPhone; CPU iPhone OS 18_5 like Mac OS X) AppleWebKit/605.1.15 (KHTML, like Gecko) Version/18.5 Mobile/15E148 Safari/604.1",885ded27-1451-48ec-a4b2-ca8c32e40961,896,414,eng,10.0,2025-06-24 00:44:35 (Pacific Daylight Time),164358,5,46753.0,35764,1.0,False,3623.0,1766.0,93553,0.0,adolescent,2025-06-16,test,8,,5,4.4167,4,3
projectseed-bds-production,BackwardsDigitSpan-v2.0,9,1,2025-06-24 00:41:50 (Pacific Daylight Time),"Mozilla/5.0 (iPhone; CPU iPhone OS 18_5 like Mac OS X) AppleWebKit/605.1.15 (KHTML, like Gecko) Version/18.5 Mobile/15E148 Safari/604.1",885ded27-1451-48ec-a4b2-ca8c32e40961,896,414,eng,11.0,2025-06-24 00:44:45 (Pacific Daylight Time),174159,5,82394.0,49328,1.0,False,3791.0,2433.0,43995,2.999999999970896,adolescent,2025-06-16,test,8,,5,4.4167,4,3
projectseed-bds-production,BackwardsDigitSpan-v2.0,9,1,2025-06-24 00:41:50 (Pacific Daylight Time),"Mozilla/5.0 (iPhone; CPU iPhone OS 18_5 like Mac OS X) AppleWebKit/605.1.15 (KHTML, like Gecko) Version/18.5 Mobile/15E148 Safari/604.1",885ded27-1451-48ec-a4b2-ca8c32e40961,896,414,eng,12.0,2025-06-24 00:44:56 (Pacific Daylight Time),185726,4,3986.0,6893,1.0,False,6557.0,2416.0,6899,1.0,adolescent,2025-06-16,test,8,,5,4.4167,4,3
projectseed-bds-production,BackwardsDigitSpan-v2.0,9,1,2025-06-24 00:41:50 (Pacific Daylight Time),"Mozilla/5.0 (iPhone; CPU iPhone OS 18_5 like Mac OS X) AppleWebKit/605.1.15 (KHTML, like Gecko) Version/18.5 Mobile/15E148 Safari/604.1",885ded27-1451-48ec-a4b2-ca8c32e40961,896,414,eng,13.0,2025-06-24 00:45:09 (Pacific Daylight Time),198627,4,5943.0,3495,1.0,True,7892.0,2884.0,3495,0.0,adolescent,2025-06-16,test,8,,5,4.4167,4,3
projectseed-bds-production,BackwardsDigitSpan-v2.0,9,1,2025-06-24 00:41:50 (Pacific Daylight Time),"Mozilla/5.0 (iPhone; CPU iPhone OS 18_5 like Mac OS X) AppleWebKit/605.1.15 (KHTML, like Gecko) Version/18.5 Mobile/15E148 Safari/604.1",885ded27-1451-48ec-a4b2-ca8c32e40961,896,414,eng,14.0,2025-06-24 00:45:21 (Pacific Daylight Time),210242,5,94023.0,32049,1.0,False,5604.0,2815.0,23049,1.0,adolescent,2025-06-16,test,8,,5,4.4167,4,3
projectseed-bds-production,BackwardsDigitSpan-v2.0,9,1,2025-06-25 03:45:03 (Mountain Daylight Time),"Mozilla/5.0 (iPhone; CPU iPhone OS 18_5 like Mac OS X) AppleWebKit/605.1.15 (KHTML, like Gecko) Version/18.5 Mobile/15E148 Safari/604.1",5205b22e-4d0c-495d-aee4-81531b2667b8,896,414,eng,-999.0,2025-06-25 03:48:50 (Mountain Daylight Time),226739,2,38.0,83,0.0,True,2954.0,600.0,83,1.0,adolescent,2025-06-16,training,9,,6,5.0833,2,1
projectseed-bds-production,BackwardsDigitSpan-v2.0,9,1,2025-06-25 03:45:03 (Mountain Daylight Time),"Mozilla/5.0 (iPhone; CPU iPhone OS 18_5 like Mac OS X) AppleWebKit/605.1.15 (KHTML, like Gecko) Version/18.5 Mobile/15E148 Safari/604.1",5205b22e-4d0c-495d-aee4-81531b2667b8,896,414,eng,-999.0,2025-06-25 03:48:58 (Mountain Daylight Time),234522,2,24.0,42,0.0,True,1925.0,650.0,42,1.0,adolescent,2025-06-16,training,9,,6,5.0833,2,1
projectseed-bds-production,BackwardsDigitSpan-v2.0,9,1,2025-06-25 03:45:03 (Mountain Daylight Time),"Mozilla/5.0 (iPhone; CPU iPhone OS 18_5 like Mac OS X) AppleWebKit/605.1.15 (KHTML, like Gecko) Version/18.5 Mobile/15E148 Safari/604.1",5205b22e-4d0c-495d-aee4-81531b2667b8,896,414,eng,-999.0,2025-06-25 03:49:15 (Mountain Daylight Time),251222,3,678.0,876,0.0,True,2858.0,633.0,876,0.9999999999708962,adolescent,2025-06-16,training,9,,6,5.0833,2,1
projectseed-bds-production,BackwardsDigitSpan-v2.0,9,1,2025-06-25 03:45:03 (Mountain Daylight Time),"Mozilla/5.0 (iPhone; CPU iPhone OS 18_5 like Mac OS X) AppleWebKit/605.1.15 (KHTML, like Gecko) Version/18.5 Mobile/15E148 Safari/604.1",5205b22e-4d0c-495d-aee4-81531b2667b8,896,414,eng,1.0,2025-06-25 03:49:38 (Mountain Daylight Time),274122,2,35.0,53,1.0,True,1928.0,382.0,53,1.0,adolescent,2025-06-16,test,9,,6,5.0833,2,1
projectseed-bds-production,BackwardsDigitSpan-v2.0,9,1,2025-06-25 03:45:03 (Mountain Daylight Time),"Mozilla/5.0 (iPhone; CPU iPhone OS 18_5 like Mac OS X) AppleWebKit/605.1.15 (KHTML, like Gecko) Version/18.5 Mobile/15E148 Safari/604.1",5205b22e-4d0c-495d-aee4-81531b2667b8,896,414,eng,2.0,2025-06-25 03:49:44 (Mountain Daylight Time),280574,3,374.0,473,1.0,False,2443.0,1250.0,437,1.0,adolescent,2025-06-16,test,9,,6,5.0833,2,1
projectseed-bds-production,BackwardsDigitSpan-v2.0,9,1,2025-06-25 03:45:03 (Mountain Daylight Time),"Mozilla/5.0 (iPhone; CPU iPhone OS 18_5 like Mac OS X) AppleWebKit/605.1.15 (KHTML, like Gecko) Version/18.5 Mobile/15E148 Safari/604.1",5205b22e-4d0c-495d-aee4-81531b2667b8,896,414,eng,3.0,2025-06-25 03:49:51 (Mountain Daylight Time),287341,3,472.0,274,1.0,False,2759.0,600.0,273,1.0,adolescent,2025-06-16,test,9,,6,5.0833,2,1
projectseed-bds-production,BackwardsDigitSpan-v2.0,9,1,2025-06-25 03:45:03 (Mountain Daylight Time),"Mozilla/5.0 (iPhone; CPU iPhone OS 18_5 like Mac OS X) AppleWebKit/605.1.15 (KHTML, like Gecko) Version/18.5 Mobile/15E148 Safari/604.1",5205b22e-4d0c-495d-aee4-81531b2667b8,896,414,eng,4.0,2025-06-25 03:49:56 (Mountain Daylight Time),292823,2,73.0,37,1.0,True,2475.0,282.0,37,1.0,adolescent,2025-06-16,test,9,,6,5.0833,2,1
projectseed-bds-production,BackwardsDigitSpan-v2.0,9,1,2025-06-25 03:45:03 (Mountain Daylight Time),"Mozilla/5.0 (iPhone; CPU iPhone OS 18_5 like Mac OS X) AppleWebKit/605.1.15 (KHTML, like Gecko) Version/18.5 Mobile/15E148 Safari/604.1",5205b22e-4d0c-495d-aee4-81531b2667b8,896,414,eng,5.0,2025-06-25 03:50:03 (Mountain Daylight Time),300057,3,893.0,398,1.0,True,3227.0,765.0,398,1.0,adolescent,2025-06-16,test,9,,6,5.0833,2,1
projectseed-bds-production,BackwardsDigitSpan-v2.0,9,1,2025-06-25 03:45:03 (Mountain Daylight Time),"Mozilla/5.0 (iPhone; CPU iPhone OS 18_5 like Mac OS X) AppleWebKit/605.1.15 (KHTML, like Gecko) Version/18.5 Mobile/15E148 Safari/604.1",5205b22e-4d0c-495d-aee4-81531b2667b8,896,414,eng,6.0,2025-06-25 03:50:16 (Mountain Daylight Time),312775,4,4279.0,9724,1.0,True,7708.0,4766.0,9724,1.0000000000582077,adolescent,2025-06-16,test,9,,6,5.0833,2,1
projectseed-bds-production,BackwardsDigitSpan-v2.0,9,1,2025-06-25 03:45:03 (Mountain Daylight Time),"Mozilla/5.0 (iPhone; CPU iPhone OS 18_5 like Mac OS X) AppleWebKit/605.1.15 (KHTML, like Gecko) Version/18.5 Mobile/15E148 Safari/604.1",5205b22e-4d0c-495d-aee4-81531b2667b8,896,414,eng,7.0,2025-06-25 03:50:34 (Mountain Daylight Time),330509,5,46759.0,95764,1.0,True,11724.0,7165.0,95764,3.0000000000582077,adolescent,2025-06-16,test,9,,6,5.0833,2,1
projectseed-bds-production,BackwardsDigitSpan-v2.0,9,1,2025-06-25 03:45:03 (Mountain Daylight Time),"Mozilla/5.0 (iPhone; CPU iPhone OS 18_5 like Mac OS X) AppleWebKit/605.1.15 (KHTML, like Gecko) Version/18.5 Mobile/15E148 Safari/604.1",5205b22e-4d0c-495d-aee4-81531b2667b8,896,414,eng,8.0,2025-06-25 03:50:51 (Mountain Daylight Time),347795,6,309156.0,651903,1.0,False,10272.0,5750.0,561903,2.0000000000582077,adolescent,2025-06-16,test,9,,6,5.0833,2,1
projectseed-bds-production,BackwardsDigitSpan-v2.0,9,1,2025-06-25 03:45:03 (Mountain Daylight Time),"Mozilla/5.0 (iPhone; CPU iPhone OS 18_5 like Mac OS X) AppleWebKit/605.1.15 (KHTML, like Gecko) Version/18.5 Mobile/15E148 Safari/604.1",5205b22e-4d0c-495d-aee4-81531b2667b8,896,414,eng,9.0,2025-06-25 03:51:02 (Mountain Daylight Time),358745,6,873025.0,520378,1.0,False,3939.0,2567.0,948372,1.0000000000582077,adolescent,2025-06-16,test,9,,6,5.0833,2,1
projectseed-bds-production,BackwardsDigitSpan-v2.0,9,1,2025-06-25 03:45:03 (Mountain Daylight Time),"Mozilla/5.0 (iPhone; CPU iPhone OS 18_5 like Mac OS X) AppleWebKit/605.1.15 (KHTML, like Gecko) Version/18.5 Mobile/15E148 Safari/604.1",5205b22e-4d0c-495d-aee4-81531b2667b8,896,414,eng,10.0,2025-06-25 03:51:16 (Mountain Daylight Time),372212,5,17824.0,42871,1.0,True,7457.0,4417.0,42871,1.9999999999417923,adolescent,2025-06-16,test,9,,6,5.0833,2,1
projectseed-bds-production,BackwardsDigitSpan-v2.0,9,1,2025-06-25 03:45:03 (Mountain Daylight Time),"Mozilla/5.0 (iPhone; CPU iPhone OS 18_5 like Mac OS X) AppleWebKit/605.1.15 (KHTML, like Gecko) Version/18.5 Mobile/15E148 Safari/604.1",5205b22e-4d0c-495d-aee4-81531b2667b8,896,414,eng,11.0,2025-06-25 03:51:32 (Mountain Daylight Time),388761,6,347681.0,186743,1.0,False,9537.0,6299.0,186713,1.0,adolescent,2025-06-16,test,9,,6,5.0833,2,1
projectseed-bds-production,BackwardsDigitSpan-v2.0,9,1,2025-06-25 03:45:03 (Mountain Daylight Time),"Mozilla/5.0 (iPhone; CPU iPhone OS 18_5 like Mac OS X) AppleWebKit/605.1.15 (KHTML, like Gecko) Version/18.5 Mobile/15E148 Safari/604.1",5205b22e-4d0c-495d-aee4-81531b2667b8,896,414,eng,12.0,2025-06-25 03:51:45 (Mountain Daylight Time),401712,6,613297.0,792316,1.0,True,5937.0,3682.0,792316,3.0000000000582077,adolescent,2025-06-16,test,9,,6,5.0833,2,1
projectseed-bds-production,BackwardsDigitSpan-v2.0,9,1,2025-06-25 03:45:03 (Mountain Daylight Time),"Mozilla/5.0 (iPhone; CPU iPhone OS 18_5 like Mac OS X) AppleWebKit/605.1.15 (KHTML, like Gecko) Version/18.5 Mobile/15E148 Safari/604.1",5205b22e-4d0c-495d-aee4-81531b2667b8,896,414,eng,13.0,2025-06-25 03:52:06 (Mountain Daylight Time),422197,7,1432769.0,9672341,1.0,False,12470.0,7966.0,9691723,3.0,adolescent,2025-06-16,test,9,,6,5.0833,2,1
projectseed-bds-production,BackwardsDigitSpan-v2.0,9,1,2025-06-25 03:45:03 (Mountain Daylight Time),"Mozilla/5.0 (iPhone; CPU iPhone OS 18_5 like Mac OS X) AppleWebKit/605.1.15 (KHTML, like Gecko) Version/18.5 Mobile/15E148 Safari/604.1",5205b22e-4d0c-495d-aee4-81531b2667b8,896,414,eng,14.0,2025-06-25 03:52:22 (Mountain Daylight Time),438282,7,3715624.0,4265173,1.0,False,8070.0,5001.0,4262713,3.9999999999417923,adolescent,2025-06-16,test,9,,6,5.0833,2,1
projectseed-bds-production,BackwardsDigitSpan-v2.0,9,1,2025-06-25 23:33:34 (Pacific Daylight Time),"Mozilla/5.0 (iPhone; CPU iPhone OS 18_5 like Mac OS X) AppleWebKit/605.1.15 (KHTML, like Gecko) Version/18.5 Mobile/15E148 Safari/604.1",c688d879-33ec-474b-8964-e768fa98947c,896,414,eng,-999.0,2025-06-25 23:33:45 (Pacific Daylight Time),11039,2,18.0,81,0.0,True,2154.0,716.0,81,0.0,adolescent,2025-06-16,training,10,,7,7.0,7,6
projectseed-bds-production,BackwardsDigitSpan-v2.0,9,1,2025-06-25 23:33:34 (Pacific Daylight Time),"Mozilla/5.0 (iPhone; CPU iPhone OS 18_5 like Mac OS X) AppleWebKit/605.1.15 (KHTML, like Gecko) Version/18.5 Mobile/15E148 Safari/604.1",c688d879-33ec-474b-8964-e768fa98947c,896,414,eng,-999.0,2025-06-25 23:33:50 (Pacific Daylight Time),16789,2,49.0,94,0.0,True,1958.0,649.0,94,1.0,adolescent,2025-06-16,training,10,,7,7.0,7,6
projectseed-bds-production,BackwardsDigitSpan-v2.0,9,1,2025-06-25 23:33:34 (Pacific Daylight Time),"Mozilla/5.0 (iPhone; CPU iPhone OS 18_5 like Mac OS X) AppleWebKit/605.1.15 (KHTML, like Gecko) Version/18.5 Mobile/15E148 Safari/604.1",c688d879-33ec-474b-8964-e768fa98947c,896,414,eng,-999.0,2025-06-25 23:33:59 (Pacific Daylight Time),25356,3,382.0,283,0.0,True,3775.0,2699.0,283,1.0,adolescent,2025-06-16,training,10,,7,7.0,7,6
projectseed-bds-production,BackwardsDigitSpan-v2.0,9,1,2025-06-25 23:33:34 (Pacific Daylight Time),"Mozilla/5.0 (iPhone; CPU iPhone OS 18_5 like Mac OS X) AppleWebKit/605.1.15 (KHTML, like Gecko) Version/18.5 Mobile/15E148 Safari/604.1",c688d879-33ec-474b-8964-e768fa98947c,896,414,eng,1.0,2025-06-25 23:34:05 (Pacific Daylight Time),31806,2,63.0,36,1.0,True,2393.0,1267.0,36,1.0,adolescent,2025-06-16,test,10,,7,7.0,7,6
projectseed-bds-production,BackwardsDigitSpan-v2.0,9,1,2025-06-25 23:33:34 (Pacific Daylight Time),"Mozilla/5.0 (iPhone; CPU iPhone OS 18_5 like Mac OS X) AppleWebKit/605.1.15 (KHTML, like Gecko) Version/18.5 Mobile/15E148 Safari/604.1",c688d879-33ec-474b-8964-e768fa98947c,896,414,eng,2.0,2025-06-25 23:34:13 (Pacific Daylight Time),39124,3,743.0,347,1.0,True,3310.0,784.0,347,1.000000000007276,adolescent,2025-06-16,test,10,,7,7.0,7,6
projectseed-bds-production,BackwardsDigitSpan-v2.0,9,1,2025-06-25 23:33:34 (Pacific Daylight Time),"Mozilla/5.0 (iPhone; CPU iPhone OS 18_5 like Mac OS X) AppleWebKit/605.1.15 (KHTML, like Gecko) Version/18.5 Mobile/15E148 Safari/604.1",c688d879-33ec-474b-8964-e768fa98947c,896,414,eng,3.0,2025-06-25 23:34:25 (Pacific Daylight Time),51056,4,4816.0,6184,1.0,True,6923.0,1865.0,6184,0.0,adolescent,2025-06-16,test,10,,7,7.0,7,6
projectseed-bds-production,BackwardsDigitSpan-v2.0,9,1,2025-06-25 23:33:34 (Pacific Daylight Time),"Mozilla/5.0 (iPhone; CPU iPhone OS 18_5 like Mac OS X) AppleWebKit/605.1.15 (KHTML, like Gecko) Version/18.5 Mobile/15E148 Safari/604.1",c688d879-33ec-474b-8964-e768fa98947c,896,414,eng,4.0,2025-06-25 23:34:38 (Pacific Daylight Time),64790,5,38725.0,52783,1.0,True,7722.0,5233.0,52783,1.0,adolescent,2025-06-16,test,10,,7,7.0,7,6
projectseed-bds-production,BackwardsDigitSpan-v2.0,9,1,2025-06-25 23:33:34 (Pacific Daylight Time),"Mozilla/5.0 (iPhone; CPU iPhone OS 18_5 like Mac OS X) AppleWebKit/605.1.15 (KHTML, like Gecko) Version/18.5 Mobile/15E148 Safari/604.1",c688d879-33ec-474b-8964-e768fa98947c,896,414,eng,5.0,2025-06-25 23:34:54 (Pacific Daylight Time),79992,6,284176.0,671482,1.0,True,8189.0,5983.0,671482,2.0,adolescent,2025-06-16,test,10,,7,7.0,7,6
projectseed-bds-production,BackwardsDigitSpan-v2.0,9,1,2025-06-25 23:33:34 (Pacific Daylight Time),"Mozilla/5.0 (iPhone; CPU iPhone OS 18_5 like Mac OS X) AppleWebKit/605.1.15 (KHTML, like Gecko) Version/18.5 Mobile/15E148 Safari/604.1",c688d879-33ec-474b-8964-e768fa98947c,896,414,eng,6.0,2025-06-25 23:35:15 (Pacific Daylight Time),101658,7,4195308.0,8035914,1.0,True,13653.0,9781.0,8035914,3.999999999985448,adolescent,2025-06-16,test,10,,7,7.0,7,6
projectseed-bds-production,BackwardsDigitSpan-v2.0,9,1,2025-06-25 23:33:34 (Pacific Daylight Time),"Mozilla/5.0 (iPhone; CPU iPhone OS 18_5 like Mac OS X) AppleWebKit/605.1.15 (KHTML, like Gecko) Version/18.5 Mobile/15E148 Safari/604.1",c688d879-33ec-474b-8964-e768fa98947c,896,414,eng,7.0,2025-06-25 23:35:40 (Pacific Daylight Time),126012,8,86173054.0,45037168,1.0,False,15338.0,12451.0,45831754,2.0,adolescent,2025-06-16,test,10,,7,7.0,7,6
projectseed-bds-production,BackwardsDigitSpan-v2.0,9,1,2025-06-25 23:33:34 (Pacific Daylight Time),"Mozilla/5.0 (iPhone; CPU iPhone OS 18_5 like Mac OS X) AppleWebKit/605.1.15 (KHTML, like Gecko) Version/18.5 Mobile/15E148 Safari/604.1",c688d879-33ec-474b-8964-e768fa98947c,896,414,eng,8.0,2025-06-25 23:36:04 (Pacific Daylight Time),150698,8,50931876.0,67813905,1.0,False,15669.0,9400.0,67083950,2.0,adolescent,2025-06-16,test,10,,7,7.0,7,6
projectseed-bds-production,BackwardsDigitSpan-v2.0,9,1,2025-06-25 23:33:34 (Pacific Daylight Time),"Mozilla/5.0 (iPhone; CPU iPhone OS 18_5 like Mac OS X) AppleWebKit/605.1.15 (KHTML, like Gecko) Version/18.5 Mobile/15E148 Safari/604.1",c688d879-33ec-474b-8964-e768fa98947c,896,414,eng,9.0,2025-06-25 23:36:27 (Pacific Daylight Time),173563,7,8079162.0,2619708,1.0,True,14850.0,10415.0,2619708,3.000000000029104,adolescent,2025-06-16,test,10,,7,7.0,7,6
projectseed-bds-production,BackwardsDigitSpan-v2.0,9,1,2025-06-25 23:33:34 (Pacific Daylight Time),"Mozilla/5.0 (iPhone; CPU iPhone OS 18_5 like Mac OS X) AppleWebKit/605.1.15 (KHTML, like Gecko) Version/18.5 Mobile/15E148 Safari/604.1",c688d879-33ec-474b-8964-e768fa98947c,896,414,eng,10.0,2025-06-25 23:36:41 (Pacific Daylight Time),187783,8,26781034.0,43018762,1.0,False,5205.0,3934.0,43019878,2.0,adolescent,2025-06-16,test,10,,7,7.0,7,6
projectseed-bds-production,BackwardsDigitSpan-v2.0,9,1,2025-06-25 23:33:34 (Pacific Daylight Time),"Mozilla/5.0 (iPhone; CPU iPhone OS 18_5 like Mac OS X) AppleWebKit/605.1.15 (KHTML, like Gecko) Version/18.5 Mobile/15E148 Safari/604.1",c688d879-33ec-474b-8964-e768fa98947c,896,414,eng,11.0,2025-06-25 23:36:58 (Pacific Daylight Time),204384,8,46780531.0,13508764,1.0,False,7584.0,6416.0,18943056,3.000000000029104,adolescent,2025-06-16,test,10,,7,7.0,7,6
projectseed-bds-production,BackwardsDigitSpan-v2.0,9,1,2025-06-25 23:33:34 (Pacific Daylight Time),"Mozilla/5.0 (iPhone; CPU iPhone OS 18_5 like Mac OS X) AppleWebKit/605.1.15 (KHTML, like Gecko) Version/18.5 Mobile/15E148 Safari/604.1",c688d879-33ec-474b-8964-e768fa98947c,896,414,eng,12.0,2025-06-25 23:37:15 (Pacific Daylight Time),221501,7,6351092.0,2901536,1.0,False,9102.0,4315.0,2901765,1.0,adolescent,2025-06-16,test,10,,7,7.0,7,6
projectseed-bds-production,BackwardsDigitSpan-v2.0,9,1,2025-06-25 23:33:34 (Pacific Daylight Time),"Mozilla/5.0 (iPhone; CPU iPhone OS 18_5 like Mac OS X) AppleWebKit/605.1.15 (KHTML, like Gecko) Version/18.5 Mobile/15E148 Safari/604.1",c688d879-33ec-474b-8964-e768fa98947c,896,414,eng,13.0,2025-06-25 23:37:31 (Pacific Daylight Time),237502,7,4728516.0,6158274,1.0,False,7986.0,5900.0,6158736,1.9999999999708962,adolescent,2025-06-16,test,10,,7,7.0,7,6
projectseed-bds-production,BackwardsDigitSpan-v2.0,9,1,2025-06-25 23:33:34 (Pacific Daylight Time),"Mozilla/5.0 (iPhone; CPU iPhone OS 18_5 like Mac OS X) AppleWebKit/605.1.15 (KHTML, like Gecko) Version/18.5 Mobile/15E148 Safari/604.1",c688d879-33ec-474b-8964-e768fa98947c,896,414,eng,14.0,2025-06-25 23:37:48 (Pacific Daylight Time),254404,6,285967.0,769582,1.0,True,9888.0,4484.0,769582,1.9999999999708962,adolescent,2025-06-16,test,10,,7,7.0,7,6
projectseed-bds-production,BackwardsDigitSpan-v2.0,9,1,2025-06-29 03:58:12 (Pacific Daylight Time),"Mozilla/5.0 (iPhone; CPU iPhone OS 18_5 like Mac OS X) AppleWebKit/605.1.15 (KHTML, like Gecko) Version/18.5 Mobile/15E148 Safari/604.1",2f39abe5-0b69-4f81-9b63-6dea7f00225e,896,414,eng,-999.0,2025-06-29 03:58:32 (Pacific Daylight Time),20610,2,98.0,89,0.0,True,1686.0,348.0,89,1.0,adolescent,2025-06-16,training,13,,5,4.8333,5,5
projectseed-bds-production,BackwardsDigitSpan-v2.0,9,1,2025-06-29 03:58:12 (Pacific Daylight Time),"Mozilla/5.0 (iPhone; CPU iPhone OS 18_5 like Mac OS X) AppleWebKit/605.1.15 (KHTML, like Gecko) Version/18.5 Mobile/15E148 Safari/604.1",2f39abe5-0b69-4f81-9b63-6dea7f00225e,896,414,eng,-999.0,2025-06-29 03:58:38 (Pacific Daylight Time),26397,2,82.0,28,0.0,True,2077.0,517.0,28,1.000000000003638,adolescent,2025-06-16,training,13,,5,4.8333,5,5
projectseed-bds-production,BackwardsDigitSpan-v2.0,9,1,2025-06-29 03:58:12 (Pacific Daylight Time),"Mozilla/5.0 (iPhone; CPU iPhone OS 18_5 like Mac OS X) AppleWebKit/605.1.15 (KHTML, like Gecko) Version/18.5 Mobile/15E148 Safari/604.1",2f39abe5-0b69-4f81-9b63-6dea7f00225e,896,414,eng,-999.0,2025-06-29 03:58:49 (Pacific Daylight Time),36745,3,489.0,984,0.0,True,5484.0,766.0,984,0.0,adolescent,2025-06-16,training,13,,5,4.8333,5,5
projectseed-bds-production,BackwardsDigitSpan-v2.0,9,1,2025-06-29 03:58:12 (Pacific Daylight Time),"Mozilla/5.0 (iPhone; CPU iPhone OS 18_5 like Mac OS X) AppleWebKit/605.1.15 (KHTML, like Gecko) Version/18.5 Mobile/15E148 Safari/604.1",2f39abe5-0b69-4f81-9b63-6dea7f00225e,896,414,eng,1.0,2025-06-29 03:59:36 (Pacific Daylight Time),84163,2,46.0,64,1.0,True,3410.0,700.0,64,1.0,adolescent,2025-06-16,test,13,,5,4.8333,5,5
projectseed-bds-production,BackwardsDigitSpan-v2.0,9,1,2025-06-29 03:58:12 (Pacific Daylight Time),"Mozilla/5.0 (iPhone; CPU iPhone OS 18_5 like Mac OS X) AppleWebKit/605.1.15 (KHTML, like Gecko) Version/18.5 Mobile/15E148 Safari/604.1",2f39abe5-0b69-4f81-9b63-6dea7f00225e,896,414,eng,2.0,2025-06-29 03:59:42 (Pacific Daylight Time),90564,3,907.0,709,1.0,True,2391.0,1033.0,709,0.9999999999854481,adolescent,2025-06-16,test,13,,5,4.8333,5,5
projectseed-bds-production,BackwardsDigitSpan-v2.0,9,1,2025-06-29 03:58:12 (Pacific Daylight Time),"Mozilla/5.0 (iPhone; CPU iPhone OS 18_5 like Mac OS X) AppleWebKit/605.1.15 (KHTML, like Gecko) Version/18.5 Mobile/15E148 Safari/604.1",2f39abe5-0b69-4f81-9b63-6dea7f00225e,896,414,eng,3.0,2025-06-29 03:59:50 (Pacific Daylight Time),98480,4,2139.0,9312,1.0,True,2907.0,1849.0,9312,1.0,adolescent,2025-06-16,test,13,,5,4.8333,5,5
projectseed-bds-production,BackwardsDigitSpan-v2.0,9,1,2025-06-29 03:58:12 (Pacific Daylight Time),"Mozilla/5.0 (iPhone; CPU iPhone OS 18_5 like Mac OS X) AppleWebKit/605.1.15 (KHTML, like Gecko) Version/18.5 Mobile/15E148 Safari/604.1",2f39abe5-0b69-4f81-9b63-6dea7f00225e,896,414,eng,4.0,2025-06-29 04:00:01 (Pacific Daylight Time),109517,5,37892.0,29873,1.0,False,5025.0,3686.0,29872,1.0,adolescent,2025-06-16,test,13,,5,4.8333,5,5
projectseed-bds-production,BackwardsDigitSpan-v2.0,9,1,2025-06-29 03:58:12 (Pacific Daylight Time),"Mozilla/5.0 (iPhone; CPU iPhone OS 18_5 like Mac OS X) AppleWebKit/605.1.15 (KHTML, like Gecko) Version/18.5 Mobile/15E148 Safari/604.1",2f39abe5-0b69-4f81-9b63-6dea7f00225e,896,414,eng,5.0,2025-06-29 04:00:19 (Pacific Daylight Time),126768,5,13596.0,69531,1.0,True,11240.0,3582.0,69531,2.0,adolescent,2025-06-16,test,13,,5,4.8333,5,5
projectseed-bds-production,BackwardsDigitSpan-v2.0,9,1,2025-06-29 03:58:12 (Pacific Daylight Time),"Mozilla/5.0 (iPhone; CPU iPhone OS 18_5 like Mac OS X) AppleWebKit/605.1.15 (KHTML, like Gecko) Version/18.5 Mobile/15E148 Safari/604.1",2f39abe5-0b69-4f81-9b63-6dea7f00225e,896,414,eng,6.0,2025-06-29 04:00:35 (Pacific Daylight Time),143504,6,542698.0,896245,1.0,False,9722.0,6934.0,895321,2.0000000000436557,adolescent,2025-06-16,test,13,,5,4.8333,5,5
projectseed-bds-production,BackwardsDigitSpan-v2.0,9,1,2025-06-29 03:58:12 (Pacific Daylight Time),"Mozilla/5.0 (iPhone; CPU iPhone OS 18_5 like Mac OS X) AppleWebKit/605.1.15 (KHTML, like Gecko) Version/18.5 Mobile/15E148 Safari/604.1",2f39abe5-0b69-4f81-9b63-6dea7f00225e,896,414,eng,7.0,2025-06-29 04:00:50 (Pacific Daylight Time),158572,6,746532.0,235647,1.0,False,8054.0,6017.0,325732,2.000000000029104,adolescent,2025-06-16,test,13,,5,4.8333,5,5
projectseed-bds-production,BackwardsDigitSpan-v2.0,9,1,2025-06-29 03:58:12 (Pacific Daylight Time),"Mozilla/5.0 (iPhone; CPU iPhone OS 18_5 like Mac OS X) AppleWebKit/605.1.15 (KHTML, like Gecko) Version/18.5 Mobile/15E148 Safari/604.1",2f39abe5-0b69-4f81-9b63-6dea7f00225e,896,414,eng,8.0,2025-06-29 04:01:02 (Pacific Daylight Time),170439,5,27146.0,64172,1.0,False,5855.0,4133.0,16584,2.0,adolescent,2025-06-16,test,13,,5,4.8333,5,5
projectseed-bds-production,BackwardsDigitSpan-v2.0,9,1,2025-06-29 03:58:12 (Pacific Daylight Time),"Mozilla/5.0 (iPhone; CPU iPhone OS 18_5 like Mac OS X) AppleWebKit/605.1.15 (KHTML, like Gecko) Version/18.5 Mobile/15E148 Safari/604.1",2f39abe5-0b69-4f81-9b63-6dea7f00225e,896,414,eng,9.0,2025-06-29 04:01:15 (Pacific Daylight Time),182905,5,20178.0,87102,1.0,False,6456.0,4100.0,71022,1.0,adolescent,2025-06-16,test,13,,5,4.8333,5,5
projectseed-bds-production,BackwardsDigitSpan-v2.0,9,1,2025-06-29 03:58:12 (Pacific Daylight Time),"Mozilla/5.0 (iPhone; CPU iPhone OS 18_5 like Mac OS X) AppleWebKit/605.1.15 (KHTML, like Gecko) Version/18.5 Mobile/15E148 Safari/604.1",2f39abe5-0b69-4f81-9b63-6dea7f00225e,896,414,eng,10.0,2025-06-29 04:01:25 (Pacific Daylight Time),192972,4,1754.0,4571,1.0,True,5057.0,3233.0,4571,2.0,adolescent,2025-06-16,test,13,,5,4.8333,5,5
projectseed-bds-production,BackwardsDigitSpan-v2.0,9,1,2025-06-29 03:58:12 (Pacific Daylight Time),"Mozilla/5.0 (iPhone; CPU iPhone OS 18_5 like Mac OS X) AppleWebKit/605.1.15 (KHTML, like Gecko) Version/18.5 Mobile/15E148 Safari/604.1",2f39abe5-0b69-4f81-9b63-6dea7f00225e,896,414,eng,11.0,2025-06-29 04:01:38 (Pacific Daylight Time),206290,5,19628.0,82691,1.0,True,7307.0,5250.0,82691,1.0000000000291038,adolescent,2025-06-16,test,13,,5,4.8333,5,5
projectseed-bds-production,BackwardsDigitSpan-v2.0,9,1,2025-06-29 03:58:12 (Pacific Daylight Time),"Mozilla/5.0 (iPhone; CPU iPhone OS 18_5 like Mac OS X) AppleWebKit/605.1.15 (KHTML, like Gecko) Version/18.5 Mobile/15E148 Safari/604.1",2f39abe5-0b69-4f81-9b63-6dea7f00225e,896,414,eng,12.0,2025-06-29 04:01:57 (Pacific Daylight Time),225424,6,280341.0,143082,1.0,False,12123.0,6950.0,104382,1.0,adolescent,2025-06-16,test,13,,5,4.8333,5,5
projectseed-bds-production,BackwardsDigitSpan-v2.0,9,1,2025-06-29 03:58:12 (Pacific Daylight Time),"Mozilla/5.0 (iPhone; CPU iPhone OS 18_5 like Mac OS X) AppleWebKit/605.1.15 (KHTML, like Gecko) Version/18.5 Mobile/15E148 Safari/604.1",2f39abe5-0b69-4f81-9b63-6dea7f00225e,896,414,eng,13.0,2025-06-29 04:02:17 (Pacific Daylight Time),245275,6,870456.0,654078,1.0,False,12838.0,7584.0,654780,3.0,adolescent,2025-06-16,test,13,,5,4.8333,5,5
projectseed-bds-production,BackwardsDigitSpan-v2.0,9,1,2025-06-29 03:58:12 (Pacific Daylight Time),"Mozilla/5.0 (iPhone; CPU iPhone OS 18_5 like Mac OS X) AppleWebKit/605.1.15 (KHTML, like Gecko) Version/18.5 Mobile/15E148 Safari/604.1",2f39abe5-0b69-4f81-9b63-6dea7f00225e,896,414,eng,14.0,2025-06-29 04:02:28 (Pacific Daylight Time),256092,5,45803.0,30854,1.0,False,4806.0,2800.0,30876,1.0,adolescent,2025-06-16,test,13,,5,4.8333,5,5
projectseed-bds-production,BackwardsDigitSpan-v2.0,9,1,2025-06-30 03:13:15 (Pacific Daylight Time),"Mozilla/5.0 (iPhone; CPU iPhone OS 18_5 like Mac OS X) AppleWebKit/605.1.15 (KHTML, like Gecko) Version/18.5 Mobile/15E148 Safari/604.1",3dc1db51-bef5-44d7-8fa7-2cab2a192360,896,414,eng,-999.0,2025-06-30 03:14:08 (Pacific Daylight Time),52386,2,62.0,26,0.0,True,1940.0,818.0,26,1.0,adolescent,2025-06-16,training,14,,7,5.5,7,6
projectseed-bds-production,BackwardsDigitSpan-v2.0,9,1,2025-06-30 03:13:15 (Pacific Daylight Time),"Mozilla/5.0 (iPhone; CPU iPhone OS 18_5 like Mac OS X) AppleWebKit/605.1.15 (KHTML, like Gecko) Version/18.5 Mobile/15E148 Safari/604.1",3dc1db51-bef5-44d7-8fa7-2cab2a192360,896,414,eng,-999.0,2025-06-30 03:14:14 (Pacific Daylight Time),58402,2,57.0,75,0.0,True,2275.0,900.0,75,1.0,adolescent,2025-06-16,training,14,,7,5.5,7,6
projectseed-bds-production,BackwardsDigitSpan-v2.0,9,1,2025-06-30 03:13:15 (Pacific Daylight Time),"Mozilla/5.0 (iPhone; CPU iPhone OS 18_5 like Mac OS X) AppleWebKit/605.1.15 (KHTML, like Gecko) Version/18.5 Mobile/15E148 Safari/604.1",3dc1db51-bef5-44d7-8fa7-2cab2a192360,896,414,eng,-999.0,2025-06-30 03:14:21 (Pacific Daylight Time),65186,3,179.0,971,0.0,True,2092.0,567.0,971,1.0,adolescent,2025-06-16,training,14,,7,5.5,7,6
projectseed-bds-production,BackwardsDigitSpan-v2.0,9,1,2025-06-30 03:13:15 (Pacific Daylight Time),"Mozilla/5.0 (iPhone; CPU iPhone OS 18_5 like Mac OS X) AppleWebKit/605.1.15 (KHTML, like Gecko) Version/18.5 Mobile/15E148 Safari/604.1",3dc1db51-bef5-44d7-8fa7-2cab2a192360,896,414,eng,1.0,2025-06-30 03:14:26 (Pacific Daylight Time),70534,2,26.0,62,1.0,True,1592.0,315.0,62,1.0,adolescent,2025-06-16,test,14,,7,5.5,7,6
projectseed-bds-production,BackwardsDigitSpan-v2.0,9,1,2025-06-30 03:13:15 (Pacific Daylight Time),"Mozilla/5.0 (iPhone; CPU iPhone OS 18_5 like Mac OS X) AppleWebKit/605.1.15 (KHTML, like Gecko) Version/18.5 Mobile/15E148 Safari/604.1",3dc1db51-bef5-44d7-8fa7-2cab2a192360,896,414,eng,2.0,2025-06-30 03:14:32 (Pacific Daylight Time),76569,3,372.0,273,1.0,True,2026.0,1000.0,273,1.0,adolescent,2025-06-16,test,14,,7,5.5,7,6
projectseed-bds-production,BackwardsDigitSpan-v2.0,9,1,2025-06-30 03:13:15 (Pacific Daylight Time),"Mozilla/5.0 (iPhone; CPU iPhone OS 18_5 like Mac OS X) AppleWebKit/605.1.15 (KHTML, like Gecko) Version/18.5 Mobile/15E148 Safari/604.1",3dc1db51-bef5-44d7-8fa7-2cab2a192360,896,414,eng,3.0,2025-06-30 03:14:42 (Pacific Daylight Time),86769,4,1637.0,7361,1.0,True,5192.0,1866.0,7361,2.0,adolescent,2025-06-16,test,14,,7,5.5,7,6
projectseed-bds-production,BackwardsDigitSpan-v2.0,9,1,2025-06-30 03:13:15 (Pacific Daylight Time),"Mozilla/5.0 (iPhone; CPU iPhone OS 18_5 like Mac OS X) AppleWebKit/605.1.15 (KHTML, like Gecko) Version/18.5 Mobile/15E148 Safari/604.1",3dc1db51-bef5-44d7-8fa7-2cab2a192360,896,414,eng,4.0,2025-06-30 03:14:57 (Pacific Daylight Time),101521,5,97032.0,23079,1.0,True,8741.0,6367.0,23079,2.0,adolescent,2025-06-16,test,14,,7,5.5,7,6
projectseed-bds-production,BackwardsDigitSpan-v2.0,9,1,2025-06-30 03:13:15 (Pacific Daylight Time),"Mozilla/5.0 (iPhone; CPU iPhone OS 18_5 like Mac OS X) AppleWebKit/605.1.15 (KHTML, like Gecko) Version/18.5 Mobile/15E148 Safari/604.1",3dc1db51-bef5-44d7-8fa7-2cab2a192360,896,414,eng,5.0,2025-06-30 03:15:13 (Pacific Daylight Time),118170,6,902316.0,613209,1.0,True,9637.0,5715.0,613209,1.0,adolescent,2025-06-16,test,14,,7,5.5,7,6
projectseed-bds-production,BackwardsDigitSpan-v2.0,9,1,2025-06-30 03:13:15 (Pacific Daylight Time),"Mozilla/5.0 (iPhone; CPU iPhone OS 18_5 like Mac OS X) AppleWebKit/605.1.15 (KHTML, like Gecko) Version/18.5 Mobile/15E148 Safari/604.1",3dc1db51-bef5-44d7-8fa7-2cab2a192360,896,414,eng,6.0,2025-06-30 03:15:31 (Pacific Daylight Time),135555,7,1872056.0,6502781,1.0,True,9370.0,5032.0,6502781,3.0,adolescent,2025-06-16,test,14,,7,5.5,7,6
projectseed-bds-production,BackwardsDigitSpan-v2.0,9,1,2025-06-30 03:13:15 (Pacific Daylight Time),"Mozilla/5.0 (iPhone; CPU iPhone OS 18_5 like Mac OS X) AppleWebKit/605.1.15 (KHTML, like Gecko) Version/18.5 Mobile/15E148 Safari/604.1",3dc1db51-bef5-44d7-8fa7-2cab2a192360,896,414,eng,7.0,2025-06-30 03:15:45 (Pacific Daylight Time),149674,8,29687541.0,14578692,1.0,False,5103.0,4183.0,29431789,2.999999999970896,adolescent,2025-06-16,test,14,,7,5.5,7,6
projectseed-bds-production,BackwardsDigitSpan-v2.0,9,1,2025-06-30 03:13:15 (Pacific Daylight Time),"Mozilla/5.0 (iPhone; CPU iPhone OS 18_5 like Mac OS X) AppleWebKit/605.1.15 (KHTML, like Gecko) Version/18.5 Mobile/15E148 Safari/604.1",3dc1db51-bef5-44d7-8fa7-2cab2a192360,896,414,eng,8.0,2025-06-30 03:16:02 (Pacific Daylight Time),166708,8,48092137.0,73129084,1.0,False,8016.0,6365.0,75310984,3.000000000029104,adolescent,2025-06-16,test,14,,7,5.5,7,6
projectseed-bds-production,BackwardsDigitSpan-v2.0,9,1,2025-06-30 03:13:15 (Pacific Daylight Time),"Mozilla/5.0 (iPhone; CPU iPhone OS 18_5 like Mac OS X) AppleWebKit/605.1.15 (KHTML, like Gecko) Version/18.5 Mobile/15E148 Safari/604.1",3dc1db51-bef5-44d7-8fa7-2cab2a192360,896,414,eng,9.0,2025-06-30 03:16:20 (Pacific Daylight Time),184209,7,3076218.0,8126703,1.0,False,9486.0,8167.0,8122870,2.0,adolescent,2025-06-16,test,14,,7,5.5,7,6
projectseed-bds-production,BackwardsDigitSpan-v2.0,9,1,2025-06-30 03:13:15 (Pacific Daylight Time),"Mozilla/5.0 (iPhone; CPU iPhone OS 18_5 like Mac OS X) AppleWebKit/605.1.15 (KHTML, like Gecko) Version/18.5 Mobile/15E148 Safari/604.1",3dc1db51-bef5-44d7-8fa7-2cab2a192360,896,414,eng,10.0,2025-06-30 03:16:34 (Pacific Daylight Time),198725,7,6293104.0,4013926,1.0,False,6501.0,4833.0,4026209,2.0,adolescent,2025-06-16,test,14,,7,5.5,7,6
projectseed-bds-production,BackwardsDigitSpan-v2.0,9,1,2025-06-30 03:13:15 (Pacific Daylight Time),"Mozilla/5.0 (iPhone; CPU iPhone OS 18_5 like Mac OS X) AppleWebKit/605.1.15 (KHTML, like Gecko) Version/18.5 Mobile/15E148 Safari/604.1",3dc1db51-bef5-44d7-8fa7-2cab2a192360,896,414,eng,11.0,2025-06-30 03:16:48 (Pacific Daylight Time),213093,6,615904.0,409516,1.0,False,7355.0,4083.0,406159,3.0,adolescent,2025-06-16,test,14,,7,5.5,7,6
projectseed-bds-production,BackwardsDigitSpan-v2.0,9,1,2025-06-30 03:13:15 (Pacific Daylight Time),"Mozilla/5.0 (iPhone; CPU iPhone OS 18_5 like Mac OS X) AppleWebKit/605.1.15 (KHTML, like Gecko) Version/18.5 Mobile/15E148 Safari/604.1",3dc1db51-bef5-44d7-8fa7-2cab2a192360,896,414,eng,12.0,2025-06-30 03:16:58 (Pacific Daylight Time),222611,6,975013.0,310579,1.0,False,2507.0,1734.0,409722,1.0000000000291038,adolescent,2025-06-16,test,14,,7,5.5,7,6
projectseed-bds-production,BackwardsDigitSpan-v2.0,9,1,2025-06-30 03:13:15 (Pacific Daylight Time),"Mozilla/5.0 (iPhone; CPU iPhone OS 18_5 like Mac OS X) AppleWebKit/605.1.15 (KHTML, like Gecko) Version/18.5 Mobile/15E148 Safari/604.1",3dc1db51-bef5-44d7-8fa7-2cab2a192360,896,414,eng,13.0,2025-06-30 03:17:09 (Pacific Daylight Time),233461,5,50632.0,23605,1.0,False,4838.0,3666.0,26055,3.0,adolescent,2025-06-16,test,14,,7,5.5,7,6
projectseed-bds-production,BackwardsDigitSpan-v2.0,9,1,2025-06-30 03:13:15 (Pacific Daylight Time),"Mozilla/5.0 (iPhone; CPU iPhone OS 18_5 like Mac OS X) AppleWebKit/605.1.15 (KHTML, like Gecko) Version/18.5 Mobile/15E148 Safari/604.1",3dc1db51-bef5-44d7-8fa7-2cab2a192360,896,414,eng,14.0,2025-06-30 03:17:19 (Pacific Daylight Time),244096,5,98157.0,75189,1.0,False,4624.0,1770.0,34897,1.9999999999708962,adolescent,2025-06-16,test,14,,7,5.5,7,6
projectseed-bds-production,BackwardsDigitSpan-v2.0,10,1,2025-06-15 17:21:20 (Central Daylight Time),"Mozilla/5.0 (iPhone; CPU iPhone OS 18_5 like Mac OS X) AppleWebKit/605.1.15 (KHTML, like Gecko) Version/18.5 Mobile/15E148 Safari/604.1",9264bf68-5837-4626-9e88-1e2aebd29c12,896,414,eng,-999.0,2025-06-15 17:21:39 (Central Daylight Time),19134,2,32.0,23,0.0,False,2594.0,215.0,32,1.999999999998181,adolescent,2025-06-16,training,0,,-999,-999.0,-999,-999
projectseed-bds-production,BackwardsDigitSpan-v2.0,10,1,2025-06-15 17:21:20 (Central Daylight Time),"Mozilla/5.0 (iPhone; CPU iPhone OS 18_5 like Mac OS X) AppleWebKit/605.1.15 (KHTML, like Gecko) Version/18.5 Mobile/15E148 Safari/604.1",9264bf68-5837-4626-9e88-1e2aebd29c12,896,414,eng,-999.0,2025-06-15 17:21:49 (Central Daylight Time),28573,2,91.0,19,0.0,False,1494.0,234.0,91,1.0,adolescent,2025-06-16,training,0,,-999,-999.0,-999,-999
projectseed-bds-production,BackwardsDigitSpan-v2.0,10,1,2025-06-15 17:21:20 (Central Daylight Time),"Mozilla/5.0 (iPhone; CPU iPhone OS 18_5 like Mac OS X) AppleWebKit/605.1.15 (KHTML, like Gecko) Version/18.5 Mobile/15E148 Safari/604.1",9264bf68-5837-4626-9e88-1e2aebd29c12,896,414,eng,-999.0,2025-06-15 17:22:02 (Central Daylight Time),41696,3,824.0,428,0.0,True,8149.0,467.0,428,2.0,adolescent,2025-06-16,training,0,,-999,-999.0,-999,-999
projectseed-bds-production,BackwardsDigitSpan-v2.0,10,1,2025-06-15 17:21:20 (Central Daylight Time),"Mozilla/5.0 (iPhone; CPU iPhone OS 18_5 like Mac OS X) AppleWebKit/605.1.15 (KHTML, like Gecko) Version/18.5 Mobile/15E148 Safari/604.1",9264bf68-5837-4626-9e88-1e2aebd29c12,896,414,eng,-999.0,2025-06-15 17:22:09 (Central Daylight Time),48785,2,45.0,54,0.0,True,2198.0,183.0,54,1.0,adolescent,2025-06-16,training,0,,-999,-999.0,-999,-999
projectseed-bds-production,BackwardsDigitSpan-v2.0,10,1,2025-06-15 17:21:20 (Central Daylight Time),"Mozilla/5.0 (iPhone; CPU iPhone OS 18_5 like Mac OS X) AppleWebKit/605.1.15 (KHTML, like Gecko) Version/18.5 Mobile/15E148 Safari/604.1",9264bf68-5837-4626-9e88-1e2aebd29c12,896,414,eng,-999.0,2025-06-15 17:22:15 (Central Daylight Time),54757,2,21.0,12,0.0,True,2098.0,317.0,12,1.0,adolescent,2025-06-16,training,0,,-999,-999.0,-999,-999
projectseed-bds-production,BackwardsDigitSpan-v2.0,10,1,2025-06-15 17:21:20 (Central Daylight Time),"Mozilla/5.0 (iPhone; CPU iPhone OS 18_5 like Mac OS X) AppleWebKit/605.1.15 (KHTML, like Gecko) Version/18.5 Mobile/15E148 Safari/604.1",9264bf68-5837-4626-9e88-1e2aebd29c12,896,414,eng,-999.0,2025-06-15 17:22:23 (Central Daylight Time),62896,3,732.0,237,0.0,True,3366.0,434.0,237,2.0,adolescent,2025-06-16,training,0,,-999,-999.0,-999,-999
projectseed-bds-production,BackwardsDigitSpan-v2.0,10,1,2025-06-15 17:21:20 (Central Daylight Time),"Mozilla/5.0 (iPhone; CPU iPhone OS 18_5 like Mac OS X) AppleWebKit/605.1.15 (KHTML, like Gecko) Version/18.5 Mobile/15E148 Safari/604.1",9264bf68-5837-4626-9e88-1e2aebd29c12,896,414,eng,-999.0,2025-06-15 17:22:29 (Central Daylight Time),69134,2,64.0,46,0.0,True,2366.0,651.0,46,0.9999999999854481,adolescent,2025-06-16,training,0,,-999,-999.0,-999,-999
projectseed-bds-production,BackwardsDigitSpan-v2.0,10,1,2025-06-15 17:21:20 (Central Daylight Time),"Mozilla/5.0 (iPhone; CPU iPhone OS 18_5 like Mac OS X) AppleWebKit/605.1.15 (KHTML, like Gecko) Version/18.5 Mobile/15E148 Safari/604.1",9264bf68-5837-4626-9e88-1e2aebd29c12,896,414,eng,-999.0,2025-06-15 17:22:35 (Central Daylight Time),74805,2,86.0,68,0.0,True,1582.0,249.0,68,2.0,adolescent,2025-06-16,training,0,,-999,-999.0,-999,-999
projectseed-bds-production,BackwardsDigitSpan-v2.0,10,1,2025-06-15 17:21:20 (Central Daylight Time),"Mozilla/5.0 (iPhone; CPU iPhone OS 18_5 like Mac OS X) AppleWebKit/605.1.15 (KHTML, like Gecko) Version/18.5 Mobile/15E148 Safari/604.1",9264bf68-5837-4626-9e88-1e2aebd29c12,896,414,eng,-999.0,2025-06-15 17:22:42 (Central Daylight Time),82027,3,403.0,304,0.0,True,2681.0,1050.0,304,0.0,adolescent,2025-06-16,training,0,,-999,-999.0,-999,-999
projectseed-bds-production,BackwardsDigitSpan-v2.0,10,1,2025-06-15 17:21:20 (Central Daylight Time),"Mozilla/5.0 (iPhone; CPU iPhone OS 18_5 like Mac OS X) AppleWebKit/605.1.15 (KHTML, like Gecko) Version/18.5 Mobile/15E148 Safari/604.1",9264bf68-5837-4626-9e88-1e2aebd29c12,896,414,eng,-999.0,2025-06-15 17:22:47 (Central Daylight Time),87114,2,32.0,23,0.0,True,1596.0,150.0,23,0.0,adolescent,2025-06-16,training,0,,-999,-999.0,-999,-999
projectseed-bds-production,BackwardsDigitSpan-v2.0,10,1,2025-06-23 22:14:46 (Central Daylight Time),"Mozilla/5.0 (iPhone; CPU iPhone OS 18_5 like Mac OS X) AppleWebKit/605.1.15 (KHTML, like Gecko) Version/18.5 Mobile/15E148 Safari/604.1",0d786b89-a854-4d8e-bfef-b64b9d0ea15c,852,393,eng,-999.0,2025-06-23 22:15:04 (Central Daylight Time),17670,2,51.0,15,0.0,True,1108.0,482.0,15,1.000000000001819,adolescent,2025-06-16,training,8,,9,7.8333,5,6
projectseed-bds-production,BackwardsDigitSpan-v2.0,10,1,2025-06-23 22:14:46 (Central Daylight Time),"Mozilla/5.0 (iPhone; CPU iPhone OS 18_5 like Mac OS X) AppleWebKit/605.1.15 (KHTML, like Gecko) Version/18.5 Mobile/15E148 Safari/604.1",0d786b89-a854-4d8e-bfef-b64b9d0ea15c,852,393,eng,-999.0,2025-06-23 22:15:08 (Central Daylight Time),22405,2,35.0,53,0.0,True,1108.0,296.0,53,0.0,adolescent,2025-06-16,training,8,,9,7.8333,5,6
projectseed-bds-production,BackwardsDigitSpan-v2.0,10,1,2025-06-23 22:14:46 (Central Daylight Time),"Mozilla/5.0 (iPhone; CPU iPhone OS 18_5 like Mac OS X) AppleWebKit/605.1.15 (KHTML, like Gecko) Version/18.5 Mobile/15E148 Safari/604.1",0d786b89-a854-4d8e-bfef-b64b9d0ea15c,852,393,eng,-999.0,2025-06-23 22:15:14 (Central Daylight Time),28274,3,123.0,321,0.0,True,1197.0,632.0,321,0.0,adolescent,2025-06-16,training,8,,9,7.8333,5,6
projectseed-bds-production,BackwardsDigitSpan-v2.0,10,1,2025-06-23 22:14:46 (Central Daylight Time),"Mozilla/5.0 (iPhone; CPU iPhone OS 18_5 like Mac OS X) AppleWebKit/605.1.15 (KHTML, like Gecko) Version/18.5 Mobile/15E148 Safari/604.1",0d786b89-a854-4d8e-bfef-b64b9d0ea15c,852,393,eng,1.0,2025-06-23 22:15:21 (Central Daylight Time),34614,2,71.0,17,1.0,False,2199.0,366.0,71,0.0,adolescent,2025-06-16,test,8,,9,7.8333,5,6
projectseed-bds-production,BackwardsDigitSpan-v2.0,10,1,2025-06-23 22:14:46 (Central Daylight Time),"Mozilla/5.0 (iPhone; CPU iPhone OS 18_5 like Mac OS X) AppleWebKit/605.1.15 (KHTML, like Gecko) Version/18.5 Mobile/15E148 Safari/604.1",0d786b89-a854-4d8e-bfef-b64b9d0ea15c,852,393,eng,2.0,2025-06-23 22:15:25 (Central Daylight Time),38883,2,82.0,28,1.0,True,1263.0,316.0,28,1.0,adolescent,2025-06-16,test,8,,9,7.8333,5,6
projectseed-bds-production,BackwardsDigitSpan-v2.0,10,1,2025-06-23 22:14:46 (Central Daylight Time),"Mozilla/5.0 (iPhone; CPU iPhone OS 18_5 like Mac OS X) AppleWebKit/605.1.15 (KHTML, like Gecko) Version/18.5 Mobile/15E148 Safari/604.1",0d786b89-a854-4d8e-bfef-b64b9d0ea15c,852,393,eng,3.0,2025-06-23 22:15:32 (Central Daylight Time),45672,3,893.0,398,1.0,True,2782.0,700.0,398,0.0,adolescent,2025-06-16,test,8,,9,7.8333,5,6
projectseed-bds-production,BackwardsDigitSpan-v2.0,10,1,2025-06-23 22:14:46 (Central Daylight Time),"Mozilla/5.0 (iPhone; CPU iPhone OS 18_5 like Mac OS X) AppleWebKit/605.1.15 (KHTML, like Gecko) Version/18.5 Mobile/15E148 Safari/604.1",0d786b89-a854-4d8e-bfef-b64b9d0ea15c,852,393,eng,4.0,2025-06-23 22:15:39 (Central Daylight Time),52728,4,5782.0,2875,1.0,True,2046.0,1183.0,2875,0.0,adolescent,2025-06-16,test,8,,9,7.8333,5,6
projectseed-bds-production,BackwardsDigitSpan-v2.0,10,1,2025-06-23 22:14:46 (Central Daylight Time),"Mozilla/5.0 (iPhone; CPU iPhone OS 18_5 like Mac OS X) AppleWebKit/605.1.15 (KHTML, like Gecko) Version/18.5 Mobile/15E148 Safari/604.1",0d786b89-a854-4d8e-bfef-b64b9d0ea15c,852,393,eng,5.0,2025-06-23 22:15:51 (Central Daylight Time),64486,5,72453.0,35427,1.0,False,5750.0,4835.0,35472,1.0,adolescent,2025-06-16,test,8,,9,7.8333,5,6
projectseed-bds-production,BackwardsDigitSpan-v2.0,10,1,2025-06-23 22:14:46 (Central Daylight Time),"Mozilla/5.0 (iPhone; CPU iPhone OS 18_5 like Mac OS X) AppleWebKit/605.1.15 (KHTML, like Gecko) Version/18.5 Mobile/15E148 Safari/604.1",0d786b89-a854-4d8e-bfef-b64b9d0ea15c,852,393,eng,6.0,2025-06-23 22:16:15 (Central Daylight Time),88933,5,83529.0,92538,1.0,True,18434.0,7552.0,92538,0.0,adolescent,2025-06-16,test,8,,9,7.8333,5,6
projectseed-bds-production,BackwardsDigitSpan-v2.0,10,1,2025-06-23 22:14:46 (Central Daylight Time),"Mozilla/5.0 (iPhone; CPU iPhone OS 18_5 like Mac OS X) AppleWebKit/605.1.15 (KHTML, like Gecko) Version/18.5 Mobile/15E148 Safari/604.1",0d786b89-a854-4d8e-bfef-b64b9d0ea15c,852,393,eng,7.0,2025-06-23 22:16:26 (Central Daylight Time),99692,6,503827.0,728305,1.0,False,3747.0,2767.0,728058,1.0,adolescent,2025-06-16,test,8,,9,7.8333,5,6
projectseed-bds-production,BackwardsDigitSpan-v2.0,10,1,2025-06-23 22:14:46 (Central Daylight Time),"Mozilla/5.0 (iPhone; CPU iPhone OS 18_5 like Mac OS X) AppleWebKit/605.1.15 (KHTML, like Gecko) Version/18.5 Mobile/15E148 Safari/604.1",0d786b89-a854-4d8e-bfef-b64b9d0ea15c,852,393,eng,8.0,2025-06-23 22:16:37 (Central Daylight Time),111335,6,960538.0,835069,1.0,False,4632.0,3586.0,835098,0.0,adolescent,2025-06-16,test,8,,9,7.8333,5,6
projectseed-bds-production,BackwardsDigitSpan-v2.0,10,1,2025-06-23 22:14:46 (Central Daylight Time),"Mozilla/5.0 (iPhone; CPU iPhone OS 18_5 like Mac OS X) AppleWebKit/605.1.15 (KHTML, like Gecko) Version/18.5 Mobile/15E148 Safari/604.1",0d786b89-a854-4d8e-bfef-b64b9d0ea15c,852,393,eng,9.0,2025-06-23 22:16:48 (Central Daylight Time),121726,5,61409.0,90416,1.0,False,4379.0,3436.0,90615,2.0,adolescent,2025-06-16,test,8,,9,7.8333,5,6
projectseed-bds-production,BackwardsDigitSpan-v2.0,10,1,2025-06-23 22:14:46 (Central Daylight Time),"Mozilla/5.0 (iPhone; CPU iPhone OS 18_5 like Mac OS X) AppleWebKit/605.1.15 (KHTML, like Gecko) Version/18.5 Mobile/15E148 Safari/604.1",0d786b89-a854-4d8e-bfef-b64b9d0ea15c,852,393,eng,10.0,2025-06-23 22:17:20 (Central Daylight Time),153711,5,46753.0,35764,1.0,True,25974.0,5998.0,35764,0.0,adolescent,2025-06-16,test,8,,9,7.8333,5,6
projectseed-bds-production,BackwardsDigitSpan-v2.0,10,1,2025-06-23 22:14:46 (Central Daylight Time),"Mozilla/5.0 (iPhone; CPU iPhone OS 18_5 like Mac OS X) AppleWebKit/605.1.15 (KHTML, like Gecko) Version/18.5 Mobile/15E148 Safari/604.1",0d786b89-a854-4d8e-bfef-b64b9d0ea15c,852,393,eng,11.0,2025-06-23 22:17:34 (Central Daylight Time),167623,6,807493.0,394708,1.0,True,6900.0,5435.0,394708,2.0,adolescent,2025-06-16,test,8,,9,7.8333,5,6
projectseed-bds-production,BackwardsDigitSpan-v2.0,10,1,2025-06-23 22:14:46 (Central Daylight Time),"Mozilla/5.0 (iPhone; CPU iPhone OS 18_5 like Mac OS X) AppleWebKit/605.1.15 (KHTML, like Gecko) Version/18.5 Mobile/15E148 Safari/604.1",0d786b89-a854-4d8e-bfef-b64b9d0ea15c,852,393,eng,12.0,2025-06-23 22:17:50 (Central Daylight Time),184303,7,7053418.0,8143507,1.0,True,8667.0,6988.0,8143507,1.9999999999708962,adolescent,2025-06-16,test,8,,9,7.8333,5,6
projectseed-bds-production,BackwardsDigitSpan-v2.0,10,1,2025-06-23 22:14:46 (Central Daylight Time),"Mozilla/5.0 (iPhone; CPU iPhone OS 18_5 like Mac OS X) AppleWebKit/605.1.15 (KHTML, like Gecko) Version/18.5 Mobile/15E148 Safari/604.1",0d786b89-a854-4d8e-bfef-b64b9d0ea15c,852,393,eng,13.0,2025-06-23 22:18:08 (Central Daylight Time),201729,8,79830215.0,51203897,1.0,True,8411.0,6968.0,51203897,2.0,adolescent,2025-06-16,test,8,,9,7.8333,5,6
projectseed-bds-production,BackwardsDigitSpan-v2.0,10,1,2025-06-23 22:14:46 (Central Daylight Time),"Mozilla/5.0 (iPhone; CPU iPhone OS 18_5 like Mac OS X) AppleWebKit/605.1.15 (KHTML, like Gecko) Version/18.5 Mobile/15E148 Safari/604.1",0d786b89-a854-4d8e-bfef-b64b9d0ea15c,852,393,eng,14.0,2025-06-23 22:18:32 (Central Daylight Time),225529,9,430629815.0,518926034,1.0,True,13785.0,11587.0,518926034,1.0000000000291038,adolescent,2025-06-16,test,8,,9,7.8333,5,6
projectseed-bds-production,BackwardsDigitSpan-v2.0,10,1,2025-06-24 21:02:03 (Central Daylight Time),"Mozilla/5.0 (iPhone; CPU iPhone OS 18_5 like Mac OS X) AppleWebKit/605.1.15 (KHTML, like Gecko) Version/18.5 Mobile/15E148 Safari/604.1",b7e85b9a-90f5-4020-8c77-0559f3c83064,852,393,eng,-999.0,2025-06-24 21:02:14 (Central Daylight Time),10683,2,38.0,83,0.0,True,2261.0,232.0,83,1.9999999999990905,adolescent,2025-06-16,training,9,,-999,-999.0,-999,-999
projectseed-bds-production,BackwardsDigitSpan-v2.0,10,1,2025-06-24 21:02:03 (Central Daylight Time),"Mozilla/5.0 (iPhone; CPU iPhone OS 18_5 like Mac OS X) AppleWebKit/605.1.15 (KHTML, like Gecko) Version/18.5 Mobile/15E148 Safari/604.1",b7e85b9a-90f5-4020-8c77-0559f3c83064,852,393,eng,-999.0,2025-06-24 21:02:22 (Central Daylight Time),18724,2,24.0,42,0.0,False,3949.0,347.0,43,0.0,adolescent,2025-06-16,training,9,,-999,-999.0,-999,-999
projectseed-bds-production,BackwardsDigitSpan-v2.0,10,1,2025-06-24 21:02:03 (Central Daylight Time),"Mozilla/5.0 (iPhone; CPU iPhone OS 18_5 like Mac OS X) AppleWebKit/605.1.15 (KHTML, like Gecko) Version/18.5 Mobile/15E148 Safari/604.1",b7e85b9a-90f5-4020-8c77-0559f3c83064,852,393,eng,-999.0,2025-06-24 21:02:32 (Central Daylight Time),28565,3,678.0,876,0.0,True,5214.0,481.0,876,0.999999999996362,adolescent,2025-06-16,training,9,,-999,-999.0,-999,-999
projectseed-bds-production,BackwardsDigitSpan-v2.0,10,1,2025-06-24 21:02:03 (Central Daylight Time),"Mozilla/5.0 (iPhone; CPU iPhone OS 18_5 like Mac OS X) AppleWebKit/605.1.15 (KHTML, like Gecko) Version/18.5 Mobile/15E148 Safari/604.1",b7e85b9a-90f5-4020-8c77-0559f3c83064,852,393,eng,-999.0,2025-06-24 21:02:41 (Central Daylight Time),37870,2,12.0,21,0.0,True,5800.0,199.0,21,0.0,adolescent,2025-06-16,training,9,,-999,-999.0,-999,-999
projectseed-bds-production,BackwardsDigitSpan-v2.0,10,1,2025-06-24 21:02:03 (Central Daylight Time),"Mozilla/5.0 (iPhone; CPU iPhone OS 18_5 like Mac OS X) AppleWebKit/605.1.15 (KHTML, like Gecko) Version/18.5 Mobile/15E148 Safari/604.1",b7e85b9a-90f5-4020-8c77-0559f3c83064,852,393,eng,-999.0,2025-06-24 21:02:50 (Central Daylight Time),46325,2,36.0,63,0.0,False,4831.0,278.0,31,1.0,adolescent,2025-06-16,training,9,,-999,-999.0,-999,-999
projectseed-bds-production,BackwardsDigitSpan-v2.0,10,1,2025-06-24 23:30:27 (Central Daylight Time),"Mozilla/5.0 (iPhone; CPU iPhone OS 18_5 like Mac OS X) AppleWebKit/605.1.15 (KHTML, like Gecko) Version/18.5 Mobile/15E148 Safari/604.1",247cfcee-e168-4bdd-84ae-0e0477656ac6,852,393,eng,-999.0,2025-06-24 23:30:38 (Central Daylight Time),10637,2,38.0,83,0.0,True,1728.0,566.0,83,0.0,adolescent,2025-06-16,training,9,,5,4.3333,5,6
projectseed-bds-production,BackwardsDigitSpan-v2.0,10,1,2025-06-24 23:30:27 (Central Daylight Time),"Mozilla/5.0 (iPhone; CPU iPhone OS 18_5 like Mac OS X) AppleWebKit/605.1.15 (KHTML, like Gecko) Version/18.5 Mobile/15E148 Safari/604.1",247cfcee-e168-4bdd-84ae-0e0477656ac6,852,393,eng,-999.0,2025-06-24 23:30:45 (Central Daylight Time),17376,2,24.0,42,0.0,False,2964.0,1769.0,21,0.0,adolescent,2025-06-16,training,9,,5,4.3333,5,6
projectseed-bds-production,BackwardsDigitSpan-v2.0,10,1,2025-06-24 23:30:27 (Central Daylight Time),"Mozilla/5.0 (iPhone; CPU iPhone OS 18_5 like Mac OS X) AppleWebKit/605.1.15 (KHTML, like Gecko) Version/18.5 Mobile/15E148 Safari/604.1",247cfcee-e168-4bdd-84ae-0e0477656ac6,852,393,eng,-999.0,2025-06-24 23:30:54 (Central Daylight Time),26282,3,678.0,876,0.0,True,1732.0,734.0,876,1.000000000003638,adolescent,2025-06-16,training,9,,5,4.3333,5,6
projectseed-bds-production,BackwardsDigitSpan-v2.0,10,1,2025-06-24 23:30:27 (Central Daylight Time),"Mozilla/5.0 (iPhone; CPU iPhone OS 18_5 like Mac OS X) AppleWebKit/605.1.15 (KHTML, like Gecko) Version/18.5 Mobile/15E148 Safari/604.1",247cfcee-e168-4bdd-84ae-0e0477656ac6,852,393,eng,-999.0,2025-06-24 23:30:59 (Central Daylight Time),32021,2,12.0,21,0.0,True,1797.0,299.0,21,0.999999999996362,adolescent,2025-06-16,training,9,,5,4.3333,5,6
projectseed-bds-production,BackwardsDigitSpan-v2.0,10,1,2025-06-24 23:30:27 (Central Daylight Time),"Mozilla/5.0 (iPhone; CPU iPhone OS 18_5 like Mac OS X) AppleWebKit/605.1.15 (KHTML, like Gecko) Version/18.5 Mobile/15E148 Safari/604.1",247cfcee-e168-4bdd-84ae-0e0477656ac6,852,393,eng,-999.0,2025-06-24 23:31:05 (Central Daylight Time),37975,2,36.0,63,0.0,True,2232.0,684.0,63,0.0,adolescent,2025-06-16,training,9,,5,4.3333,5,6
projectseed-bds-production,BackwardsDigitSpan-v2.0,10,1,2025-06-24 23:30:27 (Central Daylight Time),"Mozilla/5.0 (iPhone; CPU iPhone OS 18_5 like Mac OS X) AppleWebKit/605.1.15 (KHTML, like Gecko) Version/18.5 Mobile/15E148 Safari/604.1",247cfcee-e168-4bdd-84ae-0e0477656ac6,852,393,eng,1.0,2025-06-24 23:31:13 (Central Daylight Time),45714,2,35.0,53,1.0,True,1780.0,483.0,53,2.0,adolescent,2025-06-16,test,9,,5,4.3333,5,6
projectseed-bds-production,BackwardsDigitSpan-v2.0,10,1,2025-06-24 23:30:27 (Central Daylight Time),"Mozilla/5.0 (iPhone; CPU iPhone OS 18_5 like Mac OS X) AppleWebKit/605.1.15 (KHTML, like Gecko) Version/18.5 Mobile/15E148 Safari/604.1",247cfcee-e168-4bdd-84ae-0e0477656ac6,852,393,eng,2.0,2025-06-24 23:31:21 (Central Daylight Time),53471,3,374.0,473,1.0,False,3749.0,683.0,471,0.0,adolescent,2025-06-16,test,9,,5,4.3333,5,6
projectseed-bds-production,BackwardsDigitSpan-v2.0,10,1,2025-06-24 23:30:27 (Central Daylight Time),"Mozilla/5.0 (iPhone; CPU iPhone OS 18_5 like Mac OS X) AppleWebKit/605.1.15 (KHTML, like Gecko) Version/18.5 Mobile/15E148 Safari/604.1",247cfcee-e168-4bdd-84ae-0e0477656ac6,852,393,eng,3.0,2025-06-24 23:31:26 (Central Daylight Time),59058,3,472.0,274,1.0,True,1580.0,750.0,274,0.0,adolescent,2025-06-16,test,9,,5,4.3333,5,6
projectseed-bds-production,BackwardsDigitSpan-v2.0,10,1,2025-06-24 23:30:27 (Central Daylight Time),"Mozilla/5.0 (iPhone; CPU iPhone OS 18_5 like Mac OS X) AppleWebKit/605.1.15 (KHTML, like Gecko) Version/18.5 Mobile/15E148 Safari/604.1",247cfcee-e168-4bdd-84ae-0e0477656ac6,852,393,eng,4.0,2025-06-24 23:31:34 (Central Daylight Time),66995,4,4279.0,9724,1.0,True,2929.0,1599.0,9724,1.0,adolescent,2025-06-16,test,9,,5,4.3333,5,6
projectseed-bds-production,BackwardsDigitSpan-v2.0,10,1,2025-06-24 23:30:27 (Central Daylight Time),"Mozilla/5.0 (iPhone; CPU iPhone OS 18_5 like Mac OS X) AppleWebKit/605.1.15 (KHTML, like Gecko) Version/18.5 Mobile/15E148 Safari/604.1",247cfcee-e168-4bdd-84ae-0e0477656ac6,852,393,eng,5.0,2025-06-24 23:31:44 (Central Daylight Time),76254,5,46759.0,95764,1.0,False,3247.0,2168.0,97542,2.0,adolescent,2025-06-16,test,9,,5,4.3333,5,6
projectseed-bds-production,BackwardsDigitSpan-v2.0,10,1,2025-06-24 23:30:27 (Central Daylight Time),"Mozilla/5.0 (iPhone; CPU iPhone OS 18_5 like Mac OS X) AppleWebKit/605.1.15 (KHTML, like Gecko) Version/18.5 Mobile/15E148 Safari/604.1",247cfcee-e168-4bdd-84ae-0e0477656ac6,852,393,eng,6.0,2025-06-24 23:31:54 (Central Daylight Time),86527,5,17824.0,42871,1.0,True,4263.0,1850.0,42871,1.999999999985448,adolescent,2025-06-16,test,9,,5,4.3333,5,6
projectseed-bds-production,BackwardsDigitSpan-v2.0,10,1,2025-06-24 23:30:27 (Central Daylight Time),"Mozilla/5.0 (iPhone; CPU iPhone OS 18_5 like Mac OS X) AppleWebKit/605.1.15 (KHTML, like Gecko) Version/18.5 Mobile/15E148 Safari/604.1",247cfcee-e168-4bdd-84ae-0e0477656ac6,852,393,eng,7.0,2025-06-24 23:32:07 (Central Daylight Time),100104,6,309156.0,651903,1.0,False,6563.0,4952.0,567901,1.0,adolescent,2025-06-16,test,9,,5,4.3333,5,6
projectseed-bds-production,BackwardsDigitSpan-v2.0,10,1,2025-06-24 23:30:27 (Central Daylight Time),"Mozilla/5.0 (iPhone; CPU iPhone OS 18_5 like Mac OS X) AppleWebKit/605.1.15 (KHTML, like Gecko) Version/18.5 Mobile/15E148 Safari/604.1",247cfcee-e168-4bdd-84ae-0e0477656ac6,852,393,eng,8.0,2025-06-24 23:32:19 (Central Daylight Time),111213,6,873025.0,520378,1.0,False,4096.0,2234.0,502831,2.000000000014552,adolescent,2025-06-16,test,9,,5,4.3333,5,6
projectseed-bds-production,BackwardsDigitSpan-v2.0,10,1,2025-06-24 23:30:27 (Central Daylight Time),"Mozilla/5.0 (iPhone; CPU iPhone OS 18_5 like Mac OS X) AppleWebKit/605.1.15 (KHTML, like Gecko) Version/18.5 Mobile/15E148 Safari/604.1",247cfcee-e168-4bdd-84ae-0e0477656ac6,852,393,eng,9.0,2025-06-24 23:32:30 (Central Daylight Time),122655,5,57926.0,62975,1.0,False,5430.0,3851.0,56792,2.0,adolescent,2025-06-16,test,9,,5,4.3333,5,6
projectseed-bds-production,BackwardsDigitSpan-v2.0,10,1,2025-06-24 23:30:27 (Central Daylight Time),"Mozilla/5.0 (iPhone; CPU iPhone OS 18_5 like Mac OS X) AppleWebKit/605.1.15 (KHTML, like Gecko) Version/18.5 Mobile/15E148 Safari/604.1",247cfcee-e168-4bdd-84ae-0e0477656ac6,852,393,eng,10.0,2025-06-24 23:32:41 (Central Daylight Time),133330,5,31657.0,75613,1.0,False,4665.0,3302.0,75631,1.999999999985448,adolescent,2025-06-16,test,9,,5,4.3333,5,6
projectseed-bds-production,BackwardsDigitSpan-v2.0,10,1,2025-06-24 23:30:27 (Central Daylight Time),"Mozilla/5.0 (iPhone; CPU iPhone OS 18_5 like Mac OS X) AppleWebKit/605.1.15 (KHTML, like Gecko) Version/18.5 Mobile/15E148 Safari/604.1",247cfcee-e168-4bdd-84ae-0e0477656ac6,852,393,eng,11.0,2025-06-24 23:32:49 (Central Daylight Time),141903,4,1876.0,6781,1.0,True,3564.0,1049.0,6781,1.0,adolescent,2025-06-16,test,9,,5,4.3333,5,6
projectseed-bds-production,BackwardsDigitSpan-v2.0,10,1,2025-06-24 23:30:27 (Central Daylight Time),"Mozilla/5.0 (iPhone; CPU iPhone OS 18_5 like Mac OS X) AppleWebKit/605.1.15 (KHTML, like Gecko) Version/18.5 Mobile/15E148 Safari/604.1",247cfcee-e168-4bdd-84ae-0e0477656ac6,852,393,eng,12.0,2025-06-24 23:32:59 (Central Daylight Time),151412,5,85413.0,31458,1.0,False,3498.0,2519.0,31548,2.0,adolescent,2025-06-16,test,9,,5,4.3333,5,6
projectseed-bds-production,BackwardsDigitSpan-v2.0,10,1,2025-06-24 23:30:27 (Central Daylight Time),"Mozilla/5.0 (iPhone; CPU iPhone OS 18_5 like Mac OS X) AppleWebKit/605.1.15 (KHTML, like Gecko) Version/18.5 Mobile/15E148 Safari/604.1",247cfcee-e168-4bdd-84ae-0e0477656ac6,852,393,eng,13.0,2025-06-24 23:33:08 (Central Daylight Time),161051,5,50142.0,24105,1.0,True,3627.0,2683.0,24105,1.0,adolescent,2025-06-16,test,9,,5,4.3333,5,6
projectseed-bds-production,BackwardsDigitSpan-v2.0,10,1,2025-06-24 23:30:27 (Central Daylight Time),"Mozilla/5.0 (iPhone; CPU iPhone OS 18_5 like Mac OS X) AppleWebKit/605.1.15 (KHTML, like Gecko) Version/18.5 Mobile/15E148 Safari/604.1",247cfcee-e168-4bdd-84ae-0e0477656ac6,852,393,eng,14.0,2025-06-24 23:33:20 (Central Daylight Time),172644,6,347681.0,186743,1.0,False,4580.0,3769.0,168743,3.0,adolescent,2025-06-16,test,9,,5,4.3333,5,6
projectseed-bds-production,BackwardsDigitSpan-v2.0,10,1,2025-06-25 21:08:34 (Central Daylight Time),"Mozilla/5.0 (iPhone; CPU iPhone OS 18_5 like Mac OS X) AppleWebKit/605.1.15 (KHTML, like Gecko) Version/18.5 Mobile/15E148 Safari/604.1",542cba74-75bf-47a4-b7e6-12a72a09fc3d,852,393,eng,-999.0,2025-06-25 21:08:45 (Central Daylight Time),11469,2,18.0,81,0.0,True,1972.0,446.0,81,0.0,adolescent,2025-06-16,training,10,,4,3.5357,4,5
projectseed-bds-production,BackwardsDigitSpan-v2.0,10,1,2025-06-25 21:08:34 (Central Daylight Time),"Mozilla/5.0 (iPhone; CPU iPhone OS 18_5 like Mac OS X) AppleWebKit/605.1.15 (KHTML, like Gecko) Version/18.5 Mobile/15E148 Safari/604.1",542cba74-75bf-47a4-b7e6-12a72a09fc3d,852,393,eng,-999.0,2025-06-25 21:08:52 (Central Daylight Time),17874,2,49.0,94,0.0,True,2213.0,653.0,94,1.0,adolescent,2025-06-16,training,10,,4,3.5357,4,5
projectseed-bds-production,BackwardsDigitSpan-v2.0,10,1,2025-06-25 21:08:34 (Central Daylight Time),"Mozilla/5.0 (iPhone; CPU iPhone OS 18_5 like Mac OS X) AppleWebKit/605.1.15 (KHTML, like Gecko) Version/18.5 Mobile/15E148 Safari/604.1",542cba74-75bf-47a4-b7e6-12a72a09fc3d,852,393,eng,-999.0,2025-06-25 21:09:00 (Central Daylight Time),26414,3,382.0,283,0.0,False,3395.0,580.0,382,1.0,adolescent,2025-06-16,training,10,,4,3.5357,4,5
projectseed-bds-production,BackwardsDigitSpan-v2.0,10,1,2025-06-25 21:08:34 (Central Daylight Time),"Mozilla/5.0 (iPhone; CPU iPhone OS 18_5 like Mac OS X) AppleWebKit/605.1.15 (KHTML, like Gecko) Version/18.5 Mobile/15E148 Safari/604.1",542cba74-75bf-47a4-b7e6-12a72a09fc3d,852,393,eng,-999.0,2025-06-25 21:09:05 (Central Daylight Time),31350,2,48.0,84,0.0,True,1242.0,231.0,84,0.0,adolescent,2025-06-16,training,10,,4,3.5357,4,5
projectseed-bds-production,BackwardsDigitSpan-v2.0,10,1,2025-06-25 21:08:34 (Central Daylight Time),"Mozilla/5.0 (iPhone; CPU iPhone OS 18_5 like Mac OS X) AppleWebKit/605.1.15 (KHTML, like Gecko) Version/18.5 Mobile/15E148 Safari/604.1",542cba74-75bf-47a4-b7e6-12a72a09fc3d,852,393,eng,-999.0,2025-06-25 21:09:11 (Central Daylight Time),36855,2,92.0,29,0.0,True,1811.0,329.0,29,1.0,adolescent,2025-06-16,training,10,,4,3.5357,4,5
projectseed-bds-production,BackwardsDigitSpan-v2.0,10,1,2025-06-25 21:08:34 (Central Daylight Time),"Mozilla/5.0 (iPhone; CPU iPhone OS 18_5 like Mac OS X) AppleWebKit/605.1.15 (KHTML, like Gecko) Version/18.5 Mobile/15E148 Safari/604.1",542cba74-75bf-47a4-b7e6-12a72a09fc3d,852,393,eng,1.0,2025-06-25 21:09:16 (Central Daylight Time),42208,2,63.0,36,1.0,True,1529.0,566.0,36,0.0,adolescent,2025-06-16,test,10,,4,3.5357,4,5
projectseed-bds-production,BackwardsDigitSpan-v2.0,10,1,2025-06-25 21:08:34 (Central Daylight Time),"Mozilla/5.0 (iPhone; CPU iPhone OS 18_5 like Mac OS X) AppleWebKit/605.1.15 (KHTML, like Gecko) Version/18.5 Mobile/15E148 Safari/604.1",542cba74-75bf-47a4-b7e6-12a72a09fc3d,852,393,eng,2.0,2025-06-25 21:09:22 (Central Daylight Time),48581,3,743.0,347,1.0,False,2365.0,1234.0,743,1.0,adolescent,2025-06-16,test,10,,4,3.5357,4,5
projectseed-bds-production,BackwardsDigitSpan-v2.0,10,1,2025-06-25 21:08:34 (Central Daylight Time),"Mozilla/5.0 (iPhone; CPU iPhone OS 18_5 like Mac OS X) AppleWebKit/605.1.15 (KHTML, like Gecko) Version/18.5 Mobile/15E148 Safari/604.1",542cba74-75bf-47a4-b7e6-12a72a09fc3d,852,393,eng,3.0,2025-06-25 21:09:28 (Central Daylight Time),54535,3,107.0,701,1.0,True,1947.0,1084.0,701,0.0,adolescent,2025-06-16,test,10,,4,3.5357,4,5
projectseed-bds-production,BackwardsDigitSpan-v2.0,10,1,2025-06-25 21:08:34 (Central Daylight Time),"Mozilla/5.0 (iPhone; CPU iPhone OS 18_5 like Mac OS X) AppleWebKit/605.1.15 (KHTML, like Gecko) Version/18.5 Mobile/15E148 Safari/604.1",542cba74-75bf-47a4-b7e6-12a72a09fc3d,852,393,eng,4.0,2025-06-25 21:09:36 (Central Daylight Time),62557,4,4816.0,6184,1.0,False,3012.0,1666.0,6148,0.0,adolescent,2025-06-16,test,10,,4,3.5357,4,5
projectseed-bds-production,BackwardsDigitSpan-v2.0,10,1,2025-06-25 21:08:34 (Central Daylight Time),"Mozilla/5.0 (iPhone; CPU iPhone OS 18_5 like Mac OS X) AppleWebKit/605.1.15 (KHTML, like Gecko) Version/18.5 Mobile/15E148 Safari/604.1",542cba74-75bf-47a4-b7e6-12a72a09fc3d,852,393,eng,5.0,2025-06-25 21:09:44 (Central Daylight Time),70581,4,6481.0,1846,1.0,True,3016.0,1585.0,1846,1.0,adolescent,2025-06-16,test,10,,4,3.5357,4,5
projectseed-bds-production,BackwardsDigitSpan-v2.0,10,1,2025-06-25 21:08:34 (Central Daylight Time),"Mozilla/5.0 (iPhone; CPU iPhone OS 18_5 like Mac OS X) AppleWebKit/605.1.15 (KHTML, like Gecko) Version/18.5 Mobile/15E148 Safari/604.1",542cba74-75bf-47a4-b7e6-12a72a09fc3d,852,393,eng,6.0,2025-06-25 21:09:55 (Central Daylight Time),81140,5,38725.0,52783,1.0,False,4548.0,2753.0,52738,2.0,adolescent,2025-06-16,test,10,,4,3.5357,4,5
projectseed-bds-production,BackwardsDigitSpan-v2.0,10,1,2025-06-25 21:08:34 (Central Daylight Time),"Mozilla/5.0 (iPhone; CPU iPhone OS 18_5 like Mac OS X) AppleWebKit/605.1.15 (KHTML, like Gecko) Version/18.5 Mobile/15E148 Safari/604.1",542cba74-75bf-47a4-b7e6-12a72a09fc3d,852,393,eng,7.0,2025-06-25 21:10:05 (Central Daylight Time),90877,5,40627.0,72604,1.0,False,3730.0,2748.0,70246,4.0,adolescent,2025-06-16,test,10,,4,3.5357,4,5
projectseed-bds-production,BackwardsDigitSpan-v2.0,10,1,2025-06-25 21:08:34 (Central Daylight Time),"Mozilla/5.0 (iPhone; CPU iPhone OS 18_5 like Mac OS X) AppleWebKit/605.1.15 (KHTML, like Gecko) Version/18.5 Mobile/15E148 Safari/604.1",542cba74-75bf-47a4-b7e6-12a72a09fc3d,852,393,eng,8.0,2025-06-25 21:10:14 (Central Daylight Time),99971,4,8641.0,1468,1.0,False,4087.0,2736.0,1486,0.9999999999854481,adolescent,2025-06-16,test,10,,4,3.5357,4,5
projectseed-bds-production,BackwardsDigitSpan-v2.0,10,1,2025-06-25 21:08:34 (Central Daylight Time),"Mozilla/5.0 (iPhone; CPU iPhone OS 18_5 like Mac OS X) AppleWebKit/605.1.15 (KHTML, like Gecko) Version/18.5 Mobile/15E148 Safari/604.1",542cba74-75bf-47a4-b7e6-12a72a09fc3d,852,393,eng,9.0,2025-06-25 21:10:22 (Central Daylight Time),107893,4,2573.0,3752,1.0,False,2913.0,1900.0,3754,2.0,adolescent,2025-06-16,test,10,,4,3.5357,4,5
projectseed-bds-production,BackwardsDigitSpan-v2.0,10,1,2025-06-25 21:08:34 (Central Daylight Time),"Mozilla/5.0 (iPhone; CPU iPhone OS 18_5 like Mac OS X) AppleWebKit/605.1.15 (KHTML, like Gecko) Version/18.5 Mobile/15E148 Safari/604.1",542cba74-75bf-47a4-b7e6-12a72a09fc3d,852,393,eng,10.0,2025-06-25 21:10:28 (Central Daylight Time),113947,3,901.0,109,1.0,True,2047.0,1116.0,109,0.9999999999854481,adolescent,2025-06-16,test,10,,4,3.5357,4,5
projectseed-bds-production,BackwardsDigitSpan-v2.0,10,1,2025-06-25 21:08:34 (Central Daylight Time),"Mozilla/5.0 (iPhone; CPU iPhone OS 18_5 like Mac OS X) AppleWebKit/605.1.15 (KHTML, like Gecko) Version/18.5 Mobile/15E148 Safari/604.1",542cba74-75bf-47a4-b7e6-12a72a09fc3d,852,393,eng,11.0,2025-06-25 21:10:36 (Central Daylight Time),122053,4,2684.0,4862,1.0,False,3097.0,1566.0,4826,0.0,adolescent,2025-06-16,test,10,,4,3.5357,4,5
projectseed-bds-production,BackwardsDigitSpan-v2.0,10,1,2025-06-25 21:08:34 (Central Daylight Time),"Mozilla/5.0 (iPhone; CPU iPhone OS 18_5 like Mac OS X) AppleWebKit/605.1.15 (KHTML, like Gecko) Version/18.5 Mobile/15E148 Safari/604.1",542cba74-75bf-47a4-b7e6-12a72a09fc3d,852,393,eng,12.0,2025-06-25 21:10:45 (Central Daylight Time),131512,4,8526.0,6258,1.0,False,4449.0,2636.0,2850,0.0,adolescent,2025-06-16,test,10,,4,3.5357,4,5
projectseed-bds-production,BackwardsDigitSpan-v2.0,10,1,2025-06-25 21:08:34 (Central Daylight Time),"Mozilla/5.0 (iPhone; CPU iPhone OS 18_5 like Mac OS X) AppleWebKit/605.1.15 (KHTML, like Gecko) Version/18.5 Mobile/15E148 Safari/604.1",542cba74-75bf-47a4-b7e6-12a72a09fc3d,852,393,eng,13.0,2025-06-25 21:10:52 (Central Daylight Time),138151,3,526.0,625,1.0,True,2633.0,1084.0,625,1.0,adolescent,2025-06-16,test,10,,4,3.5357,4,5
projectseed-bds-production,BackwardsDigitSpan-v2.0,10,1,2025-06-25 21:08:34 (Central Daylight Time),"Mozilla/5.0 (iPhone; CPU iPhone OS 18_5 like Mac OS X) AppleWebKit/605.1.15 (KHTML, like Gecko) Version/18.5 Mobile/15E148 Safari/604.1",542cba74-75bf-47a4-b7e6-12a72a09fc3d,852,393,eng,14.0,2025-06-25 21:11:00 (Central Daylight Time),146524,4,8105.0,5018,1.0,True,3363.0,1700.0,5018,1.0,adolescent,2025-06-16,test,10,,4,3.5357,4,5
projectseed-bds-production,BackwardsDigitSpan-v2.0,10,1,2025-06-26 23:32:03 (Central Daylight Time),"Mozilla/5.0 (iPhone; CPU iPhone OS 18_5 like Mac OS X) AppleWebKit/605.1.15 (KHTML, like Gecko) Version/18.5 Mobile/15E148 Safari/604.1",1875f6f8-881d-4767-bedf-fd9bdde839b6,852,393,eng,-999.0,2025-06-26 23:32:23 (Central Daylight Time),20491,2,76.0,67,0.0,True,2735.0,215.0,67,0.0,adolescent,2025-06-16,training,11,,10,9.0,10,12
projectseed-bds-production,BackwardsDigitSpan-v2.0,10,1,2025-06-26 23:32:03 (Central Daylight Time),"Mozilla/5.0 (iPhone; CPU iPhone OS 18_5 like Mac OS X) AppleWebKit/605.1.15 (KHTML, like Gecko) Version/18.5 Mobile/15E148 Safari/604.1",1875f6f8-881d-4767-bedf-fd9bdde839b6,852,393,eng,-999.0,2025-06-26 23:32:28 (Central Daylight Time),25360,2,13.0,31,0.0,True,1120.0,238.0,31,1.000000000003638,adolescent,2025-06-16,training,11,,10,9.0,10,12
projectseed-bds-production,BackwardsDigitSpan-v2.0,10,1,2025-06-26 23:32:03 (Central Daylight Time),"Mozilla/5.0 (iPhone; CPU iPhone OS 18_5 like Mac OS X) AppleWebKit/605.1.15 (KHTML, like Gecko) Version/18.5 Mobile/15E148 Safari/604.1",1875f6f8-881d-4767-bedf-fd9bdde839b6,852,393,eng,-999.0,2025-06-26 23:32:35 (Central Daylight Time),31574,3,731.0,137,0.0,True,1570.0,675.0,137,1.0,adolescent,2025-06-16,training,11,,10,9.0,10,12
projectseed-bds-production,BackwardsDigitSpan-v2.0,10,1,2025-06-26 23:32:03 (Central Daylight Time),"Mozilla/5.0 (iPhone; CPU iPhone OS 18_5 like Mac OS X) AppleWebKit/605.1.15 (KHTML, like Gecko) Version/18.5 Mobile/15E148 Safari/604.1",1875f6f8-881d-4767-bedf-fd9bdde839b6,852,393,eng,1.0,2025-06-26 23:32:40 (Central Daylight Time),37257,2,13.0,31,1.0,False,1993.0,727.0,12,0.0,adolescent,2025-06-16,test,11,,10,9.0,10,12
projectseed-bds-production,BackwardsDigitSpan-v2.0,10,1,2025-06-26 23:32:03 (Central Daylight Time),"Mozilla/5.0 (iPhone; CPU iPhone OS 18_5 like Mac OS X) AppleWebKit/605.1.15 (KHTML, like Gecko) Version/18.5 Mobile/15E148 Safari/604.1",1875f6f8-881d-4767-bedf-fd9bdde839b6,852,393,eng,2.0,2025-06-26 23:32:45 (Central Daylight Time),41549,2,72.0,27,1.0,True,1286.0,249.0,27,2.0,adolescent,2025-06-16,test,11,,10,9.0,10,12
projectseed-bds-production,BackwardsDigitSpan-v2.0,10,1,2025-06-26 23:32:03 (Central Daylight Time),"Mozilla/5.0 (iPhone; CPU iPhone OS 18_5 like Mac OS X) AppleWebKit/605.1.15 (KHTML, like Gecko) Version/18.5 Mobile/15E148 Safari/604.1",1875f6f8-881d-4767-bedf-fd9bdde839b6,852,393,eng,3.0,2025-06-26 23:32:51 (Central Daylight Time),48516,3,291.0,192,1.0,False,2958.0,993.0,291,0.0,adolescent,2025-06-16,test,11,,10,9.0,10,12
projectseed-bds-production,BackwardsDigitSpan-v2.0,10,1,2025-06-26 23:32:03 (Central Daylight Time),"Mozilla/5.0 (iPhone; CPU iPhone OS 18_5 like Mac OS X) AppleWebKit/605.1.15 (KHTML, like Gecko) Version/18.5 Mobile/15E148 Safari/604.1",1875f6f8-881d-4767-bedf-fd9bdde839b6,852,393,eng,4.0,2025-06-26 23:32:58 (Central Daylight Time),54960,3,289.0,982,1.0,True,2438.0,517.0,982,1.0,adolescent,2025-06-16,test,11,,10,9.0,10,12
projectseed-bds-production,BackwardsDigitSpan-v2.0,10,1,2025-06-26 23:32:03 (Central Daylight Time),"Mozilla/5.0 (iPhone; CPU iPhone OS 18_5 like Mac OS X) AppleWebKit/605.1.15 (KHTML, like Gecko) Version/18.5 Mobile/15E148 Safari/604.1",1875f6f8-881d-4767-bedf-fd9bdde839b6,852,393,eng,5.0,2025-06-26 23:33:05 (Central Daylight Time),62240,4,1724.0,4271,1.0,True,2270.0,869.0,4271,2.0,adolescent,2025-06-16,test,11,,10,9.0,10,12
projectseed-bds-production,BackwardsDigitSpan-v2.0,10,1,2025-06-26 23:32:03 (Central Daylight Time),"Mozilla/5.0 (iPhone; CPU iPhone OS 18_5 like Mac OS X) AppleWebKit/605.1.15 (KHTML, like Gecko) Version/18.5 Mobile/15E148 Safari/604.1",1875f6f8-881d-4767-bedf-fd9bdde839b6,852,393,eng,6.0,2025-06-26 23:33:18 (Central Daylight Time),74720,5,57364.0,46375,1.0,True,6471.0,5161.0,46375,0.999999999992724,adolescent,2025-06-16,test,11,,10,9.0,10,12
projectseed-bds-production,BackwardsDigitSpan-v2.0,10,1,2025-06-26 23:32:03 (Central Daylight Time),"Mozilla/5.0 (iPhone; CPU iPhone OS 18_5 like Mac OS X) AppleWebKit/605.1.15 (KHTML, like Gecko) Version/18.5 Mobile/15E148 Safari/604.1",1875f6f8-881d-4767-bedf-fd9bdde839b6,852,393,eng,7.0,2025-06-26 23:33:32 (Central Daylight Time),88756,6,601725.0,527106,1.0,True,7025.0,5370.0,527106,2.0,adolescent,2025-06-16,test,11,,10,9.0,10,12
projectseed-bds-production,BackwardsDigitSpan-v2.0,10,1,2025-06-26 23:32:03 (Central Daylight Time),"Mozilla/5.0 (iPhone; CPU iPhone OS 18_5 like Mac OS X) AppleWebKit/605.1.15 (KHTML, like Gecko) Version/18.5 Mobile/15E148 Safari/604.1",1875f6f8-881d-4767-bedf-fd9bdde839b6,852,393,eng,8.0,2025-06-26 23:33:51 (Central Daylight Time),107617,7,1789463.0,3649871,1.0,True,10850.0,9086.0,3649871,2.0,adolescent,2025-06-16,test,11,,10,9.0,10,12
projectseed-bds-production,BackwardsDigitSpan-v2.0,10,1,2025-06-26 23:32:03 (Central Daylight Time),"Mozilla/5.0 (iPhone; CPU iPhone OS 18_5 like Mac OS X) AppleWebKit/605.1.15 (KHTML, like Gecko) Version/18.5 Mobile/15E148 Safari/604.1",1875f6f8-881d-4767-bedf-fd9bdde839b6,852,393,eng,9.0,2025-06-26 23:34:10 (Central Daylight Time),127121,8,15847203.0,30274851,1.0,True,10489.0,8749.0,30274851,3.0,adolescent,2025-06-16,test,11,,10,9.0,10,12
projectseed-bds-production,BackwardsDigitSpan-v2.0,10,1,2025-06-26 23:32:03 (Central Daylight Time),"Mozilla/5.0 (iPhone; CPU iPhone OS 18_5 like Mac OS X) AppleWebKit/605.1.15 (KHTML, like Gecko) Version/18.5 Mobile/15E148 Safari/604.1",1875f6f8-881d-4767-bedf-fd9bdde839b6,852,393,eng,10.0,2025-06-26 23:34:32 (Central Daylight Time),148568,9,254638109.0,901836452,1.0,False,11431.0,9710.0,901836324,3.999999999970896,adolescent,2025-06-16,test,11,,10,9.0,10,12
projectseed-bds-production,BackwardsDigitSpan-v2.0,10,1,2025-06-26 23:32:03 (Central Daylight Time),"Mozilla/5.0 (iPhone; CPU iPhone OS 18_5 like Mac OS X) AppleWebKit/605.1.15 (KHTML, like Gecko) Version/18.5 Mobile/15E148 Safari/604.1",1875f6f8-881d-4767-bedf-fd9bdde839b6,852,393,eng,11.0,2025-06-26 23:34:52 (Central Daylight Time),168796,9,543761892.0,298167345,1.0,True,10212.0,8202.0,298167345,4.000000000029104,adolescent,2025-06-16,test,11,,10,9.0,10,12
projectseed-bds-production,BackwardsDigitSpan-v2.0,10,1,2025-06-26 23:32:03 (Central Daylight Time),"Mozilla/5.0 (iPhone; CPU iPhone OS 18_5 like Mac OS X) AppleWebKit/605.1.15 (KHTML, like Gecko) Version/18.5 Mobile/15E148 Safari/604.1",1875f6f8-881d-4767-bedf-fd9bdde839b6,852,393,eng,12.0,2025-06-26 23:35:15 (Central Daylight Time),192097,10,1273485906.0,6095843721,1.0,True,12283.0,9246.0,6095843721,3.0,adolescent,2025-06-16,test,11,,10,9.0,10,12
projectseed-bds-production,BackwardsDigitSpan-v2.0,10,1,2025-06-26 23:32:03 (Central Daylight Time),"Mozilla/5.0 (iPhone; CPU iPhone OS 18_5 like Mac OS X) AppleWebKit/605.1.15 (KHTML, like Gecko) Version/18.5 Mobile/15E148 Safari/604.1",1875f6f8-881d-4767-bedf-fd9bdde839b6,852,393,eng,13.0,2025-06-26 23:35:41 (Central Daylight Time),217580,11,46535410712.0,21701453564,1.0,False,13463.0,11468.0,21704453454,4.0,adolescent,2025-06-16,test,11,,10,9.0,10,12
projectseed-bds-production,BackwardsDigitSpan-v2.0,10,1,2025-06-26 23:32:03 (Central Daylight Time),"Mozilla/5.0 (iPhone; CPU iPhone OS 18_5 like Mac OS X) AppleWebKit/605.1.15 (KHTML, like Gecko) Version/18.5 Mobile/15E148 Safari/604.1",1875f6f8-881d-4767-bedf-fd9bdde839b6,852,393,eng,14.0,2025-06-26 23:36:10 (Central Daylight Time),247444,11,71049102367.0,76320194017,1.0,False,17845.0,15936.0,76320794017,4.000000000029104,adolescent,2025-06-16,test,11,,10,9.0,10,12
projectseed-bds-production,BackwardsDigitSpan-v2.0,10,1,2025-06-27 22:41:42 (Central Daylight Time),"Mozilla/5.0 (iPhone; CPU iPhone OS 18_5 like Mac OS X) AppleWebKit/605.1.15 (KHTML, like Gecko) Version/18.5 Mobile/15E148 Safari/604.1",6addeb86-bf6b-4861-a33f-d7ba66e40c2d,852,393,eng,-999.0,2025-06-27 22:41:53 (Central Daylight Time),10175,2,29.0,92,0.0,True,2159.0,450.0,92,1.0,adolescent,2025-06-16,training,12,,11,10.5,3,2
projectseed-bds-production,BackwardsDigitSpan-v2.0,10,1,2025-06-27 22:41:42 (Central Daylight Time),"Mozilla/5.0 (iPhone; CPU iPhone OS 18_5 like Mac OS X) AppleWebKit/605.1.15 (KHTML, like Gecko) Version/18.5 Mobile/15E148 Safari/604.1",6addeb86-bf6b-4861-a33f-d7ba66e40c2d,852,393,eng,-999.0,2025-06-27 22:41:58 (Central Daylight Time),15978,2,37.0,73,0.0,False,2180.0,919.0,37,0.0,adolescent,2025-06-16,training,12,,11,10.5,3,2
projectseed-bds-production,BackwardsDigitSpan-v2.0,10,1,2025-06-27 22:41:42 (Central Daylight Time),"Mozilla/5.0 (iPhone; CPU iPhone OS 18_5 like Mac OS X) AppleWebKit/605.1.15 (KHTML, like Gecko) Version/18.5 Mobile/15E148 Safari/604.1",6addeb86-bf6b-4861-a33f-d7ba66e40c2d,852,393,eng,-999.0,2025-06-27 22:42:06 (Central Daylight Time),24084,3,465.0,564,0.0,False,3513.0,1249.0,238,0.0,adolescent,2025-06-16,training,12,,11,10.5,3,2
projectseed-bds-production,BackwardsDigitSpan-v2.0,10,1,2025-06-27 22:41:42 (Central Daylight Time),"Mozilla/5.0 (iPhone; CPU iPhone OS 18_5 like Mac OS X) AppleWebKit/605.1.15 (KHTML, like Gecko) Version/18.5 Mobile/15E148 Safari/604.1",6addeb86-bf6b-4861-a33f-d7ba66e40c2d,852,393,eng,-999.0,2025-06-27 22:42:11 (Central Daylight Time),28989,2,71.0,17,0.0,True,1349.0,284.0,17,1.0,adolescent,2025-06-16,training,12,,11,10.5,3,2
projectseed-bds-production,BackwardsDigitSpan-v2.0,10,1,2025-06-27 22:41:42 (Central Daylight Time),"Mozilla/5.0 (iPhone; CPU iPhone OS 18_5 like Mac OS X) AppleWebKit/605.1.15 (KHTML, like Gecko) Version/18.5 Mobile/15E148 Safari/604.1",6addeb86-bf6b-4861-a33f-d7ba66e40c2d,852,393,eng,-999.0,2025-06-27 22:42:17 (Central Daylight Time),34642,2,85.0,58,0.0,True,2083.0,485.0,58,1.0,adolescent,2025-06-16,training,12,,11,10.5,3,2
projectseed-bds-production,BackwardsDigitSpan-v2.0,10,1,2025-06-27 22:41:42 (Central Daylight Time),"Mozilla/5.0 (iPhone; CPU iPhone OS 18_5 like Mac OS X) AppleWebKit/605.1.15 (KHTML, like Gecko) Version/18.5 Mobile/15E148 Safari/604.1",6addeb86-bf6b-4861-a33f-d7ba66e40c2d,852,393,eng,-999.0,2025-06-27 22:42:23 (Central Daylight Time),40714,3,978.0,879,0.0,True,1510.0,601.0,879,0.0,adolescent,2025-06-16,training,12,,11,10.5,3,2
projectseed-bds-production,BackwardsDigitSpan-v2.0,10,1,2025-06-27 22:41:42 (Central Daylight Time),"Mozilla/5.0 (iPhone; CPU iPhone OS 18_5 like Mac OS X) AppleWebKit/605.1.15 (KHTML, like Gecko) Version/18.5 Mobile/15E148 Safari/604.1",6addeb86-bf6b-4861-a33f-d7ba66e40c2d,852,393,eng,-999.0,2025-06-27 22:42:28 (Central Daylight Time),45631,2,21.0,12,0.0,True,1329.0,233.0,12,1.0,adolescent,2025-06-16,training,12,,11,10.5,3,2
projectseed-bds-production,BackwardsDigitSpan-v2.0,10,1,2025-06-27 22:41:42 (Central Daylight Time),"Mozilla/5.0 (iPhone; CPU iPhone OS 18_5 like Mac OS X) AppleWebKit/605.1.15 (KHTML, like Gecko) Version/18.5 Mobile/15E148 Safari/604.1",6addeb86-bf6b-4861-a33f-d7ba66e40c2d,852,393,eng,-999.0,2025-06-27 22:42:33 (Central Daylight Time),50571,2,53.0,35,0.0,True,1300.0,382.0,35,1.0,adolescent,2025-06-16,training,12,,11,10.5,3,2
projectseed-bds-production,BackwardsDigitSpan-v2.0,10,1,2025-06-27 22:41:42 (Central Daylight Time),"Mozilla/5.0 (iPhone; CPU iPhone OS 18_5 like Mac OS X) AppleWebKit/605.1.15 (KHTML, like Gecko) Version/18.5 Mobile/15E148 Safari/604.1",6addeb86-bf6b-4861-a33f-d7ba66e40c2d,852,393,eng,-999.0,2025-06-27 22:42:40 (Central Daylight Time),57927,3,356.0,653,0.0,False,2697.0,833.0,635,0.0,adolescent,2025-06-16,training,12,,11,10.5,3,2
projectseed-bds-production,BackwardsDigitSpan-v2.0,10,1,2025-06-27 22:41:42 (Central Daylight Time),"Mozilla/5.0 (iPhone; CPU iPhone OS 18_5 like Mac OS X) AppleWebKit/605.1.15 (KHTML, like Gecko) Version/18.5 Mobile/15E148 Safari/604.1",6addeb86-bf6b-4861-a33f-d7ba66e40c2d,852,393,eng,-999.0,2025-06-27 22:42:46 (Central Daylight Time),63564,2,29.0,92,0.0,True,2063.0,916.0,92,1.0,adolescent,2025-06-16,training,12,,11,10.5,3,2
projectseed-bds-production,BackwardsDigitSpan-v2.0,10,1,2025-06-27 22:41:42 (Central Daylight Time),"Mozilla/5.0 (iPhone; CPU iPhone OS 18_5 like Mac OS X) AppleWebKit/605.1.15 (KHTML, like Gecko) Version/18.5 Mobile/15E148 Safari/604.1",6addeb86-bf6b-4861-a33f-d7ba66e40c2d,852,393,eng,-999.0,2025-06-27 22:42:51 (Central Daylight Time),68582,2,37.0,73,0.0,True,1496.0,349.0,73,0.0,adolescent,2025-06-16,training,12,,11,10.5,3,2
projectseed-bds-production,BackwardsDigitSpan-v2.0,10,1,2025-06-27 22:41:42 (Central Daylight Time),"Mozilla/5.0 (iPhone; CPU iPhone OS 18_5 like Mac OS X) AppleWebKit/605.1.15 (KHTML, like Gecko) Version/18.5 Mobile/15E148 Safari/604.1",6addeb86-bf6b-4861-a33f-d7ba66e40c2d,852,393,eng,-999.0,2025-06-27 22:42:59 (Central Daylight Time),76457,3,465.0,564,0.0,True,3251.0,1688.0,564,1.999999999985448,adolescent,2025-06-16,training,12,,11,10.5,3,2
projectseed-bds-production,BackwardsDigitSpan-v2.0,10,1,2025-06-27 22:41:42 (Central Daylight Time),"Mozilla/5.0 (iPhone; CPU iPhone OS 18_5 like Mac OS X) AppleWebKit/605.1.15 (KHTML, like Gecko) Version/18.5 Mobile/15E148 Safari/604.1",6addeb86-bf6b-4861-a33f-d7ba66e40c2d,852,393,eng,-999.0,2025-06-27 22:43:04 (Central Daylight Time),81310,2,71.0,17,0.0,True,1296.0,331.0,17,0.9999999999854481,adolescent,2025-06-16,training,12,,11,10.5,3,2
projectseed-bds-production,BackwardsDigitSpan-v2.0,10,1,2025-06-27 22:41:42 (Central Daylight Time),"Mozilla/5.0 (iPhone; CPU iPhone OS 18_5 like Mac OS X) AppleWebKit/605.1.15 (KHTML, like Gecko) Version/18.5 Mobile/15E148 Safari/604.1",6addeb86-bf6b-4861-a33f-d7ba66e40c2d,852,393,eng,-999.0,2025-06-27 22:43:09 (Central Daylight Time),86464,2,85.0,58,0.0,True,1581.0,417.0,58,0.9999999999854481,adolescent,2025-06-16,training,12,,11,10.5,3,2
projectseed-bds-production,BackwardsDigitSpan-v2.0,10,1,2025-06-27 22:41:42 (Central Daylight Time),"Mozilla/5.0 (iPhone; CPU iPhone OS 18_5 like Mac OS X) AppleWebKit/605.1.15 (KHTML, like Gecko) Version/18.5 Mobile/15E148 Safari/604.1",6addeb86-bf6b-4861-a33f-d7ba66e40c2d,852,393,eng,-999.0,2025-06-27 22:43:15 (Central Daylight Time),93069,3,978.0,879,0.0,True,1797.0,667.0,879,1.9999999999708962,adolescent,2025-06-16,training,12,,11,10.5,3,2
projectseed-bds-production,BackwardsDigitSpan-v2.0,10,1,2025-06-27 22:41:42 (Central Daylight Time),"Mozilla/5.0 (iPhone; CPU iPhone OS 18_5 like Mac OS X) AppleWebKit/605.1.15 (KHTML, like Gecko) Version/18.5 Mobile/15E148 Safari/604.1",6addeb86-bf6b-4861-a33f-d7ba66e40c2d,852,393,eng,1.0,2025-06-27 22:43:25 (Central Daylight Time),102421,2,27.0,72,1.0,True,4910.0,381.0,72,1.0,adolescent,2025-06-16,test,12,,11,10.5,3,2
projectseed-bds-production,BackwardsDigitSpan-v2.0,10,1,2025-06-27 22:41:42 (Central Daylight Time),"Mozilla/5.0 (iPhone; CPU iPhone OS 18_5 like Mac OS X) AppleWebKit/605.1.15 (KHTML, like Gecko) Version/18.5 Mobile/15E148 Safari/604.1",6addeb86-bf6b-4861-a33f-d7ba66e40c2d,852,393,eng,2.0,2025-06-27 22:43:32 (Central Daylight Time),109311,3,254.0,452,1.0,True,2882.0,901.0,452,0.0,adolescent,2025-06-16,test,12,,11,10.5,3,2
projectseed-bds-production,BackwardsDigitSpan-v2.0,10,1,2025-06-27 22:41:42 (Central Daylight Time),"Mozilla/5.0 (iPhone; CPU iPhone OS 18_5 like Mac OS X) AppleWebKit/605.1.15 (KHTML, like Gecko) Version/18.5 Mobile/15E148 Safari/604.1",6addeb86-bf6b-4861-a33f-d7ba66e40c2d,852,393,eng,3.0,2025-06-27 22:43:46 (Central Daylight Time),123521,4,9126.0,6219,1.0,False,9201.0,6538.0,6290,0.0,adolescent,2025-06-16,test,12,,11,10.5,3,2
projectseed-bds-production,BackwardsDigitSpan-v2.0,10,1,2025-06-27 22:41:42 (Central Daylight Time),"Mozilla/5.0 (iPhone; CPU iPhone OS 18_5 like Mac OS X) AppleWebKit/605.1.15 (KHTML, like Gecko) Version/18.5 Mobile/15E148 Safari/604.1",6addeb86-bf6b-4861-a33f-d7ba66e40c2d,852,393,eng,4.0,2025-06-27 22:44:00 (Central Daylight Time),137565,4,3204.0,4023,1.0,False,9033.0,3171.0,3223,1.0,adolescent,2025-06-16,test,12,,11,10.5,3,2
projectseed-bds-production,BackwardsDigitSpan-v2.0,10,1,2025-06-27 22:41:42 (Central Daylight Time),"Mozilla/5.0 (iPhone; CPU iPhone OS 18_5 like Mac OS X) AppleWebKit/605.1.15 (KHTML, like Gecko) Version/18.5 Mobile/15E148 Safari/604.1",6addeb86-bf6b-4861-a33f-d7ba66e40c2d,852,393,eng,5.0,2025-06-27 22:44:07 (Central Daylight Time),144401,3,471.0,174,1.0,False,2829.0,999.0,147,1.0,adolescent,2025-06-16,test,12,,11,10.5,3,2
projectseed-bds-production,BackwardsDigitSpan-v2.0,10,1,2025-06-27 22:41:42 (Central Daylight Time),"Mozilla/5.0 (iPhone; CPU iPhone OS 18_5 like Mac OS X) AppleWebKit/605.1.15 (KHTML, like Gecko) Version/18.5 Mobile/15E148 Safari/604.1",6addeb86-bf6b-4861-a33f-d7ba66e40c2d,852,393,eng,6.0,2025-06-27 22:44:14 (Central Daylight Time),152126,3,584.0,485,1.0,True,3718.0,2052.0,485,1.0,adolescent,2025-06-16,test,12,,11,10.5,3,2
projectseed-bds-production,BackwardsDigitSpan-v2.0,10,1,2025-06-27 22:41:42 (Central Daylight Time),"Mozilla/5.0 (iPhone; CPU iPhone OS 18_5 like Mac OS X) AppleWebKit/605.1.15 (KHTML, like Gecko) Version/18.5 Mobile/15E148 Safari/604.1",6addeb86-bf6b-4861-a33f-d7ba66e40c2d,852,393,eng,7.0,2025-06-27 22:44:24 (Central Daylight Time),161949,4,9523.0,3259,1.0,True,4816.0,2706.0,3259,2.000000000029104,adolescent,2025-06-16,test,12,,11,10.5,3,2
projectseed-bds-production,BackwardsDigitSpan-v2.0,10,1,2025-06-27 22:41:42 (Central Daylight Time),"Mozilla/5.0 (iPhone; CPU iPhone OS 18_5 like Mac OS X) AppleWebKit/605.1.15 (KHTML, like Gecko) Version/18.5 Mobile/15E148 Safari/604.1",6addeb86-bf6b-4861-a33f-d7ba66e40c2d,852,393,eng,8.0,2025-06-27 22:44:36 (Central Daylight Time),173858,5,63897.0,79836,1.0,True,5899.0,4036.0,79836,1.0,adolescent,2025-06-16,test,12,,11,10.5,3,2
projectseed-bds-production,BackwardsDigitSpan-v2.0,10,1,2025-06-27 22:41:42 (Central Daylight Time),"Mozilla/5.0 (iPhone; CPU iPhone OS 18_5 like Mac OS X) AppleWebKit/605.1.15 (KHTML, like Gecko) Version/18.5 Mobile/15E148 Safari/604.1",6addeb86-bf6b-4861-a33f-d7ba66e40c2d,852,393,eng,9.0,2025-06-27 22:44:55 (Central Daylight Time),192389,6,963428.0,824369,1.0,True,11517.0,9654.0,824369,2.0,adolescent,2025-06-16,test,12,,11,10.5,3,2
projectseed-bds-production,BackwardsDigitSpan-v2.0,10,1,2025-06-27 22:41:42 (Central Daylight Time),"Mozilla/5.0 (iPhone; CPU iPhone OS 18_5 like Mac OS X) AppleWebKit/605.1.15 (KHTML, like Gecko) Version/18.5 Mobile/15E148 Safari/604.1",6addeb86-bf6b-4861-a33f-d7ba66e40c2d,852,393,eng,10.0,2025-06-27 22:45:16 (Central Daylight Time),213688,7,8497152.0,2517948,1.0,True,13285.0,11041.0,2517948,2.000000000029104,adolescent,2025-06-16,test,12,,11,10.5,3,2
projectseed-bds-production,BackwardsDigitSpan-v2.0,10,1,2025-06-27 22:41:42 (Central Daylight Time),"Mozilla/5.0 (iPhone; CPU iPhone OS 18_5 like Mac OS X) AppleWebKit/605.1.15 (KHTML, like Gecko) Version/18.5 Mobile/15E148 Safari/604.1",6addeb86-bf6b-4861-a33f-d7ba66e40c2d,852,393,eng,11.0,2025-06-27 22:45:37 (Central Daylight Time),234453,8,32850971.0,17905823,1.0,True,11749.0,9840.0,17905823,1.0,adolescent,2025-06-16,test,12,,11,10.5,3,2
projectseed-bds-production,BackwardsDigitSpan-v2.0,10,1,2025-06-27 22:41:42 (Central Daylight Time),"Mozilla/5.0 (iPhone; CPU iPhone OS 18_5 like Mac OS X) AppleWebKit/605.1.15 (KHTML, like Gecko) Version/18.5 Mobile/15E148 Safari/604.1",6addeb86-bf6b-4861-a33f-d7ba66e40c2d,852,393,eng,12.0,2025-06-27 22:46:01 (Central Daylight Time),258454,9,718342069.0,960243817,1.0,True,13985.0,12075.0,960243817,1.9999999999708962,adolescent,2025-06-16,test,12,,11,10.5,3,2
projectseed-bds-production,BackwardsDigitSpan-v2.0,10,1,2025-06-27 22:41:42 (Central Daylight Time),"Mozilla/5.0 (iPhone; CPU iPhone OS 18_5 like Mac OS X) AppleWebKit/605.1.15 (KHTML, like Gecko) Version/18.5 Mobile/15E148 Safari/604.1",6addeb86-bf6b-4861-a33f-d7ba66e40c2d,852,393,eng,13.0,2025-06-27 22:46:27 (Central Daylight Time),284173,10,2879143065.0,5603419782,1.0,True,14700.0,12743.0,5603419782,4.000000000029104,adolescent,2025-06-16,test,12,,11,10.5,3,2
projectseed-bds-production,BackwardsDigitSpan-v2.0,10,1,2025-06-27 22:41:42 (Central Daylight Time),"Mozilla/5.0 (iPhone; CPU iPhone OS 18_5 like Mac OS X) AppleWebKit/605.1.15 (KHTML, like Gecko) Version/18.5 Mobile/15E148 Safari/604.1",6addeb86-bf6b-4861-a33f-d7ba66e40c2d,852,393,eng,14.0,2025-06-27 22:46:53 (Central Daylight Time),310794,11,84974158257.0,75285147948,1.0,True,14599.0,12324.0,75285147948,3.0000000000582077,adolescent,2025-06-16,test,12,,11,10.5,3,2
projectseed-bds-production,BackwardsDigitSpan-v2.0,10,1,2025-06-28 22:56:55 (Central Daylight Time),"Mozilla/5.0 (iPhone; CPU iPhone OS 18_5 like Mac OS X) AppleWebKit/605.1.15 (KHTML, like Gecko) Version/18.5 Mobile/15E148 Safari/604.1",91ab04a4-4947-4972-826d-cec2d7eb0ced,852,393,eng,-999.0,2025-06-28 22:57:06 (Central Daylight Time),11413,2,98.0,89,0.0,False,3494.0,366.0,98,1.0,adolescent,2025-06-16,training,13,,13,12.5,-999,-999
projectseed-bds-production,BackwardsDigitSpan-v2.0,10,1,2025-06-28 22:56:55 (Central Daylight Time),"Mozilla/5.0 (iPhone; CPU iPhone OS 18_5 like Mac OS X) AppleWebKit/605.1.15 (KHTML, like Gecko) Version/18.5 Mobile/15E148 Safari/604.1",91ab04a4-4947-4972-826d-cec2d7eb0ced,852,393,eng,-999.0,2025-06-28 22:57:12 (Central Daylight Time),16665,2,82.0,28,0.0,True,1412.0,467.0,28,1.000000000001819,adolescent,2025-06-16,training,13,,13,12.5,-999,-999
projectseed-bds-production,BackwardsDigitSpan-v2.0,10,1,2025-06-28 22:56:55 (Central Daylight Time),"Mozilla/5.0 (iPhone; CPU iPhone OS 18_5 like Mac OS X) AppleWebKit/605.1.15 (KHTML, like Gecko) Version/18.5 Mobile/15E148 Safari/604.1",91ab04a4-4947-4972-826d-cec2d7eb0ced,852,393,eng,-999.0,2025-06-28 22:57:18 (Central Daylight Time),23355,3,489.0,984,0.0,True,2062.0,716.0,984,1.0,adolescent,2025-06-16,training,13,,13,12.5,-999,-999
projectseed-bds-production,BackwardsDigitSpan-v2.0,10,1,2025-06-28 22:56:55 (Central Daylight Time),"Mozilla/5.0 (iPhone; CPU iPhone OS 18_5 like Mac OS X) AppleWebKit/605.1.15 (KHTML, like Gecko) Version/18.5 Mobile/15E148 Safari/604.1",91ab04a4-4947-4972-826d-cec2d7eb0ced,852,393,eng,-999.0,2025-06-28 22:57:24 (Central Daylight Time),28892,2,57.0,75,0.0,True,1795.0,633.0,75,0.0,adolescent,2025-06-16,training,13,,13,12.5,-999,-999
projectseed-bds-production,BackwardsDigitSpan-v2.0,10,1,2025-06-28 22:56:55 (Central Daylight Time),"Mozilla/5.0 (iPhone; CPU iPhone OS 18_5 like Mac OS X) AppleWebKit/605.1.15 (KHTML, like Gecko) Version/18.5 Mobile/15E148 Safari/604.1",91ab04a4-4947-4972-826d-cec2d7eb0ced,852,393,eng,-999.0,2025-06-28 22:57:29 (Central Daylight Time),34280,2,63.0,36,0.0,True,1830.0,884.0,36,1.0,adolescent,2025-06-16,training,13,,13,12.5,-999,-999
projectseed-bds-production,BackwardsDigitSpan-v2.0,10,1,2025-06-28 22:56:55 (Central Daylight Time),"Mozilla/5.0 (iPhone; CPU iPhone OS 18_5 like Mac OS X) AppleWebKit/605.1.15 (KHTML, like Gecko) Version/18.5 Mobile/15E148 Safari/604.1",91ab04a4-4947-4972-826d-cec2d7eb0ced,852,393,eng,1.0,2025-06-28 22:57:36 (Central Daylight Time),41352,2,46.0,64,1.0,True,3154.0,516.0,64,0.0,adolescent,2025-06-16,test,13,,13,12.5,-999,-999
projectseed-bds-production,BackwardsDigitSpan-v2.0,10,1,2025-06-28 22:56:55 (Central Daylight Time),"Mozilla/5.0 (iPhone; CPU iPhone OS 18_5 like Mac OS X) AppleWebKit/605.1.15 (KHTML, like Gecko) Version/18.5 Mobile/15E148 Safari/604.1",91ab04a4-4947-4972-826d-cec2d7eb0ced,852,393,eng,2.0,2025-06-28 22:57:43 (Central Daylight Time),47970,3,907.0,709,1.0,True,2611.0,931.0,709,1.0,adolescent,2025-06-16,test,13,,13,12.5,-999,-999
projectseed-bds-production,BackwardsDigitSpan-v2.0,10,1,2025-06-28 22:56:55 (Central Daylight Time),"Mozilla/5.0 (iPhone; CPU iPhone OS 18_5 like Mac OS X) AppleWebKit/605.1.15 (KHTML, like Gecko) Version/18.5 Mobile/15E148 Safari/604.1",91ab04a4-4947-4972-826d-cec2d7eb0ced,852,393,eng,3.0,2025-06-28 22:57:53 (Central Daylight Time),58314,4,2139.0,9312,1.0,True,5336.0,3652.0,9312,1.0,adolescent,2025-06-16,test,13,,13,12.5,-999,-999
projectseed-bds-production,BackwardsDigitSpan-v2.0,10,1,2025-06-28 22:56:55 (Central Daylight Time),"Mozilla/5.0 (iPhone; CPU iPhone OS 18_5 like Mac OS X) AppleWebKit/605.1.15 (KHTML, like Gecko) Version/18.5 Mobile/15E148 Safari/604.1",91ab04a4-4947-4972-826d-cec2d7eb0ced,852,393,eng,4.0,2025-06-28 22:58:06 (Central Daylight Time),71322,5,37892.0,29873,1.0,True,6997.0,4517.0,29873,2.0,adolescent,2025-06-16,test,13,,13,12.5,-999,-999
projectseed-bds-production,BackwardsDigitSpan-v2.0,10,1,2025-06-28 22:56:55 (Central Daylight Time),"Mozilla/5.0 (iPhone; CPU iPhone OS 18_5 like Mac OS X) AppleWebKit/605.1.15 (KHTML, like Gecko) Version/18.5 Mobile/15E148 Safari/604.1",91ab04a4-4947-4972-826d-cec2d7eb0ced,852,393,eng,5.0,2025-06-28 22:58:23 (Central Daylight Time),87887,6,542698.0,896245,1.0,True,9557.0,8087.0,896245,1.0,adolescent,2025-06-16,test,13,,13,12.5,-999,-999
projectseed-bds-production,BackwardsDigitSpan-v2.0,10,1,2025-06-28 22:56:55 (Central Daylight Time),"Mozilla/5.0 (iPhone; CPU iPhone OS 18_5 like Mac OS X) AppleWebKit/605.1.15 (KHTML, like Gecko) Version/18.5 Mobile/15E148 Safari/604.1",91ab04a4-4947-4972-826d-cec2d7eb0ced,852,393,eng,6.0,2025-06-28 22:58:41 (Central Daylight Time),105812,7,3708195.0,5918073,1.0,False,9909.0,6200.0,3708195,2.0,adolescent,2025-06-16,test,13,,13,12.5,-999,-999
projectseed-bds-production,BackwardsDigitSpan-v2.0,10,1,2025-06-28 22:56:55 (Central Daylight Time),"Mozilla/5.0 (iPhone; CPU iPhone OS 18_5 like Mac OS X) AppleWebKit/605.1.15 (KHTML, like Gecko) Version/18.5 Mobile/15E148 Safari/604.1",91ab04a4-4947-4972-826d-cec2d7eb0ced,852,393,eng,7.0,2025-06-28 22:59:04 (Central Daylight Time),129508,7,9520731.0,1370259,1.0,True,15682.0,8316.0,1370259,3.0,adolescent,2025-06-16,test,13,,13,12.5,-999,-999
projectseed-bds-production,BackwardsDigitSpan-v2.0,10,1,2025-06-28 22:56:55 (Central Daylight Time),"Mozilla/5.0 (iPhone; CPU iPhone OS 18_5 like Mac OS X) AppleWebKit/605.1.15 (KHTML, like Gecko) Version/18.5 Mobile/15E148 Safari/604.1",91ab04a4-4947-4972-826d-cec2d7eb0ced,852,393,eng,8.0,2025-06-28 22:59:23 (Central Daylight Time),148257,8,95712864.0,46821759,1.0,True,9734.0,8191.0,46821759,3.0,adolescent,2025-06-16,test,13,,13,12.5,-999,-999
projectseed-bds-production,BackwardsDigitSpan-v2.0,10,1,2025-06-28 22:56:55 (Central Daylight Time),"Mozilla/5.0 (iPhone; CPU iPhone OS 18_5 like Mac OS X) AppleWebKit/605.1.15 (KHTML, like Gecko) Version/18.5 Mobile/15E148 Safari/604.1",91ab04a4-4947-4972-826d-cec2d7eb0ced,852,393,eng,9.0,2025-06-28 22:59:43 (Central Daylight Time),168123,9,976512038.0,830215679,1.0,True,9849.0,8458.0,830215679,2.0,adolescent,2025-06-16,test,13,,13,12.5,-999,-999
projectseed-bds-production,BackwardsDigitSpan-v2.0,10,1,2025-06-28 22:56:55 (Central Daylight Time),"Mozilla/5.0 (iPhone; CPU iPhone OS 18_5 like Mac OS X) AppleWebKit/605.1.15 (KHTML, like Gecko) Version/18.5 Mobile/15E148 Safari/604.1",91ab04a4-4947-4972-826d-cec2d7eb0ced,852,393,eng,10.0,2025-06-28 23:00:08 (Central Daylight Time),193341,10,6532014987.0,7894102356,1.0,True,14201.0,12341.0,7894102356,2.0,adolescent,2025-06-16,test,13,,13,12.5,-999,-999
projectseed-bds-production,BackwardsDigitSpan-v2.0,10,1,2025-06-28 22:56:55 (Central Daylight Time),"Mozilla/5.0 (iPhone; CPU iPhone OS 18_5 like Mac OS X) AppleWebKit/605.1.15 (KHTML, like Gecko) Version/18.5 Mobile/15E148 Safari/604.1",91ab04a4-4947-4972-826d-cec2d7eb0ced,852,393,eng,11.0,2025-06-28 23:00:41 (Central Daylight Time),225811,11,13678578163.0,36187587631,1.0,True,20450.0,16423.0,36187587631,2.0,adolescent,2025-06-16,test,13,,13,12.5,-999,-999
projectseed-bds-production,BackwardsDigitSpan-v2.0,10,1,2025-06-28 22:56:55 (Central Daylight Time),"Mozilla/5.0 (iPhone; CPU iPhone OS 18_5 like Mac OS X) AppleWebKit/605.1.15 (KHTML, like Gecko) Version/18.5 Mobile/15E148 Safari/604.1",91ab04a4-4947-4972-826d-cec2d7eb0ced,852,393,eng,12.0,2025-06-28 23:01:08 (Central Daylight Time),253517,12,954701857324.0,423758107459,1.0,False,14684.0,13076.0,423758104759,2.999999999970896,adolescent,2025-06-16,test,13,,13,12.5,-999,-999
projectseed-bds-production,BackwardsDigitSpan-v2.0,10,1,2025-06-28 22:56:55 (Central Daylight Time),"Mozilla/5.0 (iPhone; CPU iPhone OS 18_5 like Mac OS X) AppleWebKit/605.1.15 (KHTML, like Gecko) Version/18.5 Mobile/15E148 Safari/604.1",91ab04a4-4947-4972-826d-cec2d7eb0ced,852,393,eng,13.0,2025-06-28 23:01:37 (Central Daylight Time),282235,12,527239768401.0,104867932725,1.0,True,15697.0,13972.0,104867932725,3.999999999970896,adolescent,2025-06-16,test,13,,13,12.5,-999,-999
projectseed-bds-production,BackwardsDigitSpan-v2.0,10,1,2025-06-28 22:56:55 (Central Daylight Time),"Mozilla/5.0 (iPhone; CPU iPhone OS 18_5 like Mac OS X) AppleWebKit/605.1.15 (KHTML, like Gecko) Version/18.5 Mobile/15E148 Safari/604.1",91ab04a4-4947-4972-826d-cec2d7eb0ced,852,393,eng,14.0,2025-06-28 23:02:08 (Central Daylight Time),313358,13,3213015046492.0,2946405103123,1.0,True,17101.0,15527.0,2946405103123,5.0,adolescent,2025-06-16,test,13,,13,12.5,-999,-999
projectseed-bds-production,BackwardsDigitSpan-v2.0,10,1,2025-06-29 22:37:47 (Central Daylight Time),"Mozilla/5.0 (iPhone; CPU iPhone OS 18_5 like Mac OS X) AppleWebKit/605.1.15 (KHTML, like Gecko) Version/18.5 Mobile/15E148 Safari/604.1",91081983-373b-40a9-86b4-ba027056f069,852,393,eng,-999.0,2025-06-29 22:38:05 (Central Daylight Time),18506,2,62.0,26,0.0,True,4498.0,412.0,26,1.0,adolescent,2025-06-16,training,14,,14,14.0,-999,-999
projectseed-bds-production,BackwardsDigitSpan-v2.0,10,1,2025-06-29 22:37:47 (Central Daylight Time),"Mozilla/5.0 (iPhone; CPU iPhone OS 18_5 like Mac OS X) AppleWebKit/605.1.15 (KHTML, like Gecko) Version/18.5 Mobile/15E148 Safari/604.1",91081983-373b-40a9-86b4-ba027056f069,852,393,eng,-999.0,2025-06-29 22:38:11 (Central Daylight Time),23794,2,57.0,75,0.0,True,1514.0,567.0,75,0.0,adolescent,2025-06-16,training,14,,14,14.0,-999,-999
projectseed-bds-production,BackwardsDigitSpan-v2.0,10,1,2025-06-29 22:37:47 (Central Daylight Time),"Mozilla/5.0 (iPhone; CPU iPhone OS 18_5 like Mac OS X) AppleWebKit/605.1.15 (KHTML, like Gecko) Version/18.5 Mobile/15E148 Safari/604.1",91081983-373b-40a9-86b4-ba027056f069,852,393,eng,-999.0,2025-06-29 22:38:17 (Central Daylight Time),29915,3,179.0,971,0.0,True,1545.0,681.0,971,1.0,adolescent,2025-06-16,training,14,,14,14.0,-999,-999
projectseed-bds-production,BackwardsDigitSpan-v2.0,10,1,2025-06-29 22:37:47 (Central Daylight Time),"Mozilla/5.0 (iPhone; CPU iPhone OS 18_5 like Mac OS X) AppleWebKit/605.1.15 (KHTML, like Gecko) Version/18.5 Mobile/15E148 Safari/604.1",91081983-373b-40a9-86b4-ba027056f069,852,393,eng,1.0,2025-06-29 22:38:23 (Central Daylight Time),36085,2,26.0,62,1.0,True,2463.0,199.0,62,1.0,adolescent,2025-06-16,test,14,,14,14.0,-999,-999
projectseed-bds-production,BackwardsDigitSpan-v2.0,10,1,2025-06-29 22:37:47 (Central Daylight Time),"Mozilla/5.0 (iPhone; CPU iPhone OS 18_5 like Mac OS X) AppleWebKit/605.1.15 (KHTML, like Gecko) Version/18.5 Mobile/15E148 Safari/604.1",91081983-373b-40a9-86b4-ba027056f069,852,393,eng,2.0,2025-06-29 22:38:29 (Central Daylight Time),41956,3,372.0,273,1.0,True,1863.0,916.0,273,1.0,adolescent,2025-06-16,test,14,,14,14.0,-999,-999
projectseed-bds-production,BackwardsDigitSpan-v2.0,10,1,2025-06-29 22:37:47 (Central Daylight Time),"Mozilla/5.0 (iPhone; CPU iPhone OS 18_5 like Mac OS X) AppleWebKit/605.1.15 (KHTML, like Gecko) Version/18.5 Mobile/15E148 Safari/604.1",91081983-373b-40a9-86b4-ba027056f069,852,393,eng,3.0,2025-06-29 22:38:38 (Central Daylight Time),50814,4,1637.0,7361,1.0,True,3848.0,2217.0,7361,0.999999999992724,adolescent,2025-06-16,test,14,,14,14.0,-999,-999
projectseed-bds-production,BackwardsDigitSpan-v2.0,10,1,2025-06-29 22:37:47 (Central Daylight Time),"Mozilla/5.0 (iPhone; CPU iPhone OS 18_5 like Mac OS X) AppleWebKit/605.1.15 (KHTML, like Gecko) Version/18.5 Mobile/15E148 Safari/604.1",91081983-373b-40a9-86b4-ba027056f069,852,393,eng,4.0,2025-06-29 22:38:51 (Central Daylight Time),64125,5,97032.0,23079,1.0,True,7300.0,3735.0,23079,1.0,adolescent,2025-06-16,test,14,,14,14.0,-999,-999
projectseed-bds-production,BackwardsDigitSpan-v2.0,10,1,2025-06-29 22:37:47 (Central Daylight Time),"Mozilla/5.0 (iPhone; CPU iPhone OS 18_5 like Mac OS X) AppleWebKit/605.1.15 (KHTML, like Gecko) Version/18.5 Mobile/15E148 Safari/604.1",91081983-373b-40a9-86b4-ba027056f069,852,393,eng,5.0,2025-06-29 22:39:05 (Central Daylight Time),78102,6,902316.0,613209,1.0,True,6966.0,4987.0,613209,1.999999999985448,adolescent,2025-06-16,test,14,,14,14.0,-999,-999
projectseed-bds-production,BackwardsDigitSpan-v2.0,10,1,2025-06-29 22:37:47 (Central Daylight Time),"Mozilla/5.0 (iPhone; CPU iPhone OS 18_5 like Mac OS X) AppleWebKit/605.1.15 (KHTML, like Gecko) Version/18.5 Mobile/15E148 Safari/604.1",91081983-373b-40a9-86b4-ba027056f069,852,393,eng,6.0,2025-06-29 22:39:22 (Central Daylight Time),94949,7,1872056.0,6502781,1.0,True,8832.0,6055.0,6502781,2.0,adolescent,2025-06-16,test,14,,14,14.0,-999,-999
projectseed-bds-production,BackwardsDigitSpan-v2.0,10,1,2025-06-29 22:37:47 (Central Daylight Time),"Mozilla/5.0 (iPhone; CPU iPhone OS 18_5 like Mac OS X) AppleWebKit/605.1.15 (KHTML, like Gecko) Version/18.5 Mobile/15E148 Safari/604.1",91081983-373b-40a9-86b4-ba027056f069,852,393,eng,7.0,2025-06-29 22:39:42 (Central Daylight Time),114913,8,29687541.0,14578692,1.0,True,10948.0,8739.0,14578692,2.0,adolescent,2025-06-16,test,14,,14,14.0,-999,-999
projectseed-bds-production,BackwardsDigitSpan-v2.0,10,1,2025-06-29 22:37:47 (Central Daylight Time),"Mozilla/5.0 (iPhone; CPU iPhone OS 18_5 like Mac OS X) AppleWebKit/605.1.15 (KHTML, like Gecko) Version/18.5 Mobile/15E148 Safari/604.1",91081983-373b-40a9-86b4-ba027056f069,852,393,eng,8.0,2025-06-29 22:40:03 (Central Daylight Time),136445,9,867341902.0,209143768,1.0,True,11514.0,8822.0,209143768,5.0,adolescent,2025-06-16,test,14,,14,14.0,-999,-999
projectseed-bds-production,BackwardsDigitSpan-v2.0,10,1,2025-06-29 22:37:47 (Central Daylight Time),"Mozilla/5.0 (iPhone; CPU iPhone OS 18_5 like Mac OS X) AppleWebKit/605.1.15 (KHTML, like Gecko) Version/18.5 Mobile/15E148 Safari/604.1",91081983-373b-40a9-86b4-ba027056f069,852,393,eng,9.0,2025-06-29 22:40:32 (Central Daylight Time),164682,10,4720138659.0,9568310274,1.0,True,17218.0,13524.0,9568310274,4.0,adolescent,2025-06-16,test,14,,14,14.0,-999,-999
projectseed-bds-production,BackwardsDigitSpan-v2.0,10,1,2025-06-29 22:37:47 (Central Daylight Time),"Mozilla/5.0 (iPhone; CPU iPhone OS 18_5 like Mac OS X) AppleWebKit/605.1.15 (KHTML, like Gecko) Version/18.5 Mobile/15E148 Safari/604.1",91081983-373b-40a9-86b4-ba027056f069,852,393,eng,10.0,2025-06-29 22:40:59 (Central Daylight Time),191989,11,80596517023.0,32071569508,1.0,True,15285.0,13275.0,32071569508,4.000000000058208,adolescent,2025-06-16,test,14,,14,14.0,-999,-999
projectseed-bds-production,BackwardsDigitSpan-v2.0,10,1,2025-06-29 22:37:47 (Central Daylight Time),"Mozilla/5.0 (iPhone; CPU iPhone OS 18_5 like Mac OS X) AppleWebKit/605.1.15 (KHTML, like Gecko) Version/18.5 Mobile/15E148 Safari/604.1",91081983-373b-40a9-86b4-ba027056f069,852,393,eng,11.0,2025-06-29 22:41:31 (Central Daylight Time),224380,12,538304726596.0,695627403835,1.0,True,19369.0,18045.0,695627403835,4.0,adolescent,2025-06-16,test,14,,14,14.0,-999,-999
projectseed-bds-production,BackwardsDigitSpan-v2.0,10,1,2025-06-29 22:37:47 (Central Daylight Time),"Mozilla/5.0 (iPhone; CPU iPhone OS 18_5 like Mac OS X) AppleWebKit/605.1.15 (KHTML, like Gecko) Version/18.5 Mobile/15E148 Safari/604.1",91081983-373b-40a9-86b4-ba027056f069,852,393,eng,12.0,2025-06-29 22:42:04 (Central Daylight Time),257173,13,1708930894616.0,6164980398071,1.0,True,18770.0,15861.0,6164980398071,5.999999999970896,adolescent,2025-06-16,test,14,,14,14.0,-999,-999
projectseed-bds-production,BackwardsDigitSpan-v2.0,10,1,2025-06-29 22:37:47 (Central Daylight Time),"Mozilla/5.0 (iPhone; CPU iPhone OS 18_5 like Mac OS X) AppleWebKit/605.1.15 (KHTML, like Gecko) Version/18.5 Mobile/15E148 Safari/604.1",91081983-373b-40a9-86b4-ba027056f069,852,393,eng,13.0,2025-06-29 22:42:48 (Central Daylight Time),300800,14,36590148736825.0,52863784109563,1.0,False,28603.0,25212.0,52863794109563,3.0,adolescent,2025-06-16,test,14,,14,14.0,-999,-999
projectseed-bds-production,BackwardsDigitSpan-v2.0,10,1,2025-06-29 22:37:47 (Central Daylight Time),"Mozilla/5.0 (iPhone; CPU iPhone OS 18_5 like Mac OS X) AppleWebKit/605.1.15 (KHTML, like Gecko) Version/18.5 Mobile/15E148 Safari/604.1",91081983-373b-40a9-86b4-ba027056f069,852,393,eng,14.0,2025-06-29 22:43:25 (Central Daylight Time),338336,14,37609649728423.0,32482794690673,1.0,True,22510.0,19187.0,32482794690673,0.0,adolescent,2025-06-16,test,14,,14,14.0,-999,-999
projectseed-bds-production,BackwardsDigitSpan-v2.0,11,1,2025-06-15 17:18:56 (Central Daylight Time),"Mozilla/5.0 (iPhone; CPU iPhone OS 18_1_1 like Mac OS X) AppleWebKit/605.1.15 (KHTML, like Gecko) Version/18.1.1 Mobile/15E148 Safari/604.1",00fecd24-b158-4370-8507-6399231e4ae1,844,390,eng,-999.0,2025-06-15 17:19:52 (Central Daylight Time),55926,2,32.0,23,0.0,False,6401.0,2373.0,19,1.000000000007276,adolescent,2025-06-16,training,0,,-999,-999.0,-999,-999
projectseed-bds-production,BackwardsDigitSpan-v2.0,11,1,2025-06-15 17:18:56 (Central Daylight Time),"Mozilla/5.0 (iPhone; CPU iPhone OS 18_1_1 like Mac OS X) AppleWebKit/605.1.15 (KHTML, like Gecko) Version/18.1.1 Mobile/15E148 Safari/604.1",00fecd24-b158-4370-8507-6399231e4ae1,844,390,eng,-999.0,2025-06-15 17:19:58 (Central Daylight Time),61867,2,91.0,19,0.0,True,1849.0,467.0,19,1.0,adolescent,2025-06-16,training,0,,-999,-999.0,-999,-999
projectseed-bds-production,BackwardsDigitSpan-v2.0,11,1,2025-06-15 17:18:56 (Central Daylight Time),"Mozilla/5.0 (iPhone; CPU iPhone OS 18_1_1 like Mac OS X) AppleWebKit/605.1.15 (KHTML, like Gecko) Version/18.1.1 Mobile/15E148 Safari/604.1",00fecd24-b158-4370-8507-6399231e4ae1,844,390,eng,-999.0,2025-06-15 17:20:07 (Central Daylight Time),71010,3,824.0,428,0.0,True,3835.0,583.0,428,1.000000000007276,adolescent,2025-06-16,training,0,,-999,-999.0,-999,-999
projectseed-bds-production,BackwardsDigitSpan-v2.0,11,1,2025-06-15 17:18:56 (Central Daylight Time),"Mozilla/5.0 (iPhone; CPU iPhone OS 18_1_1 like Mac OS X) AppleWebKit/605.1.15 (KHTML, like Gecko) Version/18.1.1 Mobile/15E148 Safari/604.1",00fecd24-b158-4370-8507-6399231e4ae1,844,390,eng,-999.0,2025-06-15 17:20:13 (Central Daylight Time),76634,2,45.0,54,0.0,True,1781.0,297.0,54,0.0,adolescent,2025-06-16,training,0,,-999,-999.0,-999,-999
projectseed-bds-production,BackwardsDigitSpan-v2.0,11,1,2025-06-15 17:18:56 (Central Daylight Time),"Mozilla/5.0 (iPhone; CPU iPhone OS 18_1_1 like Mac OS X) AppleWebKit/605.1.15 (KHTML, like Gecko) Version/18.1.1 Mobile/15E148 Safari/604.1",00fecd24-b158-4370-8507-6399231e4ae1,844,390,eng,-999.0,2025-06-15 17:20:18 (Central Daylight Time),81773,2,21.0,12,0.0,True,1029.0,247.0,12,1.000000000014552,adolescent,2025-06-16,training,0,,-999,-999.0,-999,-999
projectseed-bds-production,BackwardsDigitSpan-v2.0,11,1,2025-06-24 00:16:43 (Central Daylight Time),"Mozilla/5.0 (iPhone; CPU iPhone OS 18_5 like Mac OS X) AppleWebKit/605.1.15 (KHTML, like Gecko) Version/18.5 Mobile/15E148 Safari/604.1",a2133b1f-e7e0-458e-a13f-e35ea09bd9b0,844,390,span,-999.0,2025-06-24 00:17:15 (Central Daylight Time),32125,2,51.0,15,0.0,True,1322.0,215.0,15,1.0,adolescent,2025-06-16,training,8,,8,7.0,6,7
projectseed-bds-production,BackwardsDigitSpan-v2.0,11,1,2025-06-24 00:16:43 (Central Daylight Time),"Mozilla/5.0 (iPhone; CPU iPhone OS 18_5 like Mac OS X) AppleWebKit/605.1.15 (KHTML, like Gecko) Version/18.5 Mobile/15E148 Safari/604.1",a2133b1f-e7e0-458e-a13f-e35ea09bd9b0,844,390,span,-999.0,2025-06-24 00:17:20 (Central Daylight Time),37292,2,35.0,53,0.0,True,1442.0,263.0,53,1.0,adolescent,2025-06-16,training,8,,8,7.0,6,7
projectseed-bds-production,BackwardsDigitSpan-v2.0,11,1,2025-06-24 00:16:43 (Central Daylight Time),"Mozilla/5.0 (iPhone; CPU iPhone OS 18_5 like Mac OS X) AppleWebKit/605.1.15 (KHTML, like Gecko) Version/18.5 Mobile/15E148 Safari/604.1",a2133b1f-e7e0-458e-a13f-e35ea09bd9b0,844,390,span,-999.0,2025-06-24 00:17:26 (Central Daylight Time),42985,3,123.0,321,0.0,True,1067.0,452.0,321,0.999999999992724,adolescent,2025-06-16,training,8,,8,7.0,6,7
projectseed-bds-production,BackwardsDigitSpan-v2.0,11,1,2025-06-24 00:16:43 (Central Daylight Time),"Mozilla/5.0 (iPhone; CPU iPhone OS 18_5 like Mac OS X) AppleWebKit/605.1.15 (KHTML, like Gecko) Version/18.5 Mobile/15E148 Safari/604.1",a2133b1f-e7e0-458e-a13f-e35ea09bd9b0,844,390,span,1.0,2025-06-24 00:17:31 (Central Daylight Time),48256,2,71.0,17,1.0,True,1262.0,667.0,17,1.0,adolescent,2025-06-16,test,8,,8,7.0,6,7
projectseed-bds-production,BackwardsDigitSpan-v2.0,11,1,2025-06-24 00:16:43 (Central Daylight Time),"Mozilla/5.0 (iPhone; CPU iPhone OS 18_5 like Mac OS X) AppleWebKit/605.1.15 (KHTML, like Gecko) Version/18.5 Mobile/15E148 Safari/604.1",a2133b1f-e7e0-458e-a13f-e35ea09bd9b0,844,390,span,2.0,2025-06-24 00:17:38 (Central Daylight Time),55344,3,893.0,398,1.0,True,3080.0,718.0,398,1.0,adolescent,2025-06-16,test,8,,8,7.0,6,7
projectseed-bds-production,BackwardsDigitSpan-v2.0,11,1,2025-06-24 00:16:43 (Central Daylight Time),"Mozilla/5.0 (iPhone; CPU iPhone OS 18_5 like Mac OS X) AppleWebKit/605.1.15 (KHTML, like Gecko) Version/18.5 Mobile/15E148 Safari/604.1",a2133b1f-e7e0-458e-a13f-e35ea09bd9b0,844,390,span,3.0,2025-06-24 00:17:50 (Central Daylight Time),67702,4,5782.0,2875,1.0,True,7348.0,3986.0,2875,1.0,adolescent,2025-06-16,test,8,,8,7.0,6,7
projectseed-bds-production,BackwardsDigitSpan-v2.0,11,1,2025-06-24 00:16:43 (Central Daylight Time),"Mozilla/5.0 (iPhone; CPU iPhone OS 18_5 like Mac OS X) AppleWebKit/605.1.15 (KHTML, like Gecko) Version/18.5 Mobile/15E148 Safari/604.1",a2133b1f-e7e0-458e-a13f-e35ea09bd9b0,844,390,span,4.0,2025-06-24 00:18:07 (Central Daylight Time),84131,5,72453.0,35427,1.0,False,10419.0,8440.0,34527,2.0,adolescent,2025-06-16,test,8,,8,7.0,6,7
projectseed-bds-production,BackwardsDigitSpan-v2.0,11,1,2025-06-24 00:16:43 (Central Daylight Time),"Mozilla/5.0 (iPhone; CPU iPhone OS 18_5 like Mac OS X) AppleWebKit/605.1.15 (KHTML, like Gecko) Version/18.5 Mobile/15E148 Safari/604.1",a2133b1f-e7e0-458e-a13f-e35ea09bd9b0,844,390,span,5.0,2025-06-24 00:18:23 (Central Daylight Time),100376,5,83529.0,92538,1.0,True,10233.0,7171.0,92538,2.0,adolescent,2025-06-16,test,8,,8,7.0,6,7
projectseed-bds-production,BackwardsDigitSpan-v2.0,11,1,2025-06-24 00:16:43 (Central Daylight Time),"Mozilla/5.0 (iPhone; CPU iPhone OS 18_5 like Mac OS X) AppleWebKit/605.1.15 (KHTML, like Gecko) Version/18.5 Mobile/15E148 Safari/604.1",a2133b1f-e7e0-458e-a13f-e35ea09bd9b0,844,390,span,6.0,2025-06-24 00:18:45 (Central Daylight Time),122191,6,503827.0,728305,1.0,False,14803.0,12309.0,738052,3.0,adolescent,2025-06-16,test,8,,8,7.0,6,7
projectseed-bds-production,BackwardsDigitSpan-v2.0,11,1,2025-06-24 00:16:43 (Central Daylight Time),"Mozilla/5.0 (iPhone; CPU iPhone OS 18_5 like Mac OS X) AppleWebKit/605.1.15 (KHTML, like Gecko) Version/18.5 Mobile/15E148 Safari/604.1",a2133b1f-e7e0-458e-a13f-e35ea09bd9b0,844,390,span,7.0,2025-06-24 00:19:03 (Central Daylight Time),140051,6,960538.0,835069,1.0,True,10848.0,8972.0,835069,2.000000000014552,adolescent,2025-06-16,test,8,,8,7.0,6,7
projectseed-bds-production,BackwardsDigitSpan-v2.0,11,1,2025-06-24 00:16:43 (Central Daylight Time),"Mozilla/5.0 (iPhone; CPU iPhone OS 18_5 like Mac OS X) AppleWebKit/605.1.15 (KHTML, like Gecko) Version/18.5 Mobile/15E148 Safari/604.1",a2133b1f-e7e0-458e-a13f-e35ea09bd9b0,844,390,span,8.0,2025-06-24 00:19:31 (Central Daylight Time),168153,7,7053418.0,8143507,1.0,False,20088.0,16262.0,8140537,2.0,adolescent,2025-06-16,test,8,,8,7.0,6,7
projectseed-bds-production,BackwardsDigitSpan-v2.0,11,1,2025-06-24 00:16:43 (Central Daylight Time),"Mozilla/5.0 (iPhone; CPU iPhone OS 18_5 like Mac OS X) AppleWebKit/605.1.15 (KHTML, like Gecko) Version/18.5 Mobile/15E148 Safari/604.1",a2133b1f-e7e0-458e-a13f-e35ea09bd9b0,844,390,span,9.0,2025-06-24 00:19:53 (Central Daylight Time),189971,7,7384296.0,6924837,1.0,False,13806.0,10127.0,6942837,3.0,adolescent,2025-06-16,test,8,,8,7.0,6,7
projectseed-bds-production,BackwardsDigitSpan-v2.0,11,1,2025-06-24 00:16:43 (Central Daylight Time),"Mozilla/5.0 (iPhone; CPU iPhone OS 18_5 like Mac OS X) AppleWebKit/605.1.15 (KHTML, like Gecko) Version/18.5 Mobile/15E148 Safari/604.1",a2133b1f-e7e0-458e-a13f-e35ea09bd9b0,844,390,span,10.0,2025-06-24 00:20:09 (Central Daylight Time),206484,6,807493.0,394708,1.0,True,9501.0,7289.0,394708,3.0,adolescent,2025-06-16,test,8,,8,7.0,6,7
projectseed-bds-production,BackwardsDigitSpan-v2.0,11,1,2025-06-24 00:16:43 (Central Daylight Time),"Mozilla/5.0 (iPhone; CPU iPhone OS 18_5 like Mac OS X) AppleWebKit/605.1.15 (KHTML, like Gecko) Version/18.5 Mobile/15E148 Safari/604.1",a2133b1f-e7e0-458e-a13f-e35ea09bd9b0,844,390,span,11.0,2025-06-24 00:20:27 (Central Daylight Time),224467,7,3049651.0,1569403,1.0,True,9969.0,7557.0,1569403,2.0,adolescent,2025-06-16,test,8,,8,7.0,6,7
projectseed-bds-production,BackwardsDigitSpan-v2.0,11,1,2025-06-24 00:16:43 (Central Daylight Time),"Mozilla/5.0 (iPhone; CPU iPhone OS 18_5 like Mac OS X) AppleWebKit/605.1.15 (KHTML, like Gecko) Version/18.5 Mobile/15E148 Safari/604.1",a2133b1f-e7e0-458e-a13f-e35ea09bd9b0,844,390,span,12.0,2025-06-24 00:20:45 (Central Daylight Time),242448,8,79830215.0,51203897,1.0,True,8968.0,7957.0,51203897,4.000000000029104,adolescent,2025-06-16,test,8,,8,7.0,6,7
projectseed-bds-production,BackwardsDigitSpan-v2.0,11,1,2025-06-24 00:16:43 (Central Daylight Time),"Mozilla/5.0 (iPhone; CPU iPhone OS 18_5 like Mac OS X) AppleWebKit/605.1.15 (KHTML, like Gecko) Version/18.5 Mobile/15E148 Safari/604.1",a2133b1f-e7e0-458e-a13f-e35ea09bd9b0,844,390,span,13.0,2025-06-24 00:21:06 (Central Daylight Time),263754,9,430629815.0,518926034,1.0,False,11289.0,10057.0,518029234,2.000000000029104,adolescent,2025-06-16,test,8,,8,7.0,6,7
projectseed-bds-production,BackwardsDigitSpan-v2.0,11,1,2025-06-24 00:16:43 (Central Daylight Time),"Mozilla/5.0 (iPhone; CPU iPhone OS 18_5 like Mac OS X) AppleWebKit/605.1.15 (KHTML, like Gecko) Version/18.5 Mobile/15E148 Safari/604.1",a2133b1f-e7e0-458e-a13f-e35ea09bd9b0,844,390,span,14.0,2025-06-24 00:21:31 (Central Daylight Time),287909,9,729451806.0,608154927,1.0,False,14136.0,11377.0,608523415,3.0,adolescent,2025-06-16,test,8,,8,7.0,6,7
projectseed-bds-production,BackwardsDigitSpan-v2.0,11,1,2025-06-25 00:44:44 (Central Daylight Time),"Mozilla/5.0 (iPhone; CPU iPhone OS 18_5 like Mac OS X) AppleWebKit/605.1.15 (KHTML, like Gecko) Version/18.5 Mobile/15E148 Safari/604.1",5dfaa8cd-1bb6-4b8c-8589-bf394d281ae8,844,390,span,-999.0,2025-06-25 00:44:55 (Central Daylight Time),10798,2,38.0,83,0.0,True,1681.0,313.0,83,2.0000000000009095,adolescent,2025-06-16,training,9,,9,8.25,9,10
projectseed-bds-production,BackwardsDigitSpan-v2.0,11,1,2025-06-25 00:44:44 (Central Daylight Time),"Mozilla/5.0 (iPhone; CPU iPhone OS 18_5 like Mac OS X) AppleWebKit/605.1.15 (KHTML, like Gecko) Version/18.5 Mobile/15E148 Safari/604.1",5dfaa8cd-1bb6-4b8c-8589-bf394d281ae8,844,390,span,-999.0,2025-06-25 00:44:59 (Central Daylight Time),15448,2,24.0,42,0.0,True,957.0,315.0,42,1.0,adolescent,2025-06-16,training,9,,9,8.25,9,10
projectseed-bds-production,BackwardsDigitSpan-v2.0,11,1,2025-06-25 00:44:44 (Central Daylight Time),"Mozilla/5.0 (iPhone; CPU iPhone OS 18_5 like Mac OS X) AppleWebKit/605.1.15 (KHTML, like Gecko) Version/18.5 Mobile/15E148 Safari/604.1",5dfaa8cd-1bb6-4b8c-8589-bf394d281ae8,844,390,span,-999.0,2025-06-25 00:45:07 (Central Daylight Time),22522,3,678.0,876,0.0,True,2386.0,850.0,876,0.0,adolescent,2025-06-16,training,9,,9,8.25,9,10
projectseed-bds-production,BackwardsDigitSpan-v2.0,11,1,2025-06-25 00:44:44 (Central Daylight Time),"Mozilla/5.0 (iPhone; CPU iPhone OS 18_5 like Mac OS X) AppleWebKit/605.1.15 (KHTML, like Gecko) Version/18.5 Mobile/15E148 Safari/604.1",5dfaa8cd-1bb6-4b8c-8589-bf394d281ae8,844,390,span,1.0,2025-06-25 00:45:13 (Central Daylight Time),28798,2,35.0,53,1.0,True,2015.0,350.0,53,0.0,adolescent,2025-06-16,test,9,,9,8.25,9,10
projectseed-bds-production,BackwardsDigitSpan-v2.0,11,1,2025-06-25 00:44:44 (Central Daylight Time),"Mozilla/5.0 (iPhone; CPU iPhone OS 18_5 like Mac OS X) AppleWebKit/605.1.15 (KHTML, like Gecko) Version/18.5 Mobile/15E148 Safari/604.1",5dfaa8cd-1bb6-4b8c-8589-bf394d281ae8,844,390,span,2.0,2025-06-25 00:45:21 (Central Daylight Time),37237,3,374.0,473,1.0,True,4420.0,1917.0,473,0.999999999996362,adolescent,2025-06-16,test,9,,9,8.25,9,10
projectseed-bds-production,BackwardsDigitSpan-v2.0,11,1,2025-06-25 00:44:44 (Central Daylight Time),"Mozilla/5.0 (iPhone; CPU iPhone OS 18_5 like Mac OS X) AppleWebKit/605.1.15 (KHTML, like Gecko) Version/18.5 Mobile/15E148 Safari/604.1",5dfaa8cd-1bb6-4b8c-8589-bf394d281ae8,844,390,span,3.0,2025-06-25 00:45:30 (Central Daylight Time),46291,4,4279.0,9724,1.0,True,4044.0,1798.0,9724,1.0,adolescent,2025-06-16,test,9,,9,8.25,9,10
projectseed-bds-production,BackwardsDigitSpan-v2.0,11,1,2025-06-25 00:44:44 (Central Daylight Time),"Mozilla/5.0 (iPhone; CPU iPhone OS 18_5 like Mac OS X) AppleWebKit/605.1.15 (KHTML, like Gecko) Version/18.5 Mobile/15E148 Safari/604.1",5dfaa8cd-1bb6-4b8c-8589-bf394d281ae8,844,390,span,4.0,2025-06-25 00:45:46 (Central Daylight Time),61825,5,46759.0,95764,1.0,True,9523.0,6573.0,95764,2.0,adolescent,2025-06-16,test,9,,9,8.25,9,10
projectseed-bds-production,BackwardsDigitSpan-v2.0,11,1,2025-06-25 00:44:44 (Central Daylight Time),"Mozilla/5.0 (iPhone; CPU iPhone OS 18_5 like Mac OS X) AppleWebKit/605.1.15 (KHTML, like Gecko) Version/18.5 Mobile/15E148 Safari/604.1",5dfaa8cd-1bb6-4b8c-8589-bf394d281ae8,844,390,span,5.0,2025-06-25 00:46:02 (Central Daylight Time),77805,6,309156.0,651903,1.0,True,8967.0,5870.0,651903,2.000000000007276,adolescent,2025-06-16,test,9,,9,8.25,9,10
projectseed-bds-production,BackwardsDigitSpan-v2.0,11,1,2025-06-25 00:44:44 (Central Daylight Time),"Mozilla/5.0 (iPhone; CPU iPhone OS 18_5 like Mac OS X) AppleWebKit/605.1.15 (KHTML, like Gecko) Version/18.5 Mobile/15E148 Safari/604.1",5dfaa8cd-1bb6-4b8c-8589-bf394d281ae8,844,390,span,6.0,2025-06-25 00:46:20 (Central Daylight Time),96507,7,1432769.0,9672341,1.0,False,10688.0,8507.0,9634123,2.0,adolescent,2025-06-16,test,9,,9,8.25,9,10
projectseed-bds-production,BackwardsDigitSpan-v2.0,11,1,2025-06-25 00:44:44 (Central Daylight Time),"Mozilla/5.0 (iPhone; CPU iPhone OS 18_5 like Mac OS X) AppleWebKit/605.1.15 (KHTML, like Gecko) Version/18.5 Mobile/15E148 Safari/604.1",5dfaa8cd-1bb6-4b8c-8589-bf394d281ae8,844,390,span,7.0,2025-06-25 00:46:40 (Central Daylight Time),115943,7,3715624.0,4265173,1.0,True,11420.0,10325.0,4265173,1.999999999985448,adolescent,2025-06-16,test,9,,9,8.25,9,10
projectseed-bds-production,BackwardsDigitSpan-v2.0,11,1,2025-06-25 00:44:44 (Central Daylight Time),"Mozilla/5.0 (iPhone; CPU iPhone OS 18_5 like Mac OS X) AppleWebKit/605.1.15 (KHTML, like Gecko) Version/18.5 Mobile/15E148 Safari/604.1",5dfaa8cd-1bb6-4b8c-8589-bf394d281ae8,844,390,span,8.0,2025-06-25 00:47:00 (Central Daylight Time),136092,8,21890365.0,56309812,1.0,True,11134.0,10273.0,56309812,3.0,adolescent,2025-06-16,test,9,,9,8.25,9,10
projectseed-bds-production,BackwardsDigitSpan-v2.0,11,1,2025-06-25 00:44:44 (Central Daylight Time),"Mozilla/5.0 (iPhone; CPU iPhone OS 18_5 like Mac OS X) AppleWebKit/605.1.15 (KHTML, like Gecko) Version/18.5 Mobile/15E148 Safari/604.1",5dfaa8cd-1bb6-4b8c-8589-bf394d281ae8,844,390,span,9.0,2025-06-25 00:47:25 (Central Daylight Time),160952,9,386921507.0,705129683,1.0,False,14843.0,13679.0,705968312,2.0,adolescent,2025-06-16,test,9,,9,8.25,9,10
projectseed-bds-production,BackwardsDigitSpan-v2.0,11,1,2025-06-25 00:44:44 (Central Daylight Time),"Mozilla/5.0 (iPhone; CPU iPhone OS 18_5 like Mac OS X) AppleWebKit/605.1.15 (KHTML, like Gecko) Version/18.5 Mobile/15E148 Safari/604.1",5dfaa8cd-1bb6-4b8c-8589-bf394d281ae8,844,390,span,10.0,2025-06-25 00:47:50 (Central Daylight Time),185624,9,782901654.0,456109287,1.0,True,14655.0,13762.0,456109287,3.0,adolescent,2025-06-16,test,9,,9,8.25,9,10
projectseed-bds-production,BackwardsDigitSpan-v2.0,11,1,2025-06-25 00:44:44 (Central Daylight Time),"Mozilla/5.0 (iPhone; CPU iPhone OS 18_5 like Mac OS X) AppleWebKit/605.1.15 (KHTML, like Gecko) Version/18.5 Mobile/15E148 Safari/604.1",5dfaa8cd-1bb6-4b8c-8589-bf394d281ae8,844,390,span,11.0,2025-06-25 00:48:15 (Central Daylight Time),211114,10,1054938726.0,6278394501,1.0,False,14472.0,11877.0,6272450101,5.000000000029104,adolescent,2025-06-16,test,9,,9,8.25,9,10
projectseed-bds-production,BackwardsDigitSpan-v2.0,11,1,2025-06-25 00:44:44 (Central Daylight Time),"Mozilla/5.0 (iPhone; CPU iPhone OS 18_5 like Mac OS X) AppleWebKit/605.1.15 (KHTML, like Gecko) Version/18.5 Mobile/15E148 Safari/604.1",5dfaa8cd-1bb6-4b8c-8589-bf394d281ae8,844,390,span,12.0,2025-06-25 00:48:42 (Central Daylight Time),237894,10,8392540176.0,6710452938,1.0,False,15762.0,13032.0,6716453838,2.000000000029104,adolescent,2025-06-16,test,9,,9,8.25,9,10
projectseed-bds-production,BackwardsDigitSpan-v2.0,11,1,2025-06-25 00:44:44 (Central Daylight Time),"Mozilla/5.0 (iPhone; CPU iPhone OS 18_5 like Mac OS X) AppleWebKit/605.1.15 (KHTML, like Gecko) Version/18.5 Mobile/15E148 Safari/604.1",5dfaa8cd-1bb6-4b8c-8589-bf394d281ae8,844,390,span,13.0,2025-06-25 00:49:03 (Central Daylight Time),258963,9,756184209.0,902481657,1.0,False,11050.0,9592.0,902560241,3.999999999970896,adolescent,2025-06-16,test,9,,9,8.25,9,10
projectseed-bds-production,BackwardsDigitSpan-v2.0,11,1,2025-06-25 00:44:44 (Central Daylight Time),"Mozilla/5.0 (iPhone; CPU iPhone OS 18_5 like Mac OS X) AppleWebKit/605.1.15 (KHTML, like Gecko) Version/18.5 Mobile/15E148 Safari/604.1",5dfaa8cd-1bb6-4b8c-8589-bf394d281ae8,844,390,span,14.0,2025-06-25 00:49:27 (Central Daylight Time),283404,9,245817069.0,960718542,1.0,False,14425.0,11928.0,960854231,3.9999999999417923,adolescent,2025-06-16,test,9,,9,8.25,9,10
projectseed-bds-production,BackwardsDigitSpan-v2.0,11,1,2025-06-26 01:06:02 (Central Daylight Time),"Mozilla/5.0 (iPhone; CPU iPhone OS 18_5 like Mac OS X) AppleWebKit/605.1.15 (KHTML, like Gecko) Version/18.5 Mobile/15E148 Safari/604.1",3864cfaa-faed-4ef5-a4fd-37087899f8c3,844,390,span,-999.0,2025-06-26 01:06:14 (Central Daylight Time),11746,2,18.0,81,0.0,True,1277.0,98.0,81,0.0,adolescent,2025-06-16,training,10,,8,7.25,7,7
projectseed-bds-production,BackwardsDigitSpan-v2.0,11,1,2025-06-26 01:06:02 (Central Daylight Time),"Mozilla/5.0 (iPhone; CPU iPhone OS 18_5 like Mac OS X) AppleWebKit/605.1.15 (KHTML, like Gecko) Version/18.5 Mobile/15E148 Safari/604.1",3864cfaa-faed-4ef5-a4fd-37087899f8c3,844,390,span,-999.0,2025-06-26 01:06:18 (Central Daylight Time),16234,2,49.0,94,0.0,True,928.0,381.0,94,0.0,adolescent,2025-06-16,training,10,,8,7.25,7,7
projectseed-bds-production,BackwardsDigitSpan-v2.0,11,1,2025-06-26 01:06:02 (Central Daylight Time),"Mozilla/5.0 (iPhone; CPU iPhone OS 18_5 like Mac OS X) AppleWebKit/605.1.15 (KHTML, like Gecko) Version/18.5 Mobile/15E148 Safari/604.1",3864cfaa-faed-4ef5-a4fd-37087899f8c3,844,390,span,-999.0,2025-06-26 01:06:25 (Central Daylight Time),22838,3,382.0,283,0.0,True,2017.0,551.0,283,2.0,adolescent,2025-06-16,training,10,,8,7.25,7,7
projectseed-bds-production,BackwardsDigitSpan-v2.0,11,1,2025-06-26 01:06:02 (Central Daylight Time),"Mozilla/5.0 (iPhone; CPU iPhone OS 18_5 like Mac OS X) AppleWebKit/605.1.15 (KHTML, like Gecko) Version/18.5 Mobile/15E148 Safari/604.1",3864cfaa-faed-4ef5-a4fd-37087899f8c3,844,390,span,1.0,2025-06-26 01:06:31 (Central Daylight Time),28744,2,63.0,36,1.0,True,2248.0,1018.0,36,0.999999999996362,adolescent,2025-06-16,test,10,,8,7.25,7,7
projectseed-bds-production,BackwardsDigitSpan-v2.0,11,1,2025-06-26 01:06:02 (Central Daylight Time),"Mozilla/5.0 (iPhone; CPU iPhone OS 18_5 like Mac OS X) AppleWebKit/605.1.15 (KHTML, like Gecko) Version/18.5 Mobile/15E148 Safari/604.1",3864cfaa-faed-4ef5-a4fd-37087899f8c3,844,390,span,2.0,2025-06-26 01:06:38 (Central Daylight Time),35400,3,743.0,347,1.0,True,2647.0,782.0,347,2.0,adolescent,2025-06-16,test,10,,8,7.25,7,7
projectseed-bds-production,BackwardsDigitSpan-v2.0,11,1,2025-06-26 01:06:02 (Central Daylight Time),"Mozilla/5.0 (iPhone; CPU iPhone OS 18_5 like Mac OS X) AppleWebKit/605.1.15 (KHTML, like Gecko) Version/18.5 Mobile/15E148 Safari/604.1",3864cfaa-faed-4ef5-a4fd-37087899f8c3,844,390,span,3.0,2025-06-26 01:06:47 (Central Daylight Time),45124,4,4816.0,6184,1.0,True,4714.0,2268.0,6184,1.0,adolescent,2025-06-16,test,10,,8,7.25,7,7
projectseed-bds-production,BackwardsDigitSpan-v2.0,11,1,2025-06-26 01:06:02 (Central Daylight Time),"Mozilla/5.0 (iPhone; CPU iPhone OS 18_5 like Mac OS X) AppleWebKit/605.1.15 (KHTML, like Gecko) Version/18.5 Mobile/15E148 Safari/604.1",3864cfaa-faed-4ef5-a4fd-37087899f8c3,844,390,span,4.0,2025-06-26 01:06:57 (Central Daylight Time),54702,5,38725.0,52783,1.0,True,3566.0,2385.0,52783,2.0,adolescent,2025-06-16,test,10,,8,7.25,7,7
projectseed-bds-production,BackwardsDigitSpan-v2.0,11,1,2025-06-26 01:06:02 (Central Daylight Time),"Mozilla/5.0 (iPhone; CPU iPhone OS 18_5 like Mac OS X) AppleWebKit/605.1.15 (KHTML, like Gecko) Version/18.5 Mobile/15E148 Safari/604.1",3864cfaa-faed-4ef5-a4fd-37087899f8c3,844,390,span,5.0,2025-06-26 01:07:10 (Central Daylight Time),67482,6,284176.0,671482,1.0,False,5769.0,3202.0,678214,2.000000000007276,adolescent,2025-06-16,test,10,,8,7.25,7,7
projectseed-bds-production,BackwardsDigitSpan-v2.0,11,1,2025-06-26 01:06:02 (Central Daylight Time),"Mozilla/5.0 (iPhone; CPU iPhone OS 18_5 like Mac OS X) AppleWebKit/605.1.15 (KHTML, like Gecko) Version/18.5 Mobile/15E148 Safari/604.1",3864cfaa-faed-4ef5-a4fd-37087899f8c3,844,390,span,6.0,2025-06-26 01:07:21 (Central Daylight Time),78867,6,285967.0,769582,1.0,True,4373.0,3053.0,769582,3.000000000014552,adolescent,2025-06-16,test,10,,8,7.25,7,7
projectseed-bds-production,BackwardsDigitSpan-v2.0,11,1,2025-06-26 01:06:02 (Central Daylight Time),"Mozilla/5.0 (iPhone; CPU iPhone OS 18_5 like Mac OS X) AppleWebKit/605.1.15 (KHTML, like Gecko) Version/18.5 Mobile/15E148 Safari/604.1",3864cfaa-faed-4ef5-a4fd-37087899f8c3,844,390,span,7.0,2025-06-26 01:07:35 (Central Daylight Time),92677,7,4195308.0,8035914,1.0,True,5796.0,4820.0,8035914,3.0,adolescent,2025-06-16,test,10,,8,7.25,7,7
projectseed-bds-production,BackwardsDigitSpan-v2.0,11,1,2025-06-26 01:06:02 (Central Daylight Time),"Mozilla/5.0 (iPhone; CPU iPhone OS 18_5 like Mac OS X) AppleWebKit/605.1.15 (KHTML, like Gecko) Version/18.5 Mobile/15E148 Safari/604.1",3864cfaa-faed-4ef5-a4fd-37087899f8c3,844,390,span,8.0,2025-06-26 01:07:50 (Central Daylight Time),108296,8,86173054.0,45037168,1.0,False,6602.0,5123.0,04037183,2.0,adolescent,2025-06-16,test,10,,8,7.25,7,7
projectseed-bds-production,BackwardsDigitSpan-v2.0,11,1,2025-06-26 01:06:02 (Central Daylight Time),"Mozilla/5.0 (iPhone; CPU iPhone OS 18_5 like Mac OS X) AppleWebKit/605.1.15 (KHTML, like Gecko) Version/18.5 Mobile/15E148 Safari/604.1",3864cfaa-faed-4ef5-a4fd-37087899f8c3,844,390,span,9.0,2025-06-26 01:08:10 (Central Daylight Time),127344,8,50931876.0,67813905,1.0,False,10031.0,6818.0,67853941,4.0,adolescent,2025-06-16,test,10,,8,7.25,7,7
projectseed-bds-production,BackwardsDigitSpan-v2.0,11,1,2025-06-26 01:06:02 (Central Daylight Time),"Mozilla/5.0 (iPhone; CPU iPhone OS 18_5 like Mac OS X) AppleWebKit/605.1.15 (KHTML, like Gecko) Version/18.5 Mobile/15E148 Safari/604.1",3864cfaa-faed-4ef5-a4fd-37087899f8c3,844,390,span,10.0,2025-06-26 01:08:25 (Central Daylight Time),142922,7,8079162.0,2619708,1.0,True,7566.0,6704.0,2619708,3.0,adolescent,2025-06-16,test,10,,8,7.25,7,7
projectseed-bds-production,BackwardsDigitSpan-v2.0,11,1,2025-06-26 01:06:02 (Central Daylight Time),"Mozilla/5.0 (iPhone; CPU iPhone OS 18_5 like Mac OS X) AppleWebKit/605.1.15 (KHTML, like Gecko) Version/18.5 Mobile/15E148 Safari/604.1",3864cfaa-faed-4ef5-a4fd-37087899f8c3,844,390,span,11.0,2025-06-26 01:08:42 (Central Daylight Time),159970,8,26781034.0,43018762,1.0,True,8032.0,6990.0,43018762,3.000000000029104,adolescent,2025-06-16,test,10,,8,7.25,7,7
projectseed-bds-production,BackwardsDigitSpan-v2.0,11,1,2025-06-26 01:06:02 (Central Daylight Time),"Mozilla/5.0 (iPhone; CPU iPhone OS 18_5 like Mac OS X) AppleWebKit/605.1.15 (KHTML, like Gecko) Version/18.5 Mobile/15E148 Safari/604.1",3864cfaa-faed-4ef5-a4fd-37087899f8c3,844,390,span,12.0,2025-06-26 01:09:00 (Central Daylight Time),177702,9,792034651.0,156430297,1.0,False,7713.0,6792.0,156029797,2.0,adolescent,2025-06-16,test,10,,8,7.25,7,7
projectseed-bds-production,BackwardsDigitSpan-v2.0,11,1,2025-06-26 01:06:02 (Central Daylight Time),"Mozilla/5.0 (iPhone; CPU iPhone OS 18_5 like Mac OS X) AppleWebKit/605.1.15 (KHTML, like Gecko) Version/18.5 Mobile/15E148 Safari/604.1",3864cfaa-faed-4ef5-a4fd-37087899f8c3,844,390,span,13.0,2025-06-26 01:09:18 (Central Daylight Time),195966,9,219684537.0,735486912,1.0,False,8246.0,7105.0,735692121,2.000000000029104,adolescent,2025-06-16,test,10,,8,7.25,7,7
projectseed-bds-production,BackwardsDigitSpan-v2.0,11,1,2025-06-26 01:06:02 (Central Daylight Time),"Mozilla/5.0 (iPhone; CPU iPhone OS 18_5 like Mac OS X) AppleWebKit/605.1.15 (KHTML, like Gecko) Version/18.5 Mobile/15E148 Safari/604.1",3864cfaa-faed-4ef5-a4fd-37087899f8c3,844,390,span,14.0,2025-06-26 01:09:34 (Central Daylight Time),211609,8,46780531.0,13508764,1.0,False,6627.0,5287.0,13084605,3.0,adolescent,2025-06-16,test,10,,8,7.25,7,7
projectseed-bds-production,BackwardsDigitSpan-v2.0,11,1,2025-06-27 01:04:30 (Central Daylight Time),"Mozilla/5.0 (iPhone; CPU iPhone OS 18_5 like Mac OS X) AppleWebKit/605.1.15 (KHTML, like Gecko) Version/18.5 Mobile/15E148 Safari/604.1",c9c0f04b-d634-489e-8257-3c616e2347a9,844,390,span,-999.0,2025-06-27 01:04:42 (Central Daylight Time),12804,2,76.0,67,0.0,True,2841.0,365.0,67,1.0,adolescent,2025-06-16,training,11,,8,7.5,8,9
projectseed-bds-production,BackwardsDigitSpan-v2.0,11,1,2025-06-27 01:04:30 (Central Daylight Time),"Mozilla/5.0 (iPhone; CPU iPhone OS 18_5 like Mac OS X) AppleWebKit/605.1.15 (KHTML, like Gecko) Version/18.5 Mobile/15E148 Safari/604.1",c9c0f04b-d634-489e-8257-3c616e2347a9,844,390,span,-999.0,2025-06-27 01:04:47 (Central Daylight Time),17475,2,13.0,31,0.0,True,1094.0,230.0,31,2.0,adolescent,2025-06-16,training,11,,8,7.5,8,9
projectseed-bds-production,BackwardsDigitSpan-v2.0,11,1,2025-06-27 01:04:30 (Central Daylight Time),"Mozilla/5.0 (iPhone; CPU iPhone OS 18_5 like Mac OS X) AppleWebKit/605.1.15 (KHTML, like Gecko) Version/18.5 Mobile/15E148 Safari/604.1",c9c0f04b-d634-489e-8257-3c616e2347a9,844,390,span,-999.0,2025-06-27 01:04:55 (Central Daylight Time),25114,3,731.0,137,0.0,False,2865.0,816.0,731,1.0,adolescent,2025-06-16,training,11,,8,7.5,8,9
projectseed-bds-production,BackwardsDigitSpan-v2.0,11,1,2025-06-27 01:04:30 (Central Daylight Time),"Mozilla/5.0 (iPhone; CPU iPhone OS 18_5 like Mac OS X) AppleWebKit/605.1.15 (KHTML, like Gecko) Version/18.5 Mobile/15E148 Safari/604.1",c9c0f04b-d634-489e-8257-3c616e2347a9,844,390,span,-999.0,2025-06-27 01:05:00 (Central Daylight Time),30168,2,38.0,83,0.0,True,1480.0,265.0,83,1.0,adolescent,2025-06-16,training,11,,8,7.5,8,9
projectseed-bds-production,BackwardsDigitSpan-v2.0,11,1,2025-06-27 01:04:30 (Central Daylight Time),"Mozilla/5.0 (iPhone; CPU iPhone OS 18_5 like Mac OS X) AppleWebKit/605.1.15 (KHTML, like Gecko) Version/18.5 Mobile/15E148 Safari/604.1",c9c0f04b-d634-489e-8257-3c616e2347a9,844,390,span,-999.0,2025-06-27 01:05:05 (Central Daylight Time),35108,2,62.0,26,0.0,True,1380.0,366.0,26,1.000000000007276,adolescent,2025-06-16,training,11,,8,7.5,8,9
projectseed-bds-production,BackwardsDigitSpan-v2.0,11,1,2025-06-27 01:04:30 (Central Daylight Time),"Mozilla/5.0 (iPhone; CPU iPhone OS 18_5 like Mac OS X) AppleWebKit/605.1.15 (KHTML, like Gecko) Version/18.5 Mobile/15E148 Safari/604.1",c9c0f04b-d634-489e-8257-3c616e2347a9,844,390,span,1.0,2025-06-27 01:05:09 (Central Daylight Time),39873,2,13.0,31,1.0,True,1026.0,248.0,31,0.0,adolescent,2025-06-16,test,11,,8,7.5,8,9
projectseed-bds-production,BackwardsDigitSpan-v2.0,11,1,2025-06-27 01:04:30 (Central Daylight Time),"Mozilla/5.0 (iPhone; CPU iPhone OS 18_5 like Mac OS X) AppleWebKit/605.1.15 (KHTML, like Gecko) Version/18.5 Mobile/15E148 Safari/604.1",c9c0f04b-d634-489e-8257-3c616e2347a9,844,390,span,2.0,2025-06-27 01:05:17 (Central Daylight Time),46963,3,291.0,192,1.0,False,3082.0,1101.0,129,1.0,adolescent,2025-06-16,test,11,,8,7.5,8,9
projectseed-bds-production,BackwardsDigitSpan-v2.0,11,1,2025-06-27 01:04:30 (Central Daylight Time),"Mozilla/5.0 (iPhone; CPU iPhone OS 18_5 like Mac OS X) AppleWebKit/605.1.15 (KHTML, like Gecko) Version/18.5 Mobile/15E148 Safari/604.1",c9c0f04b-d634-489e-8257-3c616e2347a9,844,390,span,3.0,2025-06-27 01:05:25 (Central Daylight Time),54917,3,289.0,982,1.0,True,3948.0,601.0,982,0.0,adolescent,2025-06-16,test,11,,8,7.5,8,9
projectseed-bds-production,BackwardsDigitSpan-v2.0,11,1,2025-06-27 01:04:30 (Central Daylight Time),"Mozilla/5.0 (iPhone; CPU iPhone OS 18_5 like Mac OS X) AppleWebKit/605.1.15 (KHTML, like Gecko) Version/18.5 Mobile/15E148 Safari/604.1",c9c0f04b-d634-489e-8257-3c616e2347a9,844,390,span,4.0,2025-06-27 01:05:35 (Central Daylight Time),64906,4,1724.0,4271,1.0,True,4980.0,3235.0,4271,0.0,adolescent,2025-06-16,test,11,,8,7.5,8,9
projectseed-bds-production,BackwardsDigitSpan-v2.0,11,1,2025-06-27 01:04:30 (Central Daylight Time),"Mozilla/5.0 (iPhone; CPU iPhone OS 18_5 like Mac OS X) AppleWebKit/605.1.15 (KHTML, like Gecko) Version/18.5 Mobile/15E148 Safari/604.1",c9c0f04b-d634-489e-8257-3c616e2347a9,844,390,span,5.0,2025-06-27 01:05:49 (Central Daylight Time),79637,5,57364.0,46375,1.0,True,8720.0,6639.0,46375,1.0,adolescent,2025-06-16,test,11,,8,7.5,8,9
projectseed-bds-production,BackwardsDigitSpan-v2.0,11,1,2025-06-27 01:04:30 (Central Daylight Time),"Mozilla/5.0 (iPhone; CPU iPhone OS 18_5 like Mac OS X) AppleWebKit/605.1.15 (KHTML, like Gecko) Version/18.5 Mobile/15E148 Safari/604.1",c9c0f04b-d634-489e-8257-3c616e2347a9,844,390,span,6.0,2025-06-27 01:06:04 (Central Daylight Time),94146,6,601725.0,527106,1.0,True,7495.0,5170.0,527106,2.999999999985448,adolescent,2025-06-16,test,11,,8,7.5,8,9
projectseed-bds-production,BackwardsDigitSpan-v2.0,11,1,2025-06-27 01:04:30 (Central Daylight Time),"Mozilla/5.0 (iPhone; CPU iPhone OS 18_5 like Mac OS X) AppleWebKit/605.1.15 (KHTML, like Gecko) Version/18.5 Mobile/15E148 Safari/604.1",c9c0f04b-d634-489e-8257-3c616e2347a9,844,390,span,7.0,2025-06-27 01:06:17 (Central Daylight Time),107471,7,1789463.0,3649871,1.0,False,5313.0,4385.0,3469871,0.9999999999854481,adolescent,2025-06-16,test,11,,8,7.5,8,9
projectseed-bds-production,BackwardsDigitSpan-v2.0,11,1,2025-06-27 01:04:30 (Central Daylight Time),"Mozilla/5.0 (iPhone; CPU iPhone OS 18_5 like Mac OS X) AppleWebKit/605.1.15 (KHTML, like Gecko) Version/18.5 Mobile/15E148 Safari/604.1",c9c0f04b-d634-489e-8257-3c616e2347a9,844,390,span,8.0,2025-06-27 01:06:32 (Central Daylight Time),122447,7,2698307.0,7038962,1.0,True,6963.0,6004.0,7038962,2.0,adolescent,2025-06-16,test,11,,8,7.5,8,9
projectseed-bds-production,BackwardsDigitSpan-v2.0,11,1,2025-06-27 01:04:30 (Central Daylight Time),"Mozilla/5.0 (iPhone; CPU iPhone OS 18_5 like Mac OS X) AppleWebKit/605.1.15 (KHTML, like Gecko) Version/18.5 Mobile/15E148 Safari/604.1",c9c0f04b-d634-489e-8257-3c616e2347a9,844,390,span,9.0,2025-06-27 01:06:49 (Central Daylight Time),139390,8,15847203.0,30274851,1.0,True,7928.0,7069.0,30274851,2.0,adolescent,2025-06-16,test,11,,8,7.5,8,9
projectseed-bds-production,BackwardsDigitSpan-v2.0,11,1,2025-06-27 01:04:30 (Central Daylight Time),"Mozilla/5.0 (iPhone; CPU iPhone OS 18_5 like Mac OS X) AppleWebKit/605.1.15 (KHTML, like Gecko) Version/18.5 Mobile/15E148 Safari/604.1",c9c0f04b-d634-489e-8257-3c616e2347a9,844,390,span,10.0,2025-06-27 01:07:07 (Central Daylight Time),157382,9,254638109.0,901836452,1.0,False,7975.0,6853.0,901846352,3.0,adolescent,2025-06-16,test,11,,8,7.5,8,9
projectseed-bds-production,BackwardsDigitSpan-v2.0,11,1,2025-06-27 01:04:30 (Central Daylight Time),"Mozilla/5.0 (iPhone; CPU iPhone OS 18_5 like Mac OS X) AppleWebKit/605.1.15 (KHTML, like Gecko) Version/18.5 Mobile/15E148 Safari/604.1",c9c0f04b-d634-489e-8257-3c616e2347a9,844,390,span,11.0,2025-06-27 01:07:23 (Central Daylight Time),173278,9,543761892.0,298167345,1.0,False,5879.0,4654.0,298554374,1.0,adolescent,2025-06-16,test,11,,8,7.5,8,9
projectseed-bds-production,BackwardsDigitSpan-v2.0,11,1,2025-06-27 01:04:30 (Central Daylight Time),"Mozilla/5.0 (iPhone; CPU iPhone OS 18_5 like Mac OS X) AppleWebKit/605.1.15 (KHTML, like Gecko) Version/18.5 Mobile/15E148 Safari/604.1",c9c0f04b-d634-489e-8257-3c616e2347a9,844,390,span,12.0,2025-06-27 01:07:43 (Central Daylight Time),193656,8,62350178.0,87105326,1.0,True,11362.0,10321.0,87105326,3.0,adolescent,2025-06-16,test,11,,8,7.5,8,9
projectseed-bds-production,BackwardsDigitSpan-v2.0,11,1,2025-06-27 01:04:30 (Central Daylight Time),"Mozilla/5.0 (iPhone; CPU iPhone OS 18_5 like Mac OS X) AppleWebKit/605.1.15 (KHTML, like Gecko) Version/18.5 Mobile/15E148 Safari/604.1",c9c0f04b-d634-489e-8257-3c616e2347a9,844,390,span,13.0,2025-06-27 01:08:07 (Central Daylight Time),217842,9,534021769.0,967120435,1.0,False,14168.0,13043.0,962716204,2.0,adolescent,2025-06-16,test,11,,8,7.5,8,9
projectseed-bds-production,BackwardsDigitSpan-v2.0,11,1,2025-06-27 01:04:30 (Central Daylight Time),"Mozilla/5.0 (iPhone; CPU iPhone OS 18_5 like Mac OS X) AppleWebKit/605.1.15 (KHTML, like Gecko) Version/18.5 Mobile/15E148 Safari/604.1",c9c0f04b-d634-489e-8257-3c616e2347a9,844,390,span,14.0,2025-06-27 01:08:25 (Central Daylight Time),235259,9,481960372.0,273069184,1.0,False,7399.0,6123.0,273849132,3.0,adolescent,2025-06-16,test,11,,8,7.5,8,9
projectseed-bds-production,BackwardsDigitSpan-v2.0,11,1,2025-06-28 01:12:44 (Central Daylight Time),"Mozilla/5.0 (iPhone; CPU iPhone OS 18_5 like Mac OS X) AppleWebKit/605.1.15 (KHTML, like Gecko) Version/18.5 Mobile/15E148 Safari/604.1",690ea768-192f-4b56-856e-1ffed781789a,844,390,span,-999.0,2025-06-28 01:12:56 (Central Daylight Time),12043,2,29.0,92,0.0,True,2593.0,634.0,92,0.9999999999990905,adolescent,2025-06-16,training,12,,3,3.0,3,2
projectseed-bds-production,BackwardsDigitSpan-v2.0,11,1,2025-06-28 01:12:44 (Central Daylight Time),"Mozilla/5.0 (iPhone; CPU iPhone OS 18_5 like Mac OS X) AppleWebKit/605.1.15 (KHTML, like Gecko) Version/18.5 Mobile/15E148 Safari/604.1",690ea768-192f-4b56-856e-1ffed781789a,844,390,span,-999.0,2025-06-28 01:13:01 (Central Daylight Time),17514,2,37.0,73,0.0,True,1746.0,550.0,73,0.0,adolescent,2025-06-16,training,12,,3,3.0,3,2
projectseed-bds-production,BackwardsDigitSpan-v2.0,11,1,2025-06-28 01:12:44 (Central Daylight Time),"Mozilla/5.0 (iPhone; CPU iPhone OS 18_5 like Mac OS X) AppleWebKit/605.1.15 (KHTML, like Gecko) Version/18.5 Mobile/15E148 Safari/604.1",690ea768-192f-4b56-856e-1ffed781789a,844,390,span,-999.0,2025-06-28 01:13:09 (Central Daylight Time),25633,3,465.0,564,0.0,True,3365.0,1919.0,564,1.0,adolescent,2025-06-16,training,12,,3,3.0,3,2
projectseed-bds-production,BackwardsDigitSpan-v2.0,11,1,2025-06-28 01:12:44 (Central Daylight Time),"Mozilla/5.0 (iPhone; CPU iPhone OS 18_5 like Mac OS X) AppleWebKit/605.1.15 (KHTML, like Gecko) Version/18.5 Mobile/15E148 Safari/604.1",690ea768-192f-4b56-856e-1ffed781789a,844,390,span,1.0,2025-06-28 01:13:15 (Central Daylight Time),31106,2,27.0,72,1.0,True,1426.0,398.0,72,0.0,adolescent,2025-06-16,test,12,,3,3.0,3,2
projectseed-bds-production,BackwardsDigitSpan-v2.0,11,1,2025-06-28 01:12:44 (Central Daylight Time),"Mozilla/5.0 (iPhone; CPU iPhone OS 18_5 like Mac OS X) AppleWebKit/605.1.15 (KHTML, like Gecko) Version/18.5 Mobile/15E148 Safari/604.1",690ea768-192f-4b56-856e-1ffed781789a,844,390,span,2.0,2025-06-28 01:13:21 (Central Daylight Time),37646,3,254.0,452,1.0,True,2528.0,834.0,452,1.999999999996362,adolescent,2025-06-16,test,12,,3,3.0,3,2
projectseed-bds-production,BackwardsDigitSpan-v2.0,11,1,2025-06-28 01:12:44 (Central Daylight Time),"Mozilla/5.0 (iPhone; CPU iPhone OS 18_5 like Mac OS X) AppleWebKit/605.1.15 (KHTML, like Gecko) Version/18.5 Mobile/15E148 Safari/604.1",690ea768-192f-4b56-856e-1ffed781789a,844,390,span,3.0,2025-06-28 01:13:33 (Central Daylight Time),49083,4,9126.0,6219,1.0,False,6427.0,4152.0,6212,1.999999999992724,adolescent,2025-06-16,test,12,,3,3.0,3,2
projectseed-bds-production,BackwardsDigitSpan-v2.0,11,1,2025-06-28 01:12:44 (Central Daylight Time),"Mozilla/5.0 (iPhone; CPU iPhone OS 18_5 like Mac OS X) AppleWebKit/605.1.15 (KHTML, like Gecko) Version/18.5 Mobile/15E148 Safari/604.1",690ea768-192f-4b56-856e-1ffed781789a,844,390,span,4.0,2025-06-28 01:13:45 (Central Daylight Time),60722,4,3204.0,4023,1.0,False,6629.0,3768.0,4003,1.0,adolescent,2025-06-16,test,12,,3,3.0,3,2
projectseed-bds-production,BackwardsDigitSpan-v2.0,11,1,2025-06-28 01:12:44 (Central Daylight Time),"Mozilla/5.0 (iPhone; CPU iPhone OS 18_5 like Mac OS X) AppleWebKit/605.1.15 (KHTML, like Gecko) Version/18.5 Mobile/15E148 Safari/604.1",690ea768-192f-4b56-856e-1ffed781789a,844,390,span,5.0,2025-06-28 01:13:52 (Central Daylight Time),68207,3,471.0,174,1.0,True,3477.0,1400.0,174,2.000000000007276,adolescent,2025-06-16,test,12,,3,3.0,3,2
projectseed-bds-production,BackwardsDigitSpan-v2.0,11,1,2025-06-28 01:12:44 (Central Daylight Time),"Mozilla/5.0 (iPhone; CPU iPhone OS 18_5 like Mac OS X) AppleWebKit/605.1.15 (KHTML, like Gecko) Version/18.5 Mobile/15E148 Safari/604.1",690ea768-192f-4b56-856e-1ffed781789a,844,390,span,6.0,2025-06-28 01:14:04 (Central Daylight Time),80378,4,9523.0,3259,1.0,False,7162.0,5352.0,3249,2.0,adolescent,2025-06-16,test,12,,3,3.0,3,2
projectseed-bds-production,BackwardsDigitSpan-v2.0,11,1,2025-06-28 01:12:44 (Central Daylight Time),"Mozilla/5.0 (iPhone; CPU iPhone OS 18_5 like Mac OS X) AppleWebKit/605.1.15 (KHTML, like Gecko) Version/18.5 Mobile/15E148 Safari/604.1",690ea768-192f-4b56-856e-1ffed781789a,844,390,span,7.0,2025-06-28 01:14:11 (Central Daylight Time),87609,4,2981.0,1892,1.0,False,2222.0,1779.0,3481,0.9999999999854481,adolescent,2025-06-16,test,12,,3,3.0,3,2
projectseed-bds-production,BackwardsDigitSpan-v2.0,11,1,2025-06-28 01:12:44 (Central Daylight Time),"Mozilla/5.0 (iPhone; CPU iPhone OS 18_5 like Mac OS X) AppleWebKit/605.1.15 (KHTML, like Gecko) Version/18.5 Mobile/15E148 Safari/604.1",690ea768-192f-4b56-856e-1ffed781789a,844,390,span,8.0,2025-06-28 01:14:19 (Central Daylight Time),95301,3,584.0,485,1.0,True,3685.0,2033.0,485,0.0,adolescent,2025-06-16,test,12,,3,3.0,3,2
projectseed-bds-production,BackwardsDigitSpan-v2.0,11,1,2025-06-28 01:12:44 (Central Daylight Time),"Mozilla/5.0 (iPhone; CPU iPhone OS 18_5 like Mac OS X) AppleWebKit/605.1.15 (KHTML, like Gecko) Version/18.5 Mobile/15E148 Safari/604.1",690ea768-192f-4b56-856e-1ffed781789a,844,390,span,9.0,2025-06-28 01:14:30 (Central Daylight Time),106240,4,5982.0,2895,1.0,False,5928.0,1750.0,4943,2.0,adolescent,2025-06-16,test,12,,3,3.0,3,2
projectseed-bds-production,BackwardsDigitSpan-v2.0,11,1,2025-06-28 01:12:44 (Central Daylight Time),"Mozilla/5.0 (iPhone; CPU iPhone OS 18_5 like Mac OS X) AppleWebKit/605.1.15 (KHTML, like Gecko) Version/18.5 Mobile/15E148 Safari/604.1",690ea768-192f-4b56-856e-1ffed781789a,844,390,span,10.0,2025-06-28 01:14:37 (Central Daylight Time),113177,4,6597.0,7956,1.0,False,1928.0,1333.0,3432,0.0,adolescent,2025-06-16,test,12,,3,3.0,3,2
projectseed-bds-production,BackwardsDigitSpan-v2.0,11,1,2025-06-28 01:12:44 (Central Daylight Time),"Mozilla/5.0 (iPhone; CPU iPhone OS 18_5 like Mac OS X) AppleWebKit/605.1.15 (KHTML, like Gecko) Version/18.5 Mobile/15E148 Safari/604.1",690ea768-192f-4b56-856e-1ffed781789a,844,390,span,11.0,2025-06-28 01:14:43 (Central Daylight Time),118848,3,849.0,948,1.0,False,1663.0,1118.0,322,2.0,adolescent,2025-06-16,test,12,,3,3.0,3,2
projectseed-bds-production,BackwardsDigitSpan-v2.0,11,1,2025-06-28 01:12:44 (Central Daylight Time),"Mozilla/5.0 (iPhone; CPU iPhone OS 18_5 like Mac OS X) AppleWebKit/605.1.15 (KHTML, like Gecko) Version/18.5 Mobile/15E148 Safari/604.1",690ea768-192f-4b56-856e-1ffed781789a,844,390,span,12.0,2025-06-28 01:14:57 (Central Daylight Time),132938,3,597.0,795,1.0,False,10083.0,989.0,234,1.0,adolescent,2025-06-16,test,12,,3,3.0,3,2
projectseed-bds-production,BackwardsDigitSpan-v2.0,11,1,2025-06-28 01:12:44 (Central Daylight Time),"Mozilla/5.0 (iPhone; CPU iPhone OS 18_5 like Mac OS X) AppleWebKit/605.1.15 (KHTML, like Gecko) Version/18.5 Mobile/15E148 Safari/604.1",690ea768-192f-4b56-856e-1ffed781789a,844,390,span,13.0,2025-06-28 01:15:02 (Central Daylight Time),137957,2,34.0,43,1.0,True,2013.0,599.0,43,0.0,adolescent,2025-06-16,test,12,,3,3.0,3,2
projectseed-bds-production,BackwardsDigitSpan-v2.0,11,1,2025-06-28 01:12:44 (Central Daylight Time),"Mozilla/5.0 (iPhone; CPU iPhone OS 18_5 like Mac OS X) AppleWebKit/605.1.15 (KHTML, like Gecko) Version/18.5 Mobile/15E148 Safari/604.1",690ea768-192f-4b56-856e-1ffed781789a,844,390,span,14.0,2025-06-28 01:15:07 (Central Daylight Time),143543,3,842.0,248,1.0,False,1579.0,766.0,227,0.0,adolescent,2025-06-16,test,12,,3,3.0,3,2
projectseed-bds-production,BackwardsDigitSpan-v2.0,11,1,2025-06-29 00:00:06 (Central Daylight Time),"Mozilla/5.0 (iPhone; CPU iPhone OS 18_5 like Mac OS X) AppleWebKit/605.1.15 (KHTML, like Gecko) Version/18.5 Mobile/15E148 Safari/604.1",f4876cc2-ba19-4b80-b668-8b957b4858f2,844,390,span,-999.0,2025-06-29 00:00:15 (Central Daylight Time),8825,2,98.0,89,0.0,True,1226.0,164.0,89,1.0,adolescent,2025-06-16,training,13,,7,5.7333,2,1
projectseed-bds-production,BackwardsDigitSpan-v2.0,11,1,2025-06-29 00:00:06 (Central Daylight Time),"Mozilla/5.0 (iPhone; CPU iPhone OS 18_5 like Mac OS X) AppleWebKit/605.1.15 (KHTML, like Gecko) Version/18.5 Mobile/15E148 Safari/604.1",f4876cc2-ba19-4b80-b668-8b957b4858f2,844,390,span,-999.0,2025-06-29 00:00:19 (Central Daylight Time),13458,2,82.0,28,0.0,True,1043.0,384.0,28,0.0,adolescent,2025-06-16,training,13,,7,5.7333,2,1
projectseed-bds-production,BackwardsDigitSpan-v2.0,11,1,2025-06-29 00:00:06 (Central Daylight Time),"Mozilla/5.0 (iPhone; CPU iPhone OS 18_5 like Mac OS X) AppleWebKit/605.1.15 (KHTML, like Gecko) Version/18.5 Mobile/15E148 Safari/604.1",f4876cc2-ba19-4b80-b668-8b957b4858f2,844,390,span,-999.0,2025-06-29 00:00:26 (Central Daylight Time),20073,3,489.0,984,0.0,False,1792.0,870.0,849,0.0,adolescent,2025-06-16,training,13,,7,5.7333,2,1
projectseed-bds-production,BackwardsDigitSpan-v2.0,11,1,2025-06-29 00:00:06 (Central Daylight Time),"Mozilla/5.0 (iPhone; CPU iPhone OS 18_5 like Mac OS X) AppleWebKit/605.1.15 (KHTML, like Gecko) Version/18.5 Mobile/15E148 Safari/604.1",f4876cc2-ba19-4b80-b668-8b957b4858f2,844,390,span,-999.0,2025-06-29 00:00:31 (Central Daylight Time),25424,2,57.0,75,0.0,True,1696.0,447.0,75,1.0,adolescent,2025-06-16,training,13,,7,5.7333,2,1
projectseed-bds-production,BackwardsDigitSpan-v2.0,11,1,2025-06-29 00:00:06 (Central Daylight Time),"Mozilla/5.0 (iPhone; CPU iPhone OS 18_5 like Mac OS X) AppleWebKit/605.1.15 (KHTML, like Gecko) Version/18.5 Mobile/15E148 Safari/604.1",f4876cc2-ba19-4b80-b668-8b957b4858f2,844,390,span,-999.0,2025-06-29 00:00:37 (Central Daylight Time),30910,2,63.0,36,0.0,True,1896.0,1253.0,36,1.0,adolescent,2025-06-16,training,13,,7,5.7333,2,1
projectseed-bds-production,BackwardsDigitSpan-v2.0,11,1,2025-06-29 00:00:06 (Central Daylight Time),"Mozilla/5.0 (iPhone; CPU iPhone OS 18_5 like Mac OS X) AppleWebKit/605.1.15 (KHTML, like Gecko) Version/18.5 Mobile/15E148 Safari/604.1",f4876cc2-ba19-4b80-b668-8b957b4858f2,844,390,span,1.0,2025-06-29 00:00:43 (Central Daylight Time),37394,2,46.0,64,1.0,True,2326.0,402.0,64,0.0,adolescent,2025-06-16,test,13,,7,5.7333,2,1
projectseed-bds-production,BackwardsDigitSpan-v2.0,11,1,2025-06-29 00:00:06 (Central Daylight Time),"Mozilla/5.0 (iPhone; CPU iPhone OS 18_5 like Mac OS X) AppleWebKit/605.1.15 (KHTML, like Gecko) Version/18.5 Mobile/15E148 Safari/604.1",f4876cc2-ba19-4b80-b668-8b957b4858f2,844,390,span,2.0,2025-06-29 00:00:50 (Central Daylight Time),44158,3,907.0,709,1.0,False,2751.0,1013.0,790,1.0,adolescent,2025-06-16,test,13,,7,5.7333,2,1
projectseed-bds-production,BackwardsDigitSpan-v2.0,11,1,2025-06-29 00:00:06 (Central Daylight Time),"Mozilla/5.0 (iPhone; CPU iPhone OS 18_5 like Mac OS X) AppleWebKit/605.1.15 (KHTML, like Gecko) Version/18.5 Mobile/15E148 Safari/604.1",f4876cc2-ba19-4b80-b668-8b957b4858f2,844,390,span,3.0,2025-06-29 00:00:58 (Central Daylight Time),52347,3,157.0,751,1.0,False,4181.0,729.0,347,1.0,adolescent,2025-06-16,test,13,,7,5.7333,2,1
projectseed-bds-production,BackwardsDigitSpan-v2.0,11,1,2025-06-29 00:00:06 (Central Daylight Time),"Mozilla/5.0 (iPhone; CPU iPhone OS 18_5 like Mac OS X) AppleWebKit/605.1.15 (KHTML, like Gecko) Version/18.5 Mobile/15E148 Safari/604.1",f4876cc2-ba19-4b80-b668-8b957b4858f2,844,390,span,4.0,2025-06-29 00:01:04 (Central Daylight Time),57749,2,26.0,62,1.0,True,2397.0,283.0,62,0.0,adolescent,2025-06-16,test,13,,7,5.7333,2,1
projectseed-bds-production,BackwardsDigitSpan-v2.0,11,1,2025-06-29 00:00:06 (Central Daylight Time),"Mozilla/5.0 (iPhone; CPU iPhone OS 18_5 like Mac OS X) AppleWebKit/605.1.15 (KHTML, like Gecko) Version/18.5 Mobile/15E148 Safari/604.1",f4876cc2-ba19-4b80-b668-8b957b4858f2,844,390,span,5.0,2025-06-29 00:01:12 (Central Daylight Time),65764,3,412.0,214,1.0,False,4008.0,1000.0,241,1.0,adolescent,2025-06-16,test,13,,7,5.7333,2,1
projectseed-bds-production,BackwardsDigitSpan-v2.0,11,1,2025-06-29 00:00:06 (Central Daylight Time),"Mozilla/5.0 (iPhone; CPU iPhone OS 18_5 like Mac OS X) AppleWebKit/605.1.15 (KHTML, like Gecko) Version/18.5 Mobile/15E148 Safari/604.1",f4876cc2-ba19-4b80-b668-8b957b4858f2,844,390,span,6.0,2025-06-29 00:01:18 (Central Daylight Time),71896,3,172.0,271,1.0,True,2124.0,366.0,271,1.0,adolescent,2025-06-16,test,13,,7,5.7333,2,1
projectseed-bds-production,BackwardsDigitSpan-v2.0,11,1,2025-06-29 00:00:06 (Central Daylight Time),"Mozilla/5.0 (iPhone; CPU iPhone OS 18_5 like Mac OS X) AppleWebKit/605.1.15 (KHTML, like Gecko) Version/18.5 Mobile/15E148 Safari/604.1",f4876cc2-ba19-4b80-b668-8b957b4858f2,844,390,span,7.0,2025-06-29 00:01:25 (Central Daylight Time),79528,4,2139.0,9312,1.0,False,2624.0,1249.0,9321,2.0,adolescent,2025-06-16,test,13,,7,5.7333,2,1
projectseed-bds-production,BackwardsDigitSpan-v2.0,11,1,2025-06-29 00:00:06 (Central Daylight Time),"Mozilla/5.0 (iPhone; CPU iPhone OS 18_5 like Mac OS X) AppleWebKit/605.1.15 (KHTML, like Gecko) Version/18.5 Mobile/15E148 Safari/604.1",f4876cc2-ba19-4b80-b668-8b957b4858f2,844,390,span,8.0,2025-06-29 00:01:32 (Central Daylight Time),86330,4,1754.0,4571,1.0,False,1793.0,935.0,4371,1.0,adolescent,2025-06-16,test,13,,7,5.7333,2,1
projectseed-bds-production,BackwardsDigitSpan-v2.0,11,1,2025-06-29 00:00:06 (Central Daylight Time),"Mozilla/5.0 (iPhone; CPU iPhone OS 18_5 like Mac OS X) AppleWebKit/605.1.15 (KHTML, like Gecko) Version/18.5 Mobile/15E148 Safari/604.1",f4876cc2-ba19-4b80-b668-8b957b4858f2,844,390,span,9.0,2025-06-29 00:01:38 (Central Daylight Time),92196,3,739.0,937,1.0,True,1859.0,567.0,937,1.0,adolescent,2025-06-16,test,13,,7,5.7333,2,1
projectseed-bds-production,BackwardsDigitSpan-v2.0,11,1,2025-06-29 00:00:06 (Central Daylight Time),"Mozilla/5.0 (iPhone; CPU iPhone OS 18_5 like Mac OS X) AppleWebKit/605.1.15 (KHTML, like Gecko) Version/18.5 Mobile/15E148 Safari/604.1",f4876cc2-ba19-4b80-b668-8b957b4858f2,844,390,span,10.0,2025-06-29 00:01:46 (Central Daylight Time),100428,4,4608.0,8064,1.0,True,3224.0,2168.0,8064,2.000000000029104,adolescent,2025-06-16,test,13,,7,5.7333,2,1
projectseed-bds-production,BackwardsDigitSpan-v2.0,11,1,2025-06-29 00:00:06 (Central Daylight Time),"Mozilla/5.0 (iPhone; CPU iPhone OS 18_5 like Mac OS X) AppleWebKit/605.1.15 (KHTML, like Gecko) Version/18.5 Mobile/15E148 Safari/604.1",f4876cc2-ba19-4b80-b668-8b957b4858f2,844,390,span,11.0,2025-06-29 00:01:56 (Central Daylight Time),110576,5,37892.0,29873,1.0,True,4139.0,3065.0,29873,2.0,adolescent,2025-06-16,test,13,,7,5.7333,2,1
projectseed-bds-production,BackwardsDigitSpan-v2.0,11,1,2025-06-29 00:00:06 (Central Daylight Time),"Mozilla/5.0 (iPhone; CPU iPhone OS 18_5 like Mac OS X) AppleWebKit/605.1.15 (KHTML, like Gecko) Version/18.5 Mobile/15E148 Safari/604.1",f4876cc2-ba19-4b80-b668-8b957b4858f2,844,390,span,12.0,2025-06-29 00:02:08 (Central Daylight Time),122258,6,542698.0,896245,1.0,False,4669.0,2866.0,899887,1.000000000014552,adolescent,2025-06-16,test,13,,7,5.7333,2,1
projectseed-bds-production,BackwardsDigitSpan-v2.0,11,1,2025-06-29 00:00:06 (Central Daylight Time),"Mozilla/5.0 (iPhone; CPU iPhone OS 18_5 like Mac OS X) AppleWebKit/605.1.15 (KHTML, like Gecko) Version/18.5 Mobile/15E148 Safari/604.1",f4876cc2-ba19-4b80-b668-8b957b4858f2,844,390,span,13.0,2025-06-29 00:02:21 (Central Daylight Time),135274,6,746532.0,235647,1.0,True,6004.0,4816.0,235647,0.9999999999854481,adolescent,2025-06-16,test,13,,7,5.7333,2,1
projectseed-bds-production,BackwardsDigitSpan-v2.0,11,1,2025-06-29 00:00:06 (Central Daylight Time),"Mozilla/5.0 (iPhone; CPU iPhone OS 18_5 like Mac OS X) AppleWebKit/605.1.15 (KHTML, like Gecko) Version/18.5 Mobile/15E148 Safari/604.1",f4876cc2-ba19-4b80-b668-8b957b4858f2,844,390,span,14.0,2025-06-29 00:02:34 (Central Daylight Time),148578,7,3708195.0,5918073,1.0,True,5291.0,4285.0,5918073,3.000000000029104,adolescent,2025-06-16,test,13,,7,5.7333,2,1
projectseed-bds-production,BackwardsDigitSpan-v2.0,11,1,2025-06-30 01:26:27 (Central Daylight Time),"Mozilla/5.0 (iPhone; CPU iPhone OS 18_5 like Mac OS X) AppleWebKit/605.1.15 (KHTML, like Gecko) Version/18.5 Mobile/15E148 Safari/604.1",b84733ba-5b66-4236-90f3-77e80d10c719,844,390,span,-999.0,2025-06-30 01:26:38 (Central Daylight Time),11291,2,62.0,26,0.0,True,1293.0,566.0,26,1.0,adolescent,2025-06-16,training,14,,6,5.3333,6,6
projectseed-bds-production,BackwardsDigitSpan-v2.0,11,1,2025-06-30 01:26:27 (Central Daylight Time),"Mozilla/5.0 (iPhone; CPU iPhone OS 18_5 like Mac OS X) AppleWebKit/605.1.15 (KHTML, like Gecko) Version/18.5 Mobile/15E148 Safari/604.1",b84733ba-5b66-4236-90f3-77e80d10c719,844,390,span,-999.0,2025-06-30 01:26:44 (Central Daylight Time),16746,2,57.0,75,0.0,True,1714.0,999.0,75,1.000000000001819,adolescent,2025-06-16,training,14,,6,5.3333,6,6
projectseed-bds-production,BackwardsDigitSpan-v2.0,11,1,2025-06-30 01:26:27 (Central Daylight Time),"Mozilla/5.0 (iPhone; CPU iPhone OS 18_5 like Mac OS X) AppleWebKit/605.1.15 (KHTML, like Gecko) Version/18.5 Mobile/15E148 Safari/604.1",b84733ba-5b66-4236-90f3-77e80d10c719,844,390,span,-999.0,2025-06-30 01:26:51 (Central Daylight Time),24054,3,179.0,971,0.0,True,2547.0,966.0,971,1.0,adolescent,2025-06-16,training,14,,6,5.3333,6,6
projectseed-bds-production,BackwardsDigitSpan-v2.0,11,1,2025-06-30 01:26:27 (Central Daylight Time),"Mozilla/5.0 (iPhone; CPU iPhone OS 18_5 like Mac OS X) AppleWebKit/605.1.15 (KHTML, like Gecko) Version/18.5 Mobile/15E148 Safari/604.1",b84733ba-5b66-4236-90f3-77e80d10c719,844,390,span,1.0,2025-06-30 01:26:57 (Central Daylight Time),30061,2,26.0,62,1.0,True,2314.0,349.0,62,0.0,adolescent,2025-06-16,test,14,,6,5.3333,6,6
projectseed-bds-production,BackwardsDigitSpan-v2.0,11,1,2025-06-30 01:26:27 (Central Daylight Time),"Mozilla/5.0 (iPhone; CPU iPhone OS 18_5 like Mac OS X) AppleWebKit/605.1.15 (KHTML, like Gecko) Version/18.5 Mobile/15E148 Safari/604.1",b84733ba-5b66-4236-90f3-77e80d10c719,844,390,span,2.0,2025-06-30 01:27:04 (Central Daylight Time),36452,3,372.0,273,1.0,True,2382.0,934.0,273,1.0,adolescent,2025-06-16,test,14,,6,5.3333,6,6
projectseed-bds-production,BackwardsDigitSpan-v2.0,11,1,2025-06-30 01:26:27 (Central Daylight Time),"Mozilla/5.0 (iPhone; CPU iPhone OS 18_5 like Mac OS X) AppleWebKit/605.1.15 (KHTML, like Gecko) Version/18.5 Mobile/15E148 Safari/604.1",b84733ba-5b66-4236-90f3-77e80d10c719,844,390,span,3.0,2025-06-30 01:27:12 (Central Daylight Time),44726,4,1637.0,7361,1.0,True,3264.0,1483.0,7361,2.0,adolescent,2025-06-16,test,14,,6,5.3333,6,6
projectseed-bds-production,BackwardsDigitSpan-v2.0,11,1,2025-06-30 01:26:27 (Central Daylight Time),"Mozilla/5.0 (iPhone; CPU iPhone OS 18_5 like Mac OS X) AppleWebKit/605.1.15 (KHTML, like Gecko) Version/18.5 Mobile/15E148 Safari/604.1",b84733ba-5b66-4236-90f3-77e80d10c719,844,390,span,4.0,2025-06-30 01:27:22 (Central Daylight Time),55204,5,97032.0,23079,1.0,True,4467.0,3369.0,23079,1.0,adolescent,2025-06-16,test,14,,6,5.3333,6,6
projectseed-bds-production,BackwardsDigitSpan-v2.0,11,1,2025-06-30 01:26:27 (Central Daylight Time),"Mozilla/5.0 (iPhone; CPU iPhone OS 18_5 like Mac OS X) AppleWebKit/605.1.15 (KHTML, like Gecko) Version/18.5 Mobile/15E148 Safari/604.1",b84733ba-5b66-4236-90f3-77e80d10c719,844,390,span,5.0,2025-06-30 01:27:37 (Central Daylight Time),69635,6,902316.0,613209,1.0,False,7416.0,5956.0,510932,0.0,adolescent,2025-06-16,test,14,,6,5.3333,6,6
projectseed-bds-production,BackwardsDigitSpan-v2.0,11,1,2025-06-30 01:26:27 (Central Daylight Time),"Mozilla/5.0 (iPhone; CPU iPhone OS 18_5 like Mac OS X) AppleWebKit/605.1.15 (KHTML, like Gecko) Version/18.5 Mobile/15E148 Safari/604.1",b84733ba-5b66-4236-90f3-77e80d10c719,844,390,span,6.0,2025-06-30 01:27:49 (Central Daylight Time),82414,6,615904.0,409516,1.0,True,5763.0,4569.0,409516,1.0,adolescent,2025-06-16,test,14,,6,5.3333,6,6
projectseed-bds-production,BackwardsDigitSpan-v2.0,11,1,2025-06-30 01:26:27 (Central Daylight Time),"Mozilla/5.0 (iPhone; CPU iPhone OS 18_5 like Mac OS X) AppleWebKit/605.1.15 (KHTML, like Gecko) Version/18.5 Mobile/15E148 Safari/604.1",b84733ba-5b66-4236-90f3-77e80d10c719,844,390,span,7.0,2025-06-30 01:28:06 (Central Daylight Time),98997,7,1872056.0,6502781,1.0,False,8567.0,6521.0,6058127,2.000000000014552,adolescent,2025-06-16,test,14,,6,5.3333,6,6
projectseed-bds-production,BackwardsDigitSpan-v2.0,11,1,2025-06-30 01:26:27 (Central Daylight Time),"Mozilla/5.0 (iPhone; CPU iPhone OS 18_5 like Mac OS X) AppleWebKit/605.1.15 (KHTML, like Gecko) Version/18.5 Mobile/15E148 Safari/604.1",b84733ba-5b66-4236-90f3-77e80d10c719,844,390,span,8.0,2025-06-30 01:28:22 (Central Daylight Time),114666,7,3076218.0,8126703,1.0,False,7655.0,6490.0,8126730,2.0,adolescent,2025-06-16,test,14,,6,5.3333,6,6
projectseed-bds-production,BackwardsDigitSpan-v2.0,11,1,2025-06-30 01:26:27 (Central Daylight Time),"Mozilla/5.0 (iPhone; CPU iPhone OS 18_5 like Mac OS X) AppleWebKit/605.1.15 (KHTML, like Gecko) Version/18.5 Mobile/15E148 Safari/604.1",b84733ba-5b66-4236-90f3-77e80d10c719,844,390,span,9.0,2025-06-30 01:28:40 (Central Daylight Time),132738,6,975013.0,310579,1.0,False,11057.0,7358.0,317905,2.0,adolescent,2025-06-16,test,14,,6,5.3333,6,6
projectseed-bds-production,BackwardsDigitSpan-v2.0,11,1,2025-06-30 01:26:27 (Central Daylight Time),"Mozilla/5.0 (iPhone; CPU iPhone OS 18_5 like Mac OS X) AppleWebKit/605.1.15 (KHTML, like Gecko) Version/18.5 Mobile/15E148 Safari/604.1",b84733ba-5b66-4236-90f3-77e80d10c719,844,390,span,10.0,2025-06-30 01:28:54 (Central Daylight Time),146721,6,620137.0,731026,1.0,False,6971.0,5605.0,730126,3.000000000029104,adolescent,2025-06-16,test,14,,6,5.3333,6,6
projectseed-bds-production,BackwardsDigitSpan-v2.0,11,1,2025-06-30 01:26:27 (Central Daylight Time),"Mozilla/5.0 (iPhone; CPU iPhone OS 18_5 like Mac OS X) AppleWebKit/605.1.15 (KHTML, like Gecko) Version/18.5 Mobile/15E148 Safari/604.1",b84733ba-5b66-4236-90f3-77e80d10c719,844,390,span,11.0,2025-06-30 01:29:05 (Central Daylight Time),157834,5,50632.0,23605,1.0,True,5102.0,4152.0,23605,2.0,adolescent,2025-06-16,test,14,,6,5.3333,6,6
projectseed-bds-production,BackwardsDigitSpan-v2.0,11,1,2025-06-30 01:26:27 (Central Daylight Time),"Mozilla/5.0 (iPhone; CPU iPhone OS 18_5 like Mac OS X) AppleWebKit/605.1.15 (KHTML, like Gecko) Version/18.5 Mobile/15E148 Safari/604.1",b84733ba-5b66-4236-90f3-77e80d10c719,844,390,span,12.0,2025-06-30 01:29:19 (Central Daylight Time),171583,6,817529.0,925718,1.0,False,6736.0,4989.0,921857,2.0,adolescent,2025-06-16,test,14,,6,5.3333,6,6
projectseed-bds-production,BackwardsDigitSpan-v2.0,11,1,2025-06-30 01:26:27 (Central Daylight Time),"Mozilla/5.0 (iPhone; CPU iPhone OS 18_5 like Mac OS X) AppleWebKit/605.1.15 (KHTML, like Gecko) Version/18.5 Mobile/15E148 Safari/604.1",b84733ba-5b66-4236-90f3-77e80d10c719,844,390,span,13.0,2025-06-30 01:29:33 (Central Daylight Time),185431,6,972605.0,506279,1.0,False,6836.0,5170.0,507992,3.0,adolescent,2025-06-16,test,14,,6,5.3333,6,6
projectseed-bds-production,BackwardsDigitSpan-v2.0,11,1,2025-06-30 01:26:27 (Central Daylight Time),"Mozilla/5.0 (iPhone; CPU iPhone OS 18_5 like Mac OS X) AppleWebKit/605.1.15 (KHTML, like Gecko) Version/18.5 Mobile/15E148 Safari/604.1",b84733ba-5b66-4236-90f3-77e80d10c719,844,390,span,14.0,2025-06-30 01:29:47 (Central Daylight Time),199463,5,98157.0,75189,1.0,False,8021.0,6641.0,78909,2.999999999970896,adolescent,2025-06-16,test,14,,6,5.3333,6,6
projectseed-bds-production,BackwardsDigitSpan-v2.0,12,1,2025-07-14 17:07:17 (Pacific Daylight Time),"Mozilla/5.0 (iPhone; CPU iPhone OS 18_5_0 like Mac OS X) AppleWebKit/605.1.15 (KHTML, like Gecko) CriOS/138.0.7204.119 Mobile/15E148 Safari/604.1",299ba14f-0563-481e-bcf2-2d0c6b08c666,852,393,eng,-999.0,2025-07-14 17:07:33 (Pacific Daylight Time),16025,2,32.0,23,0.0,False,4430.0,148.0,12,2.000000000001819,adolescent,2025-06-16,training,0,,-999,-999.0,-999,-999
projectseed-bds-production,BackwardsDigitSpan-v2.0,12,1,2025-07-14 17:07:17 (Pacific Daylight Time),"Mozilla/5.0 (iPhone; CPU iPhone OS 18_5_0 like Mac OS X) AppleWebKit/605.1.15 (KHTML, like Gecko) CriOS/138.0.7204.119 Mobile/15E148 Safari/604.1",299ba14f-0563-481e-bcf2-2d0c6b08c666,852,393,eng,-999.0,2025-07-14 17:07:39 (Pacific Daylight Time),21696,2,91.0,19,0.0,True,1395.0,181.0,19,1.0,adolescent,2025-06-16,training,0,,-999,-999.0,-999,-999
projectseed-bds-production,BackwardsDigitSpan-v2.0,12,1,2025-07-14 17:07:17 (Pacific Daylight Time),"Mozilla/5.0 (iPhone; CPU iPhone OS 18_5_0 like Mac OS X) AppleWebKit/605.1.15 (KHTML, like Gecko) CriOS/138.0.7204.119 Mobile/15E148 Safari/604.1",299ba14f-0563-481e-bcf2-2d0c6b08c666,852,393,eng,-999.0,2025-07-14 17:07:44 (Pacific Daylight Time),27515,3,824.0,428,0.0,True,1162.0,301.0,428,1.000000000003638,adolescent,2025-06-16,training,0,,-999,-999.0,-999,-999
projectseed-bds-production,BackwardsDigitSpan-v2.0,12,1,2025-07-14 17:07:17 (Pacific Daylight Time),"Mozilla/5.0 (iPhone; CPU iPhone OS 18_5_0 like Mac OS X) AppleWebKit/605.1.15 (KHTML, like Gecko) CriOS/138.0.7204.119 Mobile/15E148 Safari/604.1",299ba14f-0563-481e-bcf2-2d0c6b08c666,852,393,eng,-999.0,2025-07-14 17:07:49 (Pacific Daylight Time),32470,2,45.0,54,0.0,True,1399.0,198.0,54,1.000000000003638,adolescent,2025-06-16,training,0,,-999,-999.0,-999,-999
projectseed-bds-production,BackwardsDigitSpan-v2.0,12,1,2025-07-14 17:07:17 (Pacific Daylight Time),"Mozilla/5.0 (iPhone; CPU iPhone OS 18_5_0 like Mac OS X) AppleWebKit/605.1.15 (KHTML, like Gecko) CriOS/138.0.7204.119 Mobile/15E148 Safari/604.1",299ba14f-0563-481e-bcf2-2d0c6b08c666,852,393,eng,-999.0,2025-07-14 17:07:54 (Pacific Daylight Time),37007,2,21.0,12,0.0,True,646.0,132.0,12,1.0,adolescent,2025-06-16,training,0,,-999,-999.0,-999,-999
projectseed-bds-production,BackwardsDigitSpan-v2.0,12,1,2025-07-21 21:53:30 (Pacific Daylight Time),"Mozilla/5.0 (iPhone; CPU iPhone OS 18_5_0 like Mac OS X) AppleWebKit/605.1.15 (KHTML, like Gecko) CriOS/138.0.7204.156 Mobile/15E148 Safari/604.1",ec5394e6-f7ed-46c0-acea-d0e2ebf46718,852,393,eng,-999.0,2025-07-21 21:53:58 (Pacific Daylight Time),27563,2,51.0,15,0.0,True,894.0,82.0,15,2.0,adolescent,2025-07-14,training,8,,6,5.5667,6,5
projectseed-bds-production,BackwardsDigitSpan-v2.0,12,1,2025-07-21 21:53:30 (Pacific Daylight Time),"Mozilla/5.0 (iPhone; CPU iPhone OS 18_5_0 like Mac OS X) AppleWebKit/605.1.15 (KHTML, like Gecko) CriOS/138.0.7204.156 Mobile/15E148 Safari/604.1",ec5394e6-f7ed-46c0-acea-d0e2ebf46718,852,393,eng,-999.0,2025-07-21 21:54:03 (Pacific Daylight Time),33214,2,35.0,53,0.0,True,1295.0,315.0,53,0.0,adolescent,2025-07-14,training,8,,6,5.5667,6,5
projectseed-bds-production,BackwardsDigitSpan-v2.0,12,1,2025-07-21 21:53:30 (Pacific Daylight Time),"Mozilla/5.0 (iPhone; CPU iPhone OS 18_5_0 like Mac OS X) AppleWebKit/605.1.15 (KHTML, like Gecko) CriOS/138.0.7204.156 Mobile/15E148 Safari/604.1",ec5394e6-f7ed-46c0-acea-d0e2ebf46718,852,393,eng,-999.0,2025-07-21 21:54:10 (Pacific Daylight Time),39939,3,123.0,321,0.0,True,1535.0,334.0,321,2.0,adolescent,2025-07-14,training,8,,6,5.5667,6,5
projectseed-bds-production,BackwardsDigitSpan-v2.0,12,1,2025-07-21 21:53:30 (Pacific Daylight Time),"Mozilla/5.0 (iPhone; CPU iPhone OS 18_5_0 like Mac OS X) AppleWebKit/605.1.15 (KHTML, like Gecko) CriOS/138.0.7204.156 Mobile/15E148 Safari/604.1",ec5394e6-f7ed-46c0-acea-d0e2ebf46718,852,393,eng,1.0,2025-07-21 21:54:18 (Pacific Daylight Time),47927,2,71.0,17,1.0,True,1594.0,298.0,17,1.0,adolescent,2025-07-14,test,8,,6,5.5667,6,5
projectseed-bds-production,BackwardsDigitSpan-v2.0,12,1,2025-07-21 21:53:30 (Pacific Daylight Time),"Mozilla/5.0 (iPhone; CPU iPhone OS 18_5_0 like Mac OS X) AppleWebKit/605.1.15 (KHTML, like Gecko) CriOS/138.0.7204.156 Mobile/15E148 Safari/604.1",ec5394e6-f7ed-46c0-acea-d0e2ebf46718,852,393,eng,2.0,2025-07-21 21:54:24 (Pacific Daylight Time),54432,3,893.0,398,1.0,True,2498.0,516.0,398,2.0,adolescent,2025-07-14,test,8,,6,5.5667,6,5
projectseed-bds-production,BackwardsDigitSpan-v2.0,12,1,2025-07-21 21:53:30 (Pacific Daylight Time),"Mozilla/5.0 (iPhone; CPU iPhone OS 18_5_0 like Mac OS X) AppleWebKit/605.1.15 (KHTML, like Gecko) CriOS/138.0.7204.156 Mobile/15E148 Safari/604.1",ec5394e6-f7ed-46c0-acea-d0e2ebf46718,852,393,eng,3.0,2025-07-21 21:54:33 (Pacific Daylight Time),62990,4,5782.0,2875,1.0,True,3549.0,698.0,2875,1.0,adolescent,2025-07-14,test,8,,6,5.5667,6,5
projectseed-bds-production,BackwardsDigitSpan-v2.0,12,1,2025-07-21 21:53:30 (Pacific Daylight Time),"Mozilla/5.0 (iPhone; CPU iPhone OS 18_5_0 like Mac OS X) AppleWebKit/605.1.15 (KHTML, like Gecko) CriOS/138.0.7204.156 Mobile/15E148 Safari/604.1",ec5394e6-f7ed-46c0-acea-d0e2ebf46718,852,393,eng,4.0,2025-07-21 21:54:44 (Pacific Daylight Time),74350,5,72453.0,35427,1.0,True,5350.0,2018.0,35427,0.0,adolescent,2025-07-14,test,8,,6,5.5667,6,5
projectseed-bds-production,BackwardsDigitSpan-v2.0,12,1,2025-07-21 21:53:30 (Pacific Daylight Time),"Mozilla/5.0 (iPhone; CPU iPhone OS 18_5_0 like Mac OS X) AppleWebKit/605.1.15 (KHTML, like Gecko) CriOS/138.0.7204.156 Mobile/15E148 Safari/604.1",ec5394e6-f7ed-46c0-acea-d0e2ebf46718,852,393,eng,5.0,2025-07-21 21:54:56 (Pacific Daylight Time),85974,6,503827.0,728305,1.0,True,4612.0,3268.0,728305,2.0,adolescent,2025-07-14,test,8,,6,5.5667,6,5
projectseed-bds-production,BackwardsDigitSpan-v2.0,12,1,2025-07-21 21:53:30 (Pacific Daylight Time),"Mozilla/5.0 (iPhone; CPU iPhone OS 18_5_0 like Mac OS X) AppleWebKit/605.1.15 (KHTML, like Gecko) CriOS/138.0.7204.156 Mobile/15E148 Safari/604.1",ec5394e6-f7ed-46c0-acea-d0e2ebf46718,852,393,eng,6.0,2025-07-21 21:55:08 (Pacific Daylight Time),98020,7,7053418.0,8143507,1.0,False,4033.0,2586.0,8317507,3.0,adolescent,2025-07-14,test,8,,6,5.5667,6,5
projectseed-bds-production,BackwardsDigitSpan-v2.0,12,1,2025-07-21 21:53:30 (Pacific Daylight Time),"Mozilla/5.0 (iPhone; CPU iPhone OS 18_5_0 like Mac OS X) AppleWebKit/605.1.15 (KHTML, like Gecko) CriOS/138.0.7204.156 Mobile/15E148 Safari/604.1",ec5394e6-f7ed-46c0-acea-d0e2ebf46718,852,393,eng,7.0,2025-07-21 21:55:22 (Pacific Daylight Time),111530,7,7384296.0,6924837,1.0,False,5496.0,3670.0,6987590,1.0,adolescent,2025-07-14,test,8,,6,5.5667,6,5
projectseed-bds-production,BackwardsDigitSpan-v2.0,12,1,2025-07-21 21:53:30 (Pacific Daylight Time),"Mozilla/5.0 (iPhone; CPU iPhone OS 18_5_0 like Mac OS X) AppleWebKit/605.1.15 (KHTML, like Gecko) CriOS/138.0.7204.156 Mobile/15E148 Safari/604.1",ec5394e6-f7ed-46c0-acea-d0e2ebf46718,852,393,eng,8.0,2025-07-21 21:55:33 (Pacific Daylight Time),122687,6,960538.0,835069,1.0,False,4145.0,2433.0,435069,2.0,adolescent,2025-07-14,test,8,,6,5.5667,6,5
projectseed-bds-production,BackwardsDigitSpan-v2.0,12,1,2025-07-21 21:53:30 (Pacific Daylight Time),"Mozilla/5.0 (iPhone; CPU iPhone OS 18_5_0 like Mac OS X) AppleWebKit/605.1.15 (KHTML, like Gecko) CriOS/138.0.7204.156 Mobile/15E148 Safari/604.1",ec5394e6-f7ed-46c0-acea-d0e2ebf46718,852,393,eng,9.0,2025-07-21 21:55:44 (Pacific Daylight Time),133646,6,807493.0,394708,1.0,False,3946.0,3189.0,349708,1.999999999985448,adolescent,2025-07-14,test,8,,6,5.5667,6,5
projectseed-bds-production,BackwardsDigitSpan-v2.0,12,1,2025-07-21 21:53:30 (Pacific Daylight Time),"Mozilla/5.0 (iPhone; CPU iPhone OS 18_5_0 like Mac OS X) AppleWebKit/605.1.15 (KHTML, like Gecko) CriOS/138.0.7204.156 Mobile/15E148 Safari/604.1",ec5394e6-f7ed-46c0-acea-d0e2ebf46718,852,393,eng,10.0,2025-07-21 21:55:53 (Pacific Daylight Time),142705,5,83529.0,92538,1.0,False,3049.0,1618.0,92835,1.0,adolescent,2025-07-14,test,8,,6,5.5667,6,5
projectseed-bds-production,BackwardsDigitSpan-v2.0,12,1,2025-07-21 21:53:30 (Pacific Daylight Time),"Mozilla/5.0 (iPhone; CPU iPhone OS 18_5_0 like Mac OS X) AppleWebKit/605.1.15 (KHTML, like Gecko) CriOS/138.0.7204.156 Mobile/15E148 Safari/604.1",ec5394e6-f7ed-46c0-acea-d0e2ebf46718,852,393,eng,11.0,2025-07-21 21:56:03 (Pacific Daylight Time),152779,5,61409.0,90416,1.0,True,4063.0,2268.0,90416,2.0,adolescent,2025-07-14,test,8,,6,5.5667,6,5
projectseed-bds-production,BackwardsDigitSpan-v2.0,12,1,2025-07-21 21:53:30 (Pacific Daylight Time),"Mozilla/5.0 (iPhone; CPU iPhone OS 18_5_0 like Mac OS X) AppleWebKit/605.1.15 (KHTML, like Gecko) CriOS/138.0.7204.156 Mobile/15E148 Safari/604.1",ec5394e6-f7ed-46c0-acea-d0e2ebf46718,852,393,eng,12.0,2025-07-21 21:56:14 (Pacific Daylight Time),164403,6,591086.0,680195,1.0,False,4611.0,2500.0,401955,5.0,adolescent,2025-07-14,test,8,,6,5.5667,6,5
projectseed-bds-production,BackwardsDigitSpan-v2.0,12,1,2025-07-21 21:53:30 (Pacific Daylight Time),"Mozilla/5.0 (iPhone; CPU iPhone OS 18_5_0 like Mac OS X) AppleWebKit/605.1.15 (KHTML, like Gecko) CriOS/138.0.7204.156 Mobile/15E148 Safari/604.1",ec5394e6-f7ed-46c0-acea-d0e2ebf46718,852,393,eng,13.0,2025-07-21 21:56:25 (Pacific Daylight Time),175096,6,734509.0,905437,1.0,True,3680.0,2500.0,905437,1.9999999999708962,adolescent,2025-07-14,test,8,,6,5.5667,6,5
projectseed-bds-production,BackwardsDigitSpan-v2.0,12,1,2025-07-21 21:53:30 (Pacific Daylight Time),"Mozilla/5.0 (iPhone; CPU iPhone OS 18_5_0 like Mac OS X) AppleWebKit/605.1.15 (KHTML, like Gecko) CriOS/138.0.7204.156 Mobile/15E148 Safari/604.1",ec5394e6-f7ed-46c0-acea-d0e2ebf46718,852,393,eng,14.0,2025-07-21 21:56:40 (Pacific Daylight Time),189592,7,3049651.0,1569403,1.0,False,6483.0,5370.0,1594033,3.0,adolescent,2025-07-14,test,8,,6,5.5667,6,5
projectseed-bds-production,BackwardsDigitSpan-v2.0,12,1,2025-07-22 22:49:52 (Pacific Daylight Time),"Mozilla/5.0 (iPhone; CPU iPhone OS 18_5_0 like Mac OS X) AppleWebKit/605.1.15 (KHTML, like Gecko) CriOS/138.0.7204.156 Mobile/15E148 Safari/604.1",8fc00ca7-7c36-4e41-9486-608aa0b65b33,852,393,eng,-999.0,2025-07-22 22:50:04 (Pacific Daylight Time),12102,2,38.0,83,0.0,True,1864.0,219.0,83,0.0,adolescent,2025-07-14,training,9,,7,6.3667,6,5
projectseed-bds-production,BackwardsDigitSpan-v2.0,12,1,2025-07-22 22:49:52 (Pacific Daylight Time),"Mozilla/5.0 (iPhone; CPU iPhone OS 18_5_0 like Mac OS X) AppleWebKit/605.1.15 (KHTML, like Gecko) CriOS/138.0.7204.156 Mobile/15E148 Safari/604.1",8fc00ca7-7c36-4e41-9486-608aa0b65b33,852,393,eng,-999.0,2025-07-22 22:50:10 (Pacific Daylight Time),17173,2,24.0,42,0.0,True,1297.0,233.0,42,1.0,adolescent,2025-07-14,training,9,,7,6.3667,6,5
projectseed-bds-production,BackwardsDigitSpan-v2.0,12,1,2025-07-22 22:49:52 (Pacific Daylight Time),"Mozilla/5.0 (iPhone; CPU iPhone OS 18_5_0 like Mac OS X) AppleWebKit/605.1.15 (KHTML, like Gecko) CriOS/138.0.7204.156 Mobile/15E148 Safari/604.1",8fc00ca7-7c36-4e41-9486-608aa0b65b33,852,393,eng,-999.0,2025-07-22 22:50:16 (Pacific Daylight Time),23644,3,678.0,876,0.0,True,1782.0,485.0,876,1.0,adolescent,2025-07-14,training,9,,7,6.3667,6,5
projectseed-bds-production,BackwardsDigitSpan-v2.0,12,1,2025-07-22 22:49:52 (Pacific Daylight Time),"Mozilla/5.0 (iPhone; CPU iPhone OS 18_5_0 like Mac OS X) AppleWebKit/605.1.15 (KHTML, like Gecko) CriOS/138.0.7204.156 Mobile/15E148 Safari/604.1",8fc00ca7-7c36-4e41-9486-608aa0b65b33,852,393,eng,1.0,2025-07-22 22:50:21 (Pacific Daylight Time),28882,2,35.0,53,1.0,True,1345.0,284.0,53,1.0,adolescent,2025-07-14,test,9,,7,6.3667,6,5
projectseed-bds-production,BackwardsDigitSpan-v2.0,12,1,2025-07-22 22:49:52 (Pacific Daylight Time),"Mozilla/5.0 (iPhone; CPU iPhone OS 18_5_0 like Mac OS X) AppleWebKit/605.1.15 (KHTML, like Gecko) CriOS/138.0.7204.156 Mobile/15E148 Safari/604.1",8fc00ca7-7c36-4e41-9486-608aa0b65b33,852,393,eng,2.0,2025-07-22 22:50:27 (Pacific Daylight Time),34420,3,374.0,473,1.0,True,1532.0,583.0,473,0.0,adolescent,2025-07-14,test,9,,7,6.3667,6,5
projectseed-bds-production,BackwardsDigitSpan-v2.0,12,1,2025-07-22 22:49:52 (Pacific Daylight Time),"Mozilla/5.0 (iPhone; CPU iPhone OS 18_5_0 like Mac OS X) AppleWebKit/605.1.15 (KHTML, like Gecko) CriOS/138.0.7204.156 Mobile/15E148 Safari/604.1",8fc00ca7-7c36-4e41-9486-608aa0b65b33,852,393,eng,3.0,2025-07-22 22:50:34 (Pacific Daylight Time),42075,4,4279.0,9724,1.0,True,2646.0,899.0,9724,1.0,adolescent,2025-07-14,test,9,,7,6.3667,6,5
projectseed-bds-production,BackwardsDigitSpan-v2.0,12,1,2025-07-22 22:49:52 (Pacific Daylight Time),"Mozilla/5.0 (iPhone; CPU iPhone OS 18_5_0 like Mac OS X) AppleWebKit/605.1.15 (KHTML, like Gecko) CriOS/138.0.7204.156 Mobile/15E148 Safari/604.1",8fc00ca7-7c36-4e41-9486-608aa0b65b33,852,393,eng,4.0,2025-07-22 22:50:45 (Pacific Daylight Time),52934,5,46759.0,95764,1.0,True,4849.0,2438.0,95764,1.0,adolescent,2025-07-14,test,9,,7,6.3667,6,5
projectseed-bds-production,BackwardsDigitSpan-v2.0,12,1,2025-07-22 22:49:52 (Pacific Daylight Time),"Mozilla/5.0 (iPhone; CPU iPhone OS 18_5_0 like Mac OS X) AppleWebKit/605.1.15 (KHTML, like Gecko) CriOS/138.0.7204.156 Mobile/15E148 Safari/604.1",8fc00ca7-7c36-4e41-9486-608aa0b65b33,852,393,eng,5.0,2025-07-22 22:51:02 (Pacific Daylight Time),69713,6,309156.0,651903,1.0,True,9768.0,6987.0,651903,3.000000000007276,adolescent,2025-07-14,test,9,,7,6.3667,6,5
projectseed-bds-production,BackwardsDigitSpan-v2.0,12,1,2025-07-22 22:49:52 (Pacific Daylight Time),"Mozilla/5.0 (iPhone; CPU iPhone OS 18_5_0 like Mac OS X) AppleWebKit/605.1.15 (KHTML, like Gecko) CriOS/138.0.7204.156 Mobile/15E148 Safari/604.1",8fc00ca7-7c36-4e41-9486-608aa0b65b33,852,393,eng,6.0,2025-07-22 22:51:16 (Pacific Daylight Time),83659,7,1432769.0,9672341,1.0,False,5931.0,3936.0,9752131,3.0,adolescent,2025-07-14,test,9,,7,6.3667,6,5
projectseed-bds-production,BackwardsDigitSpan-v2.0,12,1,2025-07-22 22:49:52 (Pacific Daylight Time),"Mozilla/5.0 (iPhone; CPU iPhone OS 18_5_0 like Mac OS X) AppleWebKit/605.1.15 (KHTML, like Gecko) CriOS/138.0.7204.156 Mobile/15E148 Safari/604.1",8fc00ca7-7c36-4e41-9486-608aa0b65b33,852,393,eng,7.0,2025-07-22 22:51:38 (Pacific Daylight Time),105873,7,3715624.0,4265173,1.0,False,14200.0,8105.0,4625173,3.0,adolescent,2025-07-14,test,9,,7,6.3667,6,5
projectseed-bds-production,BackwardsDigitSpan-v2.0,12,1,2025-07-22 22:49:52 (Pacific Daylight Time),"Mozilla/5.0 (iPhone; CPU iPhone OS 18_5_0 like Mac OS X) AppleWebKit/605.1.15 (KHTML, like Gecko) CriOS/138.0.7204.156 Mobile/15E148 Safari/604.1",8fc00ca7-7c36-4e41-9486-608aa0b65b33,852,393,eng,8.0,2025-07-22 22:51:49 (Pacific Daylight Time),117032,6,873025.0,520378,1.0,False,4145.0,2885.0,503871,2.0,adolescent,2025-07-14,test,9,,7,6.3667,6,5
projectseed-bds-production,BackwardsDigitSpan-v2.0,12,1,2025-07-22 22:49:52 (Pacific Daylight Time),"Mozilla/5.0 (iPhone; CPU iPhone OS 18_5_0 like Mac OS X) AppleWebKit/605.1.15 (KHTML, like Gecko) CriOS/138.0.7204.156 Mobile/15E148 Safari/604.1",8fc00ca7-7c36-4e41-9486-608aa0b65b33,852,393,eng,9.0,2025-07-22 22:52:08 (Pacific Daylight Time),135541,6,347681.0,186743,1.0,True,11496.0,10452.0,186743,3.000000000029104,adolescent,2025-07-14,test,9,,7,6.3667,6,5
projectseed-bds-production,BackwardsDigitSpan-v2.0,12,1,2025-07-22 22:49:52 (Pacific Daylight Time),"Mozilla/5.0 (iPhone; CPU iPhone OS 18_5_0 like Mac OS X) AppleWebKit/605.1.15 (KHTML, like Gecko) CriOS/138.0.7204.156 Mobile/15E148 Safari/604.1",8fc00ca7-7c36-4e41-9486-608aa0b65b33,852,393,eng,10.0,2025-07-22 22:52:27 (Pacific Daylight Time),154807,7,3801956.0,6591083,1.0,False,11253.0,8973.0,6590133,2.0,adolescent,2025-07-14,test,9,,7,6.3667,6,5
projectseed-bds-production,BackwardsDigitSpan-v2.0,12,1,2025-07-22 22:49:52 (Pacific Daylight Time),"Mozilla/5.0 (iPhone; CPU iPhone OS 18_5_0 like Mac OS X) AppleWebKit/605.1.15 (KHTML, like Gecko) CriOS/138.0.7204.156 Mobile/15E148 Safari/604.1",8fc00ca7-7c36-4e41-9486-608aa0b65b33,852,393,eng,11.0,2025-07-22 22:52:43 (Pacific Daylight Time),170932,7,7514803.0,3084157,1.0,True,8110.0,7017.0,3084157,3.0,adolescent,2025-07-14,test,9,,7,6.3667,6,5
projectseed-bds-production,BackwardsDigitSpan-v2.0,12,1,2025-07-22 22:49:52 (Pacific Daylight Time),"Mozilla/5.0 (iPhone; CPU iPhone OS 18_5_0 like Mac OS X) AppleWebKit/605.1.15 (KHTML, like Gecko) CriOS/138.0.7204.156 Mobile/15E148 Safari/604.1",8fc00ca7-7c36-4e41-9486-608aa0b65b33,852,393,eng,12.0,2025-07-22 22:53:09 (Pacific Daylight Time),196443,8,21890365.0,56309812,1.0,False,16496.0,15269.0,56302890,3.0,adolescent,2025-07-14,test,9,,7,6.3667,6,5
projectseed-bds-production,BackwardsDigitSpan-v2.0,12,1,2025-07-22 22:49:52 (Pacific Daylight Time),"Mozilla/5.0 (iPhone; CPU iPhone OS 18_5_0 like Mac OS X) AppleWebKit/605.1.15 (KHTML, like Gecko) CriOS/138.0.7204.156 Mobile/15E148 Safari/604.1",8fc00ca7-7c36-4e41-9486-608aa0b65b33,852,393,eng,13.0,2025-07-22 22:53:22 (Pacific Daylight Time),210056,8,35412089.0,98021453,1.0,False,4598.0,3420.0,98053212,2.0,adolescent,2025-07-14,test,9,,7,6.3667,6,5
projectseed-bds-production,BackwardsDigitSpan-v2.0,12,1,2025-07-22 22:49:52 (Pacific Daylight Time),"Mozilla/5.0 (iPhone; CPU iPhone OS 18_5_0 like Mac OS X) AppleWebKit/605.1.15 (KHTML, like Gecko) CriOS/138.0.7204.156 Mobile/15E148 Safari/604.1",8fc00ca7-7c36-4e41-9486-608aa0b65b33,852,393,eng,14.0,2025-07-22 22:53:38 (Pacific Daylight Time),225618,7,7294561.0,1654927,1.0,False,7547.0,6370.0,1654907,4.0,adolescent,2025-07-14,test,9,,7,6.3667,6,5
projectseed-bds-production,BackwardsDigitSpan-v2.0,12,1,2025-07-23 23:27:26 (Central Daylight Time),"Mozilla/5.0 (iPhone; CPU iPhone OS 18_5_0 like Mac OS X) AppleWebKit/605.1.15 (KHTML, like Gecko) CriOS/138.0.7204.156 Mobile/15E148 Safari/604.1",6c36c393-e06b-4c7f-a2ad-c9c7c25d7d94,852,393,eng,-999.0,2025-07-23 23:27:35 (Central Daylight Time),9207,2,18.0,81,0.0,True,1076.0,166.0,81,1.0,adolescent,2025-07-14,training,10,,10,9.0,10,12
projectseed-bds-production,BackwardsDigitSpan-v2.0,12,1,2025-07-23 23:27:26 (Central Daylight Time),"Mozilla/5.0 (iPhone; CPU iPhone OS 18_5_0 like Mac OS X) AppleWebKit/605.1.15 (KHTML, like Gecko) CriOS/138.0.7204.156 Mobile/15E148 Safari/604.1",6c36c393-e06b-4c7f-a2ad-c9c7c25d7d94,852,393,eng,-999.0,2025-07-23 23:27:45 (Central Daylight Time),18664,2,49.0,94,0.0,True,1695.0,181.0,94,0.0,adolescent,2025-07-14,training,10,,10,9.0,10,12
projectseed-bds-production,BackwardsDigitSpan-v2.0,12,1,2025-07-23 23:27:26 (Central Daylight Time),"Mozilla/5.0 (iPhone; CPU iPhone OS 18_5_0 like Mac OS X) AppleWebKit/605.1.15 (KHTML, like Gecko) CriOS/138.0.7204.156 Mobile/15E148 Safari/604.1",6c36c393-e06b-4c7f-a2ad-c9c7c25d7d94,852,393,eng,-999.0,2025-07-23 23:27:51 (Central Daylight Time),24686,3,382.0,283,0.0,True,1479.0,550.0,283,1.0,adolescent,2025-07-14,training,10,,10,9.0,10,12
projectseed-bds-production,BackwardsDigitSpan-v2.0,12,1,2025-07-23 23:27:26 (Central Daylight Time),"Mozilla/5.0 (iPhone; CPU iPhone OS 18_5_0 like Mac OS X) AppleWebKit/605.1.15 (KHTML, like Gecko) CriOS/138.0.7204.156 Mobile/15E148 Safari/604.1",6c36c393-e06b-4c7f-a2ad-c9c7c25d7d94,852,393,eng,1.0,2025-07-23 23:27:57 (Central Daylight Time),30759,2,63.0,36,1.0,True,2349.0,1303.0,36,1.000000000003638,adolescent,2025-07-14,test,10,,10,9.0,10,12
projectseed-bds-production,BackwardsDigitSpan-v2.0,12,1,2025-07-23 23:27:26 (Central Daylight Time),"Mozilla/5.0 (iPhone; CPU iPhone OS 18_5_0 like Mac OS X) AppleWebKit/605.1.15 (KHTML, like Gecko) CriOS/138.0.7204.156 Mobile/15E148 Safari/604.1",6c36c393-e06b-4c7f-a2ad-c9c7c25d7d94,852,393,eng,2.0,2025-07-23 23:28:02 (Central Daylight Time),36128,3,743.0,347,1.0,True,1362.0,450.0,347,1.0,adolescent,2025-07-14,test,10,,10,9.0,10,12
projectseed-bds-production,BackwardsDigitSpan-v2.0,12,1,2025-07-23 23:27:26 (Central Daylight Time),"Mozilla/5.0 (iPhone; CPU iPhone OS 18_5_0 like Mac OS X) AppleWebKit/605.1.15 (KHTML, like Gecko) CriOS/138.0.7204.156 Mobile/15E148 Safari/604.1",6c36c393-e06b-4c7f-a2ad-c9c7c25d7d94,852,393,eng,3.0,2025-07-23 23:28:11 (Central Daylight Time),44700,4,4816.0,6184,1.0,True,3564.0,983.0,6184,2.0,adolescent,2025-07-14,test,10,,10,9.0,10,12
projectseed-bds-production,BackwardsDigitSpan-v2.0,12,1,2025-07-23 23:27:26 (Central Daylight Time),"Mozilla/5.0 (iPhone; CPU iPhone OS 18_5_0 like Mac OS X) AppleWebKit/605.1.15 (KHTML, like Gecko) CriOS/138.0.7204.156 Mobile/15E148 Safari/604.1",6c36c393-e06b-4c7f-a2ad-c9c7c25d7d94,852,393,eng,4.0,2025-07-23 23:28:23 (Central Daylight Time),56807,5,38725.0,52783,1.0,True,6097.0,3668.0,52783,3.999999999985448,adolescent,2025-07-14,test,10,,10,9.0,10,12
projectseed-bds-production,BackwardsDigitSpan-v2.0,12,1,2025-07-23 23:27:26 (Central Daylight Time),"Mozilla/5.0 (iPhone; CPU iPhone OS 18_5_0 like Mac OS X) AppleWebKit/605.1.15 (KHTML, like Gecko) CriOS/138.0.7204.156 Mobile/15E148 Safari/604.1",6c36c393-e06b-4c7f-a2ad-c9c7c25d7d94,852,393,eng,5.0,2025-07-23 23:28:37 (Central Daylight Time),70638,6,284176.0,671482,1.0,True,6821.0,3570.0,671482,2.0,adolescent,2025-07-14,test,10,,10,9.0,10,12
projectseed-bds-production,BackwardsDigitSpan-v2.0,12,1,2025-07-23 23:27:26 (Central Daylight Time),"Mozilla/5.0 (iPhone; CPU iPhone OS 18_5_0 like Mac OS X) AppleWebKit/605.1.15 (KHTML, like Gecko) CriOS/138.0.7204.156 Mobile/15E148 Safari/604.1",6c36c393-e06b-4c7f-a2ad-c9c7c25d7d94,852,393,eng,6.0,2025-07-23 23:28:51 (Central Daylight Time),84565,7,4195308.0,8035914,1.0,False,5913.0,4953.0,8035912,2.0,adolescent,2025-07-14,test,10,,10,9.0,10,12
projectseed-bds-production,BackwardsDigitSpan-v2.0,12,1,2025-07-23 23:27:26 (Central Daylight Time),"Mozilla/5.0 (iPhone; CPU iPhone OS 18_5_0 like Mac OS X) AppleWebKit/605.1.15 (KHTML, like Gecko) CriOS/138.0.7204.156 Mobile/15E148 Safari/604.1",6c36c393-e06b-4c7f-a2ad-c9c7c25d7d94,852,393,eng,7.0,2025-07-23 23:29:08 (Central Daylight Time),102079,7,8079162.0,2619708,1.0,True,9500.0,7906.0,2619708,3.0,adolescent,2025-07-14,test,10,,10,9.0,10,12
projectseed-bds-production,BackwardsDigitSpan-v2.0,12,1,2025-07-23 23:27:26 (Central Daylight Time),"Mozilla/5.0 (iPhone; CPU iPhone OS 18_5_0 like Mac OS X) AppleWebKit/605.1.15 (KHTML, like Gecko) CriOS/138.0.7204.156 Mobile/15E148 Safari/604.1",6c36c393-e06b-4c7f-a2ad-c9c7c25d7d94,852,393,eng,8.0,2025-07-23 23:29:25 (Central Daylight Time),119055,8,86173054.0,45037168,1.0,True,7959.0,7017.0,45037168,3.0,adolescent,2025-07-14,test,10,,10,9.0,10,12
projectseed-bds-production,BackwardsDigitSpan-v2.0,12,1,2025-07-23 23:27:26 (Central Daylight Time),"Mozilla/5.0 (iPhone; CPU iPhone OS 18_5_0 like Mac OS X) AppleWebKit/605.1.15 (KHTML, like Gecko) CriOS/138.0.7204.156 Mobile/15E148 Safari/604.1",6c36c393-e06b-4c7f-a2ad-c9c7c25d7d94,852,393,eng,9.0,2025-07-23 23:29:43 (Central Daylight Time),136669,9,792034651.0,156430297,1.0,False,7597.0,6672.0,156078021,6.0,adolescent,2025-07-14,test,10,,10,9.0,10,12
projectseed-bds-production,BackwardsDigitSpan-v2.0,12,1,2025-07-23 23:27:26 (Central Daylight Time),"Mozilla/5.0 (iPhone; CPU iPhone OS 18_5_0 like Mac OS X) AppleWebKit/605.1.15 (KHTML, like Gecko) CriOS/138.0.7204.156 Mobile/15E148 Safari/604.1",6c36c393-e06b-4c7f-a2ad-c9c7c25d7d94,852,393,eng,10.0,2025-07-23 23:30:01 (Central Daylight Time),155045,9,219684537.0,735486912,1.0,True,8358.0,6868.0,735486912,3.0,adolescent,2025-07-14,test,10,,10,9.0,10,12
projectseed-bds-production,BackwardsDigitSpan-v2.0,12,1,2025-07-23 23:27:26 (Central Daylight Time),"Mozilla/5.0 (iPhone; CPU iPhone OS 18_5_0 like Mac OS X) AppleWebKit/605.1.15 (KHTML, like Gecko) CriOS/138.0.7204.156 Mobile/15E148 Safari/604.1",6c36c393-e06b-4c7f-a2ad-c9c7c25d7d94,852,393,eng,11.0,2025-07-23 23:30:24 (Central Daylight Time),177576,10,6894712305.0,5032174986,1.0,False,11511.0,10374.0,5032721986,3.9999999999417923,adolescent,2025-07-14,test,10,,10,9.0,10,12
projectseed-bds-production,BackwardsDigitSpan-v2.0,12,1,2025-07-23 23:27:26 (Central Daylight Time),"Mozilla/5.0 (iPhone; CPU iPhone OS 18_5_0 like Mac OS X) AppleWebKit/605.1.15 (KHTML, like Gecko) CriOS/138.0.7204.156 Mobile/15E148 Safari/604.1",6c36c393-e06b-4c7f-a2ad-c9c7c25d7d94,852,393,eng,12.0,2025-07-23 23:30:45 (Central Daylight Time),198542,10,4850962317.0,7132690584,1.0,True,9946.0,8873.0,7132690584,4.0,adolescent,2025-07-14,test,10,,10,9.0,10,12
projectseed-bds-production,BackwardsDigitSpan-v2.0,12,1,2025-07-23 23:27:26 (Central Daylight Time),"Mozilla/5.0 (iPhone; CPU iPhone OS 18_5_0 like Mac OS X) AppleWebKit/605.1.15 (KHTML, like Gecko) CriOS/138.0.7204.156 Mobile/15E148 Safari/604.1",6c36c393-e06b-4c7f-a2ad-c9c7c25d7d94,852,393,eng,13.0,2025-07-23 23:31:14 (Central Daylight Time),227747,11,29716869758.0,85796861792,1.0,False,17190.0,13510.0,85796507961,4.000000000029104,adolescent,2025-07-14,test,10,,10,9.0,10,12
projectseed-bds-production,BackwardsDigitSpan-v2.0,12,1,2025-07-23 23:27:26 (Central Daylight Time),"Mozilla/5.0 (iPhone; CPU iPhone OS 18_5_0 like Mac OS X) AppleWebKit/605.1.15 (KHTML, like Gecko) CriOS/138.0.7204.156 Mobile/15E148 Safari/604.1",6c36c393-e06b-4c7f-a2ad-c9c7c25d7d94,852,393,eng,14.0,2025-07-23 23:31:38 (Central Daylight Time),252218,11,71397843968.0,86934879317,1.0,False,12450.0,10373.0,68934687917,2.000000000029104,adolescent,2025-07-14,test,10,,10,9.0,10,12
projectseed-bds-production,BackwardsDigitSpan-v2.0,12,1,2025-07-24 22:59:41 (Central Daylight Time),"Mozilla/5.0 (iPhone; CPU iPhone OS 18_5_0 like Mac OS X) AppleWebKit/605.1.15 (KHTML, like Gecko) CriOS/138.0.7204.156 Mobile/15E148 Safari/604.1",db9f9786-f761-4aa1-9730-3502b4c4ce84,852,393,eng,-999.0,2025-07-24 22:59:53 (Central Daylight Time),12032,2,76.0,67,0.0,True,1794.0,215.0,67,0.0,adolescent,2025-07-14,training,11,,9,8.1667,9,8
projectseed-bds-production,BackwardsDigitSpan-v2.0,12,1,2025-07-24 22:59:41 (Central Daylight Time),"Mozilla/5.0 (iPhone; CPU iPhone OS 18_5_0 like Mac OS X) AppleWebKit/605.1.15 (KHTML, like Gecko) CriOS/138.0.7204.156 Mobile/15E148 Safari/604.1",db9f9786-f761-4aa1-9730-3502b4c4ce84,852,393,eng,-999.0,2025-07-24 22:59:58 (Central Daylight Time),16769,2,13.0,31,0.0,True,978.0,131.0,31,1.0,adolescent,2025-07-14,training,11,,9,8.1667,9,8
projectseed-bds-production,BackwardsDigitSpan-v2.0,12,1,2025-07-24 22:59:41 (Central Daylight Time),"Mozilla/5.0 (iPhone; CPU iPhone OS 18_5_0 like Mac OS X) AppleWebKit/605.1.15 (KHTML, like Gecko) CriOS/138.0.7204.156 Mobile/15E148 Safari/604.1",db9f9786-f761-4aa1-9730-3502b4c4ce84,852,393,eng,-999.0,2025-07-24 23:00:04 (Central Daylight Time),22939,3,731.0,137,0.0,True,1314.0,384.0,137,0.999999999996362,adolescent,2025-07-14,training,11,,9,8.1667,9,8
projectseed-bds-production,BackwardsDigitSpan-v2.0,12,1,2025-07-24 22:59:41 (Central Daylight Time),"Mozilla/5.0 (iPhone; CPU iPhone OS 18_5_0 like Mac OS X) AppleWebKit/605.1.15 (KHTML, like Gecko) CriOS/138.0.7204.156 Mobile/15E148 Safari/604.1",db9f9786-f761-4aa1-9730-3502b4c4ce84,852,393,eng,1.0,2025-07-24 23:00:09 (Central Daylight Time),27643,2,13.0,31,1.0,True,912.0,166.0,31,1.0,adolescent,2025-07-14,test,11,,9,8.1667,9,8
projectseed-bds-production,BackwardsDigitSpan-v2.0,12,1,2025-07-24 22:59:41 (Central Daylight Time),"Mozilla/5.0 (iPhone; CPU iPhone OS 18_5_0 like Mac OS X) AppleWebKit/605.1.15 (KHTML, like Gecko) CriOS/138.0.7204.156 Mobile/15E148 Safari/604.1",db9f9786-f761-4aa1-9730-3502b4c4ce84,852,393,eng,2.0,2025-07-24 23:00:14 (Central Daylight Time),33182,3,291.0,192,1.0,True,1531.0,534.0,192,0.999999999996362,adolescent,2025-07-14,test,11,,9,8.1667,9,8
projectseed-bds-production,BackwardsDigitSpan-v2.0,12,1,2025-07-24 22:59:41 (Central Daylight Time),"Mozilla/5.0 (iPhone; CPU iPhone OS 18_5_0 like Mac OS X) AppleWebKit/605.1.15 (KHTML, like Gecko) CriOS/138.0.7204.156 Mobile/15E148 Safari/604.1",db9f9786-f761-4aa1-9730-3502b4c4ce84,852,393,eng,3.0,2025-07-24 23:00:22 (Central Daylight Time),41455,4,1724.0,4271,1.0,True,3263.0,883.0,4271,1.0,adolescent,2025-07-14,test,11,,9,8.1667,9,8
projectseed-bds-production,BackwardsDigitSpan-v2.0,12,1,2025-07-24 22:59:41 (Central Daylight Time),"Mozilla/5.0 (iPhone; CPU iPhone OS 18_5_0 like Mac OS X) AppleWebKit/605.1.15 (KHTML, like Gecko) CriOS/138.0.7204.156 Mobile/15E148 Safari/604.1",db9f9786-f761-4aa1-9730-3502b4c4ce84,852,393,eng,4.0,2025-07-24 23:00:33 (Central Daylight Time),51976,5,57364.0,46375,1.0,True,4511.0,3449.0,46375,2.0,adolescent,2025-07-14,test,11,,9,8.1667,9,8
projectseed-bds-production,BackwardsDigitSpan-v2.0,12,1,2025-07-24 22:59:41 (Central Daylight Time),"Mozilla/5.0 (iPhone; CPU iPhone OS 18_5_0 like Mac OS X) AppleWebKit/605.1.15 (KHTML, like Gecko) CriOS/138.0.7204.156 Mobile/15E148 Safari/604.1",db9f9786-f761-4aa1-9730-3502b4c4ce84,852,393,eng,5.0,2025-07-24 23:00:44 (Central Daylight Time),62722,6,601725.0,527106,1.0,True,3735.0,1885.0,527106,1.999999999985448,adolescent,2025-07-14,test,11,,9,8.1667,9,8
projectseed-bds-production,BackwardsDigitSpan-v2.0,12,1,2025-07-24 22:59:41 (Central Daylight Time),"Mozilla/5.0 (iPhone; CPU iPhone OS 18_5_0 like Mac OS X) AppleWebKit/605.1.15 (KHTML, like Gecko) CriOS/138.0.7204.156 Mobile/15E148 Safari/604.1",db9f9786-f761-4aa1-9730-3502b4c4ce84,852,393,eng,6.0,2025-07-24 23:00:59 (Central Daylight Time),77568,7,1789463.0,3649871,1.0,True,6832.0,5022.0,3649871,3.0,adolescent,2025-07-14,test,11,,9,8.1667,9,8
projectseed-bds-production,BackwardsDigitSpan-v2.0,12,1,2025-07-24 22:59:41 (Central Daylight Time),"Mozilla/5.0 (iPhone; CPU iPhone OS 18_5_0 like Mac OS X) AppleWebKit/605.1.15 (KHTML, like Gecko) CriOS/138.0.7204.156 Mobile/15E148 Safari/604.1",db9f9786-f761-4aa1-9730-3502b4c4ce84,852,393,eng,7.0,2025-07-24 23:01:17 (Central Daylight Time),95532,8,15847203.0,30274851,1.0,True,8948.0,7139.0,30274851,3.0,adolescent,2025-07-14,test,11,,9,8.1667,9,8
projectseed-bds-production,BackwardsDigitSpan-v2.0,12,1,2025-07-24 22:59:41 (Central Daylight Time),"Mozilla/5.0 (iPhone; CPU iPhone OS 18_5_0 like Mac OS X) AppleWebKit/605.1.15 (KHTML, like Gecko) CriOS/138.0.7204.156 Mobile/15E148 Safari/604.1",db9f9786-f761-4aa1-9730-3502b4c4ce84,852,393,eng,8.0,2025-07-24 23:01:34 (Central Daylight Time),113513,9,254638109.0,901836452,1.0,True,7964.0,6372.0,901836452,3.0,adolescent,2025-07-14,test,11,,9,8.1667,9,8
projectseed-bds-production,BackwardsDigitSpan-v2.0,12,1,2025-07-24 22:59:41 (Central Daylight Time),"Mozilla/5.0 (iPhone; CPU iPhone OS 18_5_0 like Mac OS X) AppleWebKit/605.1.15 (KHTML, like Gecko) CriOS/138.0.7204.156 Mobile/15E148 Safari/604.1",db9f9786-f761-4aa1-9730-3502b4c4ce84,852,393,eng,9.0,2025-07-24 23:02:02 (Central Daylight Time),140682,10,1273485906.0,6095843721,1.0,False,16148.0,13240.0,6095843791,3.0,adolescent,2025-07-14,test,11,,9,8.1667,9,8
projectseed-bds-production,BackwardsDigitSpan-v2.0,12,1,2025-07-24 22:59:41 (Central Daylight Time),"Mozilla/5.0 (iPhone; CPU iPhone OS 18_5_0 like Mac OS X) AppleWebKit/605.1.15 (KHTML, like Gecko) CriOS/138.0.7204.156 Mobile/15E148 Safari/604.1",db9f9786-f761-4aa1-9730-3502b4c4ce84,852,393,eng,10.0,2025-07-24 23:02:24 (Central Daylight Time),163302,10,5698023174.0,4713208965,1.0,False,11602.0,10291.0,4713209169,5.000000000029104,adolescent,2025-07-14,test,11,,9,8.1667,9,8
projectseed-bds-production,BackwardsDigitSpan-v2.0,12,1,2025-07-24 22:59:41 (Central Daylight Time),"Mozilla/5.0 (iPhone; CPU iPhone OS 18_5_0 like Mac OS X) AppleWebKit/605.1.15 (KHTML, like Gecko) CriOS/138.0.7204.156 Mobile/15E148 Safari/604.1",db9f9786-f761-4aa1-9730-3502b4c4ce84,852,393,eng,11.0,2025-07-24 23:02:51 (Central Daylight Time),189534,9,543761892.0,298167345,1.0,False,16213.0,15005.0,298163740,3.0,adolescent,2025-07-14,test,11,,9,8.1667,9,8
projectseed-bds-production,BackwardsDigitSpan-v2.0,12,1,2025-07-24 22:59:41 (Central Daylight Time),"Mozilla/5.0 (iPhone; CPU iPhone OS 18_5_0 like Mac OS X) AppleWebKit/605.1.15 (KHTML, like Gecko) CriOS/138.0.7204.156 Mobile/15E148 Safari/604.1",db9f9786-f761-4aa1-9730-3502b4c4ce84,852,393,eng,12.0,2025-07-24 23:03:12 (Central Daylight Time),210870,9,534021769.0,967120435,1.0,False,11318.0,8441.0,967020345,4.000000000058208,adolescent,2025-07-14,test,11,,9,8.1667,9,8
projectseed-bds-production,BackwardsDigitSpan-v2.0,12,1,2025-07-24 22:59:41 (Central Daylight Time),"Mozilla/5.0 (iPhone; CPU iPhone OS 18_5_0 like Mac OS X) AppleWebKit/605.1.15 (KHTML, like Gecko) CriOS/138.0.7204.156 Mobile/15E148 Safari/604.1",db9f9786-f761-4aa1-9730-3502b4c4ce84,852,393,eng,13.0,2025-07-24 23:03:27 (Central Daylight Time),226098,8,62350178.0,87105326,1.0,False,6212.0,4570.0,87203555,1.0,adolescent,2025-07-14,test,11,,9,8.1667,9,8
projectseed-bds-production,BackwardsDigitSpan-v2.0,12,1,2025-07-24 22:59:41 (Central Daylight Time),"Mozilla/5.0 (iPhone; CPU iPhone OS 18_5_0 like Mac OS X) AppleWebKit/605.1.15 (KHTML, like Gecko) CriOS/138.0.7204.156 Mobile/15E148 Safari/604.1",db9f9786-f761-4aa1-9730-3502b4c4ce84,852,393,eng,14.0,2025-07-24 23:03:48 (Central Daylight Time),246860,8,83502497.0,79420538,1.0,False,11746.0,10487.0,79420598,3.0,adolescent,2025-07-14,test,11,,9,8.1667,9,8
projectseed-bds-production,BackwardsDigitSpan-v2.0,12,1,2025-07-25 22:00:56 (Central Daylight Time),"Mozilla/5.0 (iPhone; CPU iPhone OS 18_5_0 like Mac OS X) AppleWebKit/605.1.15 (KHTML, like Gecko) CriOS/138.0.7204.156 Mobile/15E148 Safari/604.1",0d482bee-03ab-4246-9ebe-a44f8e781987,852,393,eng,-999.0,2025-07-25 22:01:05 (Central Daylight Time),8755,2,29.0,92,0.0,True,1061.0,199.0,92,0.0,adolescent,2025-07-14,training,12,,8,7.1667,8,9
projectseed-bds-production,BackwardsDigitSpan-v2.0,12,1,2025-07-25 22:00:56 (Central Daylight Time),"Mozilla/5.0 (iPhone; CPU iPhone OS 18_5_0 like Mac OS X) AppleWebKit/605.1.15 (KHTML, like Gecko) CriOS/138.0.7204.156 Mobile/15E148 Safari/604.1",0d482bee-03ab-4246-9ebe-a44f8e781987,852,393,eng,-999.0,2025-07-25 22:01:10 (Central Daylight Time),13642,2,37.0,73,0.0,True,1196.0,198.0,73,1.0,adolescent,2025-07-14,training,12,,8,7.1667,8,9
projectseed-bds-production,BackwardsDigitSpan-v2.0,12,1,2025-07-25 22:00:56 (Central Daylight Time),"Mozilla/5.0 (iPhone; CPU iPhone OS 18_5_0 like Mac OS X) AppleWebKit/605.1.15 (KHTML, like Gecko) CriOS/138.0.7204.156 Mobile/15E148 Safari/604.1",0d482bee-03ab-4246-9ebe-a44f8e781987,852,393,eng,-999.0,2025-07-25 22:01:17 (Central Daylight Time),20297,3,465.0,564,0.0,True,1729.0,585.0,564,0.0,adolescent,2025-07-14,training,12,,8,7.1667,8,9
projectseed-bds-production,BackwardsDigitSpan-v2.0,12,1,2025-07-25 22:00:56 (Central Daylight Time),"Mozilla/5.0 (iPhone; CPU iPhone OS 18_5_0 like Mac OS X) AppleWebKit/605.1.15 (KHTML, like Gecko) CriOS/138.0.7204.156 Mobile/15E148 Safari/604.1",0d482bee-03ab-4246-9ebe-a44f8e781987,852,393,eng,1.0,2025-07-25 22:01:22 (Central Daylight Time),25283,2,27.0,72,1.0,True,1263.0,149.0,72,2.0,adolescent,2025-07-14,test,12,,8,7.1667,8,9
projectseed-bds-production,BackwardsDigitSpan-v2.0,12,1,2025-07-25 22:00:56 (Central Daylight Time),"Mozilla/5.0 (iPhone; CPU iPhone OS 18_5_0 like Mac OS X) AppleWebKit/605.1.15 (KHTML, like Gecko) CriOS/138.0.7204.156 Mobile/15E148 Safari/604.1",0d482bee-03ab-4246-9ebe-a44f8e781987,852,393,eng,2.0,2025-07-25 22:01:27 (Central Daylight Time),30724,3,254.0,452,1.0,True,1434.0,385.0,452,1.0,adolescent,2025-07-14,test,12,,8,7.1667,8,9
projectseed-bds-production,BackwardsDigitSpan-v2.0,12,1,2025-07-25 22:00:56 (Central Daylight Time),"Mozilla/5.0 (iPhone; CPU iPhone OS 18_5_0 like Mac OS X) AppleWebKit/605.1.15 (KHTML, like Gecko) CriOS/138.0.7204.156 Mobile/15E148 Safari/604.1",0d482bee-03ab-4246-9ebe-a44f8e781987,852,393,eng,3.0,2025-07-25 22:01:36 (Central Daylight Time),39629,4,9126.0,6219,1.0,True,3900.0,1049.0,6219,2.000000000007276,adolescent,2025-07-14,test,12,,8,7.1667,8,9
projectseed-bds-production,BackwardsDigitSpan-v2.0,12,1,2025-07-25 22:00:56 (Central Daylight Time),"Mozilla/5.0 (iPhone; CPU iPhone OS 18_5_0 like Mac OS X) AppleWebKit/605.1.15 (KHTML, like Gecko) CriOS/138.0.7204.156 Mobile/15E148 Safari/604.1",0d482bee-03ab-4246-9ebe-a44f8e781987,852,393,eng,4.0,2025-07-25 22:01:48 (Central Daylight Time),51302,5,63897.0,79836,1.0,True,5665.0,3616.0,79836,2.999999999992724,adolescent,2025-07-14,test,12,,8,7.1667,8,9
projectseed-bds-production,BackwardsDigitSpan-v2.0,12,1,2025-07-25 22:00:56 (Central Daylight Time),"Mozilla/5.0 (iPhone; CPU iPhone OS 18_5_0 like Mac OS X) AppleWebKit/605.1.15 (KHTML, like Gecko) CriOS/138.0.7204.156 Mobile/15E148 Safari/604.1",0d482bee-03ab-4246-9ebe-a44f8e781987,852,393,eng,5.0,2025-07-25 22:02:04 (Central Daylight Time),67369,6,963428.0,824369,1.0,False,9057.0,6156.0,823699,3.0,adolescent,2025-07-14,test,12,,8,7.1667,8,9
projectseed-bds-production,BackwardsDigitSpan-v2.0,12,1,2025-07-25 22:00:56 (Central Daylight Time),"Mozilla/5.0 (iPhone; CPU iPhone OS 18_5_0 like Mac OS X) AppleWebKit/605.1.15 (KHTML, like Gecko) CriOS/138.0.7204.156 Mobile/15E148 Safari/604.1",0d482bee-03ab-4246-9ebe-a44f8e781987,852,393,eng,6.0,2025-07-25 22:02:20 (Central Daylight Time),83161,6,754623.0,326457,1.0,True,8777.0,6684.0,326457,3.0,adolescent,2025-07-14,test,12,,8,7.1667,8,9
projectseed-bds-production,BackwardsDigitSpan-v2.0,12,1,2025-07-25 22:00:56 (Central Daylight Time),"Mozilla/5.0 (iPhone; CPU iPhone OS 18_5_0 like Mac OS X) AppleWebKit/605.1.15 (KHTML, like Gecko) CriOS/138.0.7204.156 Mobile/15E148 Safari/604.1",0d482bee-03ab-4246-9ebe-a44f8e781987,852,393,eng,7.0,2025-07-25 22:02:31 (Central Daylight Time),94853,7,8497152.0,2517948,1.0,False,3678.0,2485.0,2577777,3.000000000014552,adolescent,2025-07-14,test,12,,8,7.1667,8,9
projectseed-bds-production,BackwardsDigitSpan-v2.0,12,1,2025-07-25 22:00:56 (Central Daylight Time),"Mozilla/5.0 (iPhone; CPU iPhone OS 18_5_0 like Mac OS X) AppleWebKit/605.1.15 (KHTML, like Gecko) CriOS/138.0.7204.156 Mobile/15E148 Safari/604.1",0d482bee-03ab-4246-9ebe-a44f8e781987,852,393,eng,8.0,2025-07-25 22:02:48 (Central Daylight Time),111833,7,7894235.0,5324987,1.0,True,8966.0,5755.0,5324987,2.0,adolescent,2025-07-14,test,12,,8,7.1667,8,9
projectseed-bds-production,BackwardsDigitSpan-v2.0,12,1,2025-07-25 22:00:56 (Central Daylight Time),"Mozilla/5.0 (iPhone; CPU iPhone OS 18_5_0 like Mac OS X) AppleWebKit/605.1.15 (KHTML, like Gecko) CriOS/138.0.7204.156 Mobile/15E148 Safari/604.1",0d482bee-03ab-4246-9ebe-a44f8e781987,852,393,eng,9.0,2025-07-25 22:03:05 (Central Daylight Time),128328,8,32850971.0,17905823,1.0,True,7480.0,5836.0,17905823,1.9999999999708962,adolescent,2025-07-14,test,12,,8,7.1667,8,9
projectseed-bds-production,BackwardsDigitSpan-v2.0,12,1,2025-07-25 22:00:56 (Central Daylight Time),"Mozilla/5.0 (iPhone; CPU iPhone OS 18_5_0 like Mac OS X) AppleWebKit/605.1.15 (KHTML, like Gecko) CriOS/138.0.7204.156 Mobile/15E148 Safari/604.1",0d482bee-03ab-4246-9ebe-a44f8e781987,852,393,eng,10.0,2025-07-25 22:03:25 (Central Daylight Time),148812,9,718342069.0,960243817,1.0,False,10466.0,9224.0,960243177,4.0,adolescent,2025-07-14,test,12,,8,7.1667,8,9
projectseed-bds-production,BackwardsDigitSpan-v2.0,12,1,2025-07-25 22:00:56 (Central Daylight Time),"Mozilla/5.0 (iPhone; CPU iPhone OS 18_5_0 like Mac OS X) AppleWebKit/605.1.15 (KHTML, like Gecko) CriOS/138.0.7204.156 Mobile/15E148 Safari/604.1",0d482bee-03ab-4246-9ebe-a44f8e781987,852,393,eng,11.0,2025-07-25 22:03:48 (Central Daylight Time),171710,9,631450297.0,792054136,1.0,False,12881.0,9436.0,795413613,2.0,adolescent,2025-07-14,test,12,,8,7.1667,8,9
projectseed-bds-production,BackwardsDigitSpan-v2.0,12,1,2025-07-25 22:00:56 (Central Daylight Time),"Mozilla/5.0 (iPhone; CPU iPhone OS 18_5_0 like Mac OS X) AppleWebKit/605.1.15 (KHTML, like Gecko) CriOS/138.0.7204.156 Mobile/15E148 Safari/604.1",0d482bee-03ab-4246-9ebe-a44f8e781987,852,393,eng,12.0,2025-07-25 22:04:09 (Central Daylight Time),192440,8,94380657.0,75608349,1.0,False,11714.0,8938.0,75643089,4.0,adolescent,2025-07-14,test,12,,8,7.1667,8,9
projectseed-bds-production,BackwardsDigitSpan-v2.0,12,1,2025-07-25 22:00:56 (Central Daylight Time),"Mozilla/5.0 (iPhone; CPU iPhone OS 18_5_0 like Mac OS X) AppleWebKit/605.1.15 (KHTML, like Gecko) CriOS/138.0.7204.156 Mobile/15E148 Safari/604.1",0d482bee-03ab-4246-9ebe-a44f8e781987,852,393,eng,13.0,2025-07-25 22:04:27 (Central Daylight Time),210690,8,23095816.0,61859032,1.0,True,9232.0,7473.0,61859032,4.0,adolescent,2025-07-14,test,12,,8,7.1667,8,9
projectseed-bds-production,BackwardsDigitSpan-v2.0,12,1,2025-07-25 22:00:56 (Central Daylight Time),"Mozilla/5.0 (iPhone; CPU iPhone OS 18_5_0 like Mac OS X) AppleWebKit/605.1.15 (KHTML, like Gecko) CriOS/138.0.7204.156 Mobile/15E148 Safari/604.1",0d482bee-03ab-4246-9ebe-a44f8e781987,852,393,eng,14.0,2025-07-25 22:04:48 (Central Daylight Time),231988,9,193872504.0,405278391,1.0,False,11279.0,9919.0,405278309,2.999999999970896,adolescent,2025-07-14,test,12,,8,7.1667,8,9
projectseed-bds-production,BackwardsDigitSpan-v2.0,12,1,2025-07-26 23:00:25 (Central Daylight Time),"Mozilla/5.0 (iPhone; CPU iPhone OS 18_5_0 like Mac OS X) AppleWebKit/605.1.15 (KHTML, like Gecko) CriOS/138.0.7204.156 Mobile/15E148 Safari/604.1",90974be2-190c-47a8-b99e-973312f4fcf0,852,393,eng,-999.0,2025-07-26 23:00:34 (Central Daylight Time),8929,2,98.0,89,0.0,True,994.0,165.0,89,1.0000000000009095,adolescent,2025-07-14,training,13,,8,7.7,8,8
projectseed-bds-production,BackwardsDigitSpan-v2.0,12,1,2025-07-26 23:00:25 (Central Daylight Time),"Mozilla/5.0 (iPhone; CPU iPhone OS 18_5_0 like Mac OS X) AppleWebKit/605.1.15 (KHTML, like Gecko) CriOS/138.0.7204.156 Mobile/15E148 Safari/604.1",90974be2-190c-47a8-b99e-973312f4fcf0,852,393,eng,-999.0,2025-07-26 23:00:38 (Central Daylight Time),13564,2,82.0,28,0.0,True,1031.0,182.0,28,0.0,adolescent,2025-07-14,training,13,,8,7.7,8,8
projectseed-bds-production,BackwardsDigitSpan-v2.0,12,1,2025-07-26 23:00:25 (Central Daylight Time),"Mozilla/5.0 (iPhone; CPU iPhone OS 18_5_0 like Mac OS X) AppleWebKit/605.1.15 (KHTML, like Gecko) CriOS/138.0.7204.156 Mobile/15E148 Safari/604.1",90974be2-190c-47a8-b99e-973312f4fcf0,852,393,eng,-999.0,2025-07-26 23:00:44 (Central Daylight Time),19787,3,489.0,984,0.0,True,1332.0,467.0,984,2.0,adolescent,2025-07-14,training,13,,8,7.7,8,8
projectseed-bds-production,BackwardsDigitSpan-v2.0,12,1,2025-07-26 23:00:25 (Central Daylight Time),"Mozilla/5.0 (iPhone; CPU iPhone OS 18_5_0 like Mac OS X) AppleWebKit/605.1.15 (KHTML, like Gecko) CriOS/138.0.7204.156 Mobile/15E148 Safari/604.1",90974be2-190c-47a8-b99e-973312f4fcf0,852,393,eng,1.0,2025-07-26 23:00:51 (Central Daylight Time),25792,2,46.0,64,1.0,True,2063.0,299.0,64,1.0,adolescent,2025-07-14,test,13,,8,7.7,8,8
projectseed-bds-production,BackwardsDigitSpan-v2.0,12,1,2025-07-26 23:00:25 (Central Daylight Time),"Mozilla/5.0 (iPhone; CPU iPhone OS 18_5_0 like Mac OS X) AppleWebKit/605.1.15 (KHTML, like Gecko) CriOS/138.0.7204.156 Mobile/15E148 Safari/604.1",90974be2-190c-47a8-b99e-973312f4fcf0,852,393,eng,2.0,2025-07-26 23:00:56 (Central Daylight Time),31047,3,907.0,709,1.0,True,1248.0,417.0,709,2.0,adolescent,2025-07-14,test,13,,8,7.7,8,8
projectseed-bds-production,BackwardsDigitSpan-v2.0,12,1,2025-07-26 23:00:25 (Central Daylight Time),"Mozilla/5.0 (iPhone; CPU iPhone OS 18_5_0 like Mac OS X) AppleWebKit/605.1.15 (KHTML, like Gecko) CriOS/138.0.7204.156 Mobile/15E148 Safari/604.1",90974be2-190c-47a8-b99e-973312f4fcf0,852,393,eng,3.0,2025-07-26 23:01:04 (Central Daylight Time),39586,4,2139.0,9312,1.0,True,3530.0,1400.0,9312,1.0,adolescent,2025-07-14,test,13,,8,7.7,8,8
projectseed-bds-production,BackwardsDigitSpan-v2.0,12,1,2025-07-26 23:00:25 (Central Daylight Time),"Mozilla/5.0 (iPhone; CPU iPhone OS 18_5_0 like Mac OS X) AppleWebKit/605.1.15 (KHTML, like Gecko) CriOS/138.0.7204.156 Mobile/15E148 Safari/604.1",90974be2-190c-47a8-b99e-973312f4fcf0,852,393,eng,4.0,2025-07-26 23:01:13 (Central Daylight Time),48708,5,37892.0,29873,1.0,True,3111.0,2118.0,29873,2.0,adolescent,2025-07-14,test,13,,8,7.7,8,8
projectseed-bds-production,BackwardsDigitSpan-v2.0,12,1,2025-07-26 23:00:25 (Central Daylight Time),"Mozilla/5.0 (iPhone; CPU iPhone OS 18_5_0 like Mac OS X) AppleWebKit/605.1.15 (KHTML, like Gecko) CriOS/138.0.7204.156 Mobile/15E148 Safari/604.1",90974be2-190c-47a8-b99e-973312f4fcf0,852,393,eng,5.0,2025-07-26 23:01:30 (Central Daylight Time),64985,6,542698.0,896245,1.0,True,9265.0,3635.0,896245,2.0,adolescent,2025-07-14,test,13,,8,7.7,8,8
projectseed-bds-production,BackwardsDigitSpan-v2.0,12,1,2025-07-26 23:00:25 (Central Daylight Time),"Mozilla/5.0 (iPhone; CPU iPhone OS 18_5_0 like Mac OS X) AppleWebKit/605.1.15 (KHTML, like Gecko) CriOS/138.0.7204.156 Mobile/15E148 Safari/604.1",90974be2-190c-47a8-b99e-973312f4fcf0,852,393,eng,6.0,2025-07-26 23:01:49 (Central Daylight Time),84301,7,3708195.0,5918073,1.0,True,11302.0,7321.0,5918073,3.0,adolescent,2025-07-14,test,13,,8,7.7,8,8
projectseed-bds-production,BackwardsDigitSpan-v2.0,12,1,2025-07-26 23:00:25 (Central Daylight Time),"Mozilla/5.0 (iPhone; CPU iPhone OS 18_5_0 like Mac OS X) AppleWebKit/605.1.15 (KHTML, like Gecko) CriOS/138.0.7204.156 Mobile/15E148 Safari/604.1",90974be2-190c-47a8-b99e-973312f4fcf0,852,393,eng,7.0,2025-07-26 23:02:12 (Central Daylight Time),107647,8,95712864.0,46821759,1.0,False,14331.0,8955.0,46827121,1.0,adolescent,2025-07-14,test,13,,8,7.7,8,8
projectseed-bds-production,BackwardsDigitSpan-v2.0,12,1,2025-07-26 23:00:25 (Central Daylight Time),"Mozilla/5.0 (iPhone; CPU iPhone OS 18_5_0 like Mac OS X) AppleWebKit/605.1.15 (KHTML, like Gecko) CriOS/138.0.7204.156 Mobile/15E148 Safari/604.1",90974be2-190c-47a8-b99e-973312f4fcf0,852,393,eng,8.0,2025-07-26 23:02:31 (Central Daylight Time),125910,8,95067238.0,83276059,1.0,True,9248.0,7790.0,83276059,4.0,adolescent,2025-07-14,test,13,,8,7.7,8,8
projectseed-bds-production,BackwardsDigitSpan-v2.0,12,1,2025-07-26 23:00:25 (Central Daylight Time),"Mozilla/5.0 (iPhone; CPU iPhone OS 18_5_0 like Mac OS X) AppleWebKit/605.1.15 (KHTML, like Gecko) CriOS/138.0.7204.156 Mobile/15E148 Safari/604.1",90974be2-190c-47a8-b99e-973312f4fcf0,852,393,eng,9.0,2025-07-26 23:02:54 (Central Daylight Time),149563,9,976512038.0,830215679,1.0,False,13637.0,10576.0,827157915,2.0,adolescent,2025-07-14,test,13,,8,7.7,8,8
projectseed-bds-production,BackwardsDigitSpan-v2.0,12,1,2025-07-26 23:00:25 (Central Daylight Time),"Mozilla/5.0 (iPhone; CPU iPhone OS 18_5_0 like Mac OS X) AppleWebKit/605.1.15 (KHTML, like Gecko) CriOS/138.0.7204.156 Mobile/15E148 Safari/604.1",90974be2-190c-47a8-b99e-973312f4fcf0,852,393,eng,10.0,2025-07-26 23:03:18 (Central Daylight Time),172797,9,481630257.0,752036184,1.0,False,13217.0,9956.0,752086281,4.0,adolescent,2025-07-14,test,13,,8,7.7,8,8
projectseed-bds-production,BackwardsDigitSpan-v2.0,12,1,2025-07-26 23:00:25 (Central Daylight Time),"Mozilla/5.0 (iPhone; CPU iPhone OS 18_5_0 like Mac OS X) AppleWebKit/605.1.15 (KHTML, like Gecko) CriOS/138.0.7204.156 Mobile/15E148 Safari/604.1",90974be2-190c-47a8-b99e-973312f4fcf0,852,393,eng,11.0,2025-07-26 23:03:38 (Central Daylight Time),193280,8,95710284.0,48201759,1.0,False,11467.0,8940.0,48271789,3.0,adolescent,2025-07-14,test,13,,8,7.7,8,8
projectseed-bds-production,BackwardsDigitSpan-v2.0,12,1,2025-07-26 23:00:25 (Central Daylight Time),"Mozilla/5.0 (iPhone; CPU iPhone OS 18_5_0 like Mac OS X) AppleWebKit/605.1.15 (KHTML, like Gecko) CriOS/138.0.7204.156 Mobile/15E148 Safari/604.1",90974be2-190c-47a8-b99e-973312f4fcf0,852,393,eng,12.0,2025-07-26 23:04:00 (Central Daylight Time),215713,8,54109823.0,32890145,1.0,False,13417.0,10623.0,32890712,3.0,adolescent,2025-07-14,test,13,,8,7.7,8,8
projectseed-bds-production,BackwardsDigitSpan-v2.0,12,1,2025-07-26 23:00:25 (Central Daylight Time),"Mozilla/5.0 (iPhone; CPU iPhone OS 18_5_0 like Mac OS X) AppleWebKit/605.1.15 (KHTML, like Gecko) CriOS/138.0.7204.156 Mobile/15E148 Safari/604.1",90974be2-190c-47a8-b99e-973312f4fcf0,852,393,eng,13.0,2025-07-26 23:04:14 (Central Daylight Time),229559,7,9520731.0,1370259,1.0,True,5834.0,4919.0,1370259,1.0,adolescent,2025-07-14,test,13,,8,7.7,8,8
projectseed-bds-production,BackwardsDigitSpan-v2.0,12,1,2025-07-26 23:00:25 (Central Daylight Time),"Mozilla/5.0 (iPhone; CPU iPhone OS 18_5_0 like Mac OS X) AppleWebKit/605.1.15 (KHTML, like Gecko) CriOS/138.0.7204.156 Mobile/15E148 Safari/604.1",90974be2-190c-47a8-b99e-973312f4fcf0,852,393,eng,14.0,2025-07-26 23:04:40 (Central Daylight Time),255759,8,53608472.0,27480635,1.0,False,17186.0,15308.0,27840635,1.9999999999708962,adolescent,2025-07-14,test,13,,8,7.7,8,8
projectseed-bds-production,BackwardsDigitSpan-v2.0,13,1,2025-07-14 19:08:30 (Central Daylight Time),"Mozilla/5.0 (Linux; Android 10; K) AppleWebKit/537.36 (KHTML, like Gecko) Chrome/138.0.0.0 Mobile Safari/537.36",dce759ec-af49-4e7d-afd8-fb11998a8269,800,360,eng,-999.0,2025-07-14 19:08:53 (Central Daylight Time),22873,2,32.0,23,0.0,True,1396.0,152.0,23,2.0,adolescent,2025-06-16,training,0,,-999,-999.0,-999,-999
projectseed-bds-production,BackwardsDigitSpan-v2.0,13,1,2025-07-14 19:08:30 (Central Daylight Time),"Mozilla/5.0 (Linux; Android 10; K) AppleWebKit/537.36 (KHTML, like Gecko) Chrome/138.0.0.0 Mobile Safari/537.36",dce759ec-af49-4e7d-afd8-fb11998a8269,800,360,eng,-999.0,2025-07-14 19:08:58 (Central Daylight Time),27367,2,91.0,19,0.0,True,901.0,193.0,19,1.6000000014901161,adolescent,2025-06-16,training,0,,-999,-999.0,-999,-999
projectseed-bds-production,BackwardsDigitSpan-v2.0,13,1,2025-07-14 19:08:30 (Central Daylight Time),"Mozilla/5.0 (Linux; Android 10; K) AppleWebKit/537.36 (KHTML, like Gecko) Chrome/138.0.0.0 Mobile Safari/537.36",dce759ec-af49-4e7d-afd8-fb11998a8269,800,360,eng,-999.0,2025-07-14 19:09:04 (Central Daylight Time),33626,3,824.0,428,0.0,True,1518.0,600.0,428,1.7000000029802322,adolescent,2025-06-16,training,0,,-999,-999.0,-999,-999
projectseed-bds-production,BackwardsDigitSpan-v2.0,13,1,2025-07-21 21:25:11 (Central Daylight Time),"Mozilla/5.0 (Linux; Android 10; K) AppleWebKit/537.36 (KHTML, like Gecko) Chrome/138.0.0.0 Mobile Safari/537.36",4ca14eb7-3c7b-4261-8170-e7dd4f9c9cc0,800,360,eng,-999.0,2025-07-21 21:25:23 (Central Daylight Time),12567,2,51.0,15,0.0,True,1172.0,342.0,15,1.0999999940395355,adolescent,2025-07-14,training,8,,5,3.9167,5,5
projectseed-bds-production,BackwardsDigitSpan-v2.0,13,1,2025-07-21 21:25:11 (Central Daylight Time),"Mozilla/5.0 (Linux; Android 10; K) AppleWebKit/537.36 (KHTML, like Gecko) Chrome/138.0.0.0 Mobile Safari/537.36",4ca14eb7-3c7b-4261-8170-e7dd4f9c9cc0,800,360,eng,-999.0,2025-07-21 21:25:28 (Central Daylight Time),17614,2,35.0,53,0.0,True,1423.0,451.0,53,0.5999999940395355,adolescent,2025-07-14,training,8,,5,3.9167,5,5
projectseed-bds-production,BackwardsDigitSpan-v2.0,13,1,2025-07-21 21:25:11 (Central Daylight Time),"Mozilla/5.0 (Linux; Android 10; K) AppleWebKit/537.36 (KHTML, like Gecko) Chrome/138.0.0.0 Mobile Safari/537.36",4ca14eb7-3c7b-4261-8170-e7dd4f9c9cc0,800,360,eng,-999.0,2025-07-21 21:25:34 (Central Daylight Time),23307,3,123.0,321,0.0,True,1059.0,292.0,321,1.0,adolescent,2025-07-14,training,8,,5,3.9167,5,5
projectseed-bds-production,BackwardsDigitSpan-v2.0,13,1,2025-07-21 21:25:11 (Central Daylight Time),"Mozilla/5.0 (Linux; Android 10; K) AppleWebKit/537.36 (KHTML, like Gecko) Chrome/138.0.0.0 Mobile Safari/537.36",4ca14eb7-3c7b-4261-8170-e7dd4f9c9cc0,800,360,eng,1.0,2025-07-21 21:25:39 (Central Daylight Time),28254,2,71.0,17,1.0,True,1151.0,269.0,17,1.0999999940395355,adolescent,2025-07-14,test,8,,5,3.9167,5,5
projectseed-bds-production,BackwardsDigitSpan-v2.0,13,1,2025-07-21 21:25:11 (Central Daylight Time),"Mozilla/5.0 (Linux; Android 10; K) AppleWebKit/537.36 (KHTML, like Gecko) Chrome/138.0.0.0 Mobile Safari/537.36",4ca14eb7-3c7b-4261-8170-e7dd4f9c9cc0,800,360,eng,2.0,2025-07-21 21:25:45 (Central Daylight Time),33652,3,893.0,398,1.0,True,1393.0,604.0,398,1.9000000059604645,adolescent,2025-07-14,test,8,,5,3.9167,5,5
projectseed-bds-production,BackwardsDigitSpan-v2.0,13,1,2025-07-21 21:25:11 (Central Daylight Time),"Mozilla/5.0 (Linux; Android 10; K) AppleWebKit/537.36 (KHTML, like Gecko) Chrome/138.0.0.0 Mobile Safari/537.36",4ca14eb7-3c7b-4261-8170-e7dd4f9c9cc0,800,360,eng,3.0,2025-07-21 21:25:53 (Central Daylight Time),41805,4,5782.0,2875,1.0,True,3141.0,2012.0,2875,2.900000035762787,adolescent,2025-07-14,test,8,,5,3.9167,5,5
projectseed-bds-production,BackwardsDigitSpan-v2.0,13,1,2025-07-21 21:25:11 (Central Daylight Time),"Mozilla/5.0 (Linux; Android 10; K) AppleWebKit/537.36 (KHTML, like Gecko) Chrome/138.0.0.0 Mobile Safari/537.36",4ca14eb7-3c7b-4261-8170-e7dd4f9c9cc0,800,360,eng,4.0,2025-07-21 21:26:02 (Central Daylight Time),50775,5,72453.0,35427,1.0,False,2961.0,1845.0,32457,3.1999999284744263,adolescent,2025-07-14,test,8,,5,3.9167,5,5
projectseed-bds-production,BackwardsDigitSpan-v2.0,13,1,2025-07-21 21:25:11 (Central Daylight Time),"Mozilla/5.0 (Linux; Android 10; K) AppleWebKit/537.36 (KHTML, like Gecko) Chrome/138.0.0.0 Mobile Safari/537.36",4ca14eb7-3c7b-4261-8170-e7dd4f9c9cc0,800,360,eng,5.0,2025-07-21 21:26:10 (Central Daylight Time),59427,5,83529.0,92538,1.0,True,2640.0,854.0,92538,3.2000000178813934,adolescent,2025-07-14,test,8,,5,3.9167,5,5
projectseed-bds-production,BackwardsDigitSpan-v2.0,13,1,2025-07-21 21:25:11 (Central Daylight Time),"Mozilla/5.0 (Linux; Android 10; K) AppleWebKit/537.36 (KHTML, like Gecko) Chrome/138.0.0.0 Mobile Safari/537.36",4ca14eb7-3c7b-4261-8170-e7dd4f9c9cc0,800,360,eng,6.0,2025-07-21 21:26:31 (Central Daylight Time),80046,6,503827.0,728305,1.0,False,13611.0,8976.0,782903,2.5,adolescent,2025-07-14,test,8,,5,3.9167,5,5
projectseed-bds-production,BackwardsDigitSpan-v2.0,13,1,2025-07-21 21:25:11 (Central Daylight Time),"Mozilla/5.0 (Linux; Android 10; K) AppleWebKit/537.36 (KHTML, like Gecko) Chrome/138.0.0.0 Mobile Safari/537.36",4ca14eb7-3c7b-4261-8170-e7dd4f9c9cc0,800,360,eng,7.0,2025-07-21 21:26:49 (Central Daylight Time),98632,6,960538.0,835069,1.0,False,11576.0,7471.0,385069,3.699999988079071,adolescent,2025-07-14,test,8,,5,3.9167,5,5
projectseed-bds-production,BackwardsDigitSpan-v2.0,13,1,2025-07-21 21:25:11 (Central Daylight Time),"Mozilla/5.0 (Linux; Android 10; K) AppleWebKit/537.36 (KHTML, like Gecko) Chrome/138.0.0.0 Mobile Safari/537.36",4ca14eb7-3c7b-4261-8170-e7dd4f9c9cc0,800,360,eng,8.0,2025-07-21 21:27:07 (Central Daylight Time),116277,5,61409.0,90416,1.0,False,11637.0,8100.0,90614,3.099999964237213,adolescent,2025-07-14,test,8,,5,3.9167,5,5
projectseed-bds-production,BackwardsDigitSpan-v2.0,13,1,2025-07-21 21:25:11 (Central Daylight Time),"Mozilla/5.0 (Linux; Android 10; K) AppleWebKit/537.36 (KHTML, like Gecko) Chrome/138.0.0.0 Mobile Safari/537.36",4ca14eb7-3c7b-4261-8170-e7dd4f9c9cc0,800,360,eng,9.0,2025-07-21 21:27:21 (Central Daylight Time),129677,5,46753.0,35764,1.0,False,7391.0,5046.0,34675,3.100000023841858,adolescent,2025-07-14,test,8,,5,3.9167,5,5
projectseed-bds-production,BackwardsDigitSpan-v2.0,13,1,2025-07-21 21:25:11 (Central Daylight Time),"Mozilla/5.0 (Linux; Android 10; K) AppleWebKit/537.36 (KHTML, like Gecko) Chrome/138.0.0.0 Mobile Safari/537.36",4ca14eb7-3c7b-4261-8170-e7dd4f9c9cc0,800,360,eng,10.0,2025-07-21 21:27:28 (Central Daylight Time),137228,4,1892.0,2981,1.0,False,2544.0,810.0,8129,3.100000023841858,adolescent,2025-07-14,test,8,,5,3.9167,5,5
projectseed-bds-production,BackwardsDigitSpan-v2.0,13,1,2025-07-21 21:25:11 (Central Daylight Time),"Mozilla/5.0 (Linux; Android 10; K) AppleWebKit/537.36 (KHTML, like Gecko) Chrome/138.0.0.0 Mobile Safari/537.36",4ca14eb7-3c7b-4261-8170-e7dd4f9c9cc0,800,360,eng,11.0,2025-07-21 21:27:37 (Central Daylight Time),146599,4,3986.0,6893,1.0,False,4364.0,861.0,9368,2.4999999701976776,adolescent,2025-07-14,test,8,,5,3.9167,5,5
projectseed-bds-production,BackwardsDigitSpan-v2.0,13,1,2025-07-21 21:25:11 (Central Daylight Time),"Mozilla/5.0 (Linux; Android 10; K) AppleWebKit/537.36 (KHTML, like Gecko) Chrome/138.0.0.0 Mobile Safari/537.36",4ca14eb7-3c7b-4261-8170-e7dd4f9c9cc0,800,360,eng,12.0,2025-07-21 21:27:46 (Central Daylight Time),155034,3,194.0,491,1.0,False,4427.0,444.0,149,2.5999999940395355,adolescent,2025-07-14,test,8,,5,3.9167,5,5
projectseed-bds-production,BackwardsDigitSpan-v2.0,13,1,2025-07-21 21:25:11 (Central Daylight Time),"Mozilla/5.0 (Linux; Android 10; K) AppleWebKit/537.36 (KHTML, like Gecko) Chrome/138.0.0.0 Mobile Safari/537.36",4ca14eb7-3c7b-4261-8170-e7dd4f9c9cc0,800,360,eng,13.0,2025-07-21 21:27:56 (Central Daylight Time),164864,3,785.0,587,1.0,True,5825.0,442.0,587,1.800000011920929,adolescent,2025-07-14,test,8,,5,3.9167,5,5
projectseed-bds-production,BackwardsDigitSpan-v2.0,13,1,2025-07-21 21:25:11 (Central Daylight Time),"Mozilla/5.0 (Linux; Android 10; K) AppleWebKit/537.36 (KHTML, like Gecko) Chrome/138.0.0.0 Mobile Safari/537.36",4ca14eb7-3c7b-4261-8170-e7dd4f9c9cc0,800,360,eng,14.0,2025-07-21 21:28:04 (Central Daylight Time),173101,4,5943.0,3495,1.0,True,3226.0,1402.0,3495,2.899999976158142,adolescent,2025-07-14,test,8,,5,3.9167,5,5
projectseed-bds-production,BackwardsDigitSpan-v2.0,13,1,2025-07-22 20:45:31 (Central Daylight Time),"Mozilla/5.0 (Linux; Android 10; K) AppleWebKit/537.36 (KHTML, like Gecko) Chrome/138.0.0.0 Mobile Safari/537.36",b9f934df-f620-49de-bbea-75aad02141e9,800,360,eng,-999.0,2025-07-22 20:45:42 (Central Daylight Time),10960,2,38.0,83,0.0,True,1724.0,151.0,83,1.4000000357627869,adolescent,2025-07-14,training,9,,5,4.3,4,4
projectseed-bds-production,BackwardsDigitSpan-v2.0,13,1,2025-07-22 20:45:31 (Central Daylight Time),"Mozilla/5.0 (Linux; Android 10; K) AppleWebKit/537.36 (KHTML, like Gecko) Chrome/138.0.0.0 Mobile Safari/537.36",b9f934df-f620-49de-bbea-75aad02141e9,800,360,eng,-999.0,2025-07-22 20:45:47 (Central Daylight Time),15485,2,24.0,42,0.0,True,1077.0,91.0,42,0.8999999761581421,adolescent,2025-07-14,training,9,,5,4.3,4,4
projectseed-bds-production,BackwardsDigitSpan-v2.0,13,1,2025-07-22 20:45:31 (Central Daylight Time),"Mozilla/5.0 (Linux; Android 10; K) AppleWebKit/537.36 (KHTML, like Gecko) Chrome/138.0.0.0 Mobile Safari/537.36",b9f934df-f620-49de-bbea-75aad02141e9,800,360,eng,-999.0,2025-07-22 20:45:53 (Central Daylight Time),22012,3,678.0,876,0.0,True,1943.0,759.0,876,1.6999999284744263,adolescent,2025-07-14,training,9,,5,4.3,4,4
projectseed-bds-production,BackwardsDigitSpan-v2.0,13,1,2025-07-22 20:45:31 (Central Daylight Time),"Mozilla/5.0 (Linux; Android 10; K) AppleWebKit/537.36 (KHTML, like Gecko) Chrome/138.0.0.0 Mobile Safari/537.36",b9f934df-f620-49de-bbea-75aad02141e9,800,360,eng,1.0,2025-07-22 20:45:58 (Central Daylight Time),26971,2,35.0,53,1.0,True,1362.0,176.0,53,1.199999988079071,adolescent,2025-07-14,test,9,,5,4.3,4,4
projectseed-bds-production,BackwardsDigitSpan-v2.0,13,1,2025-07-22 20:45:31 (Central Daylight Time),"Mozilla/5.0 (Linux; Android 10; K) AppleWebKit/537.36 (KHTML, like Gecko) Chrome/138.0.0.0 Mobile Safari/537.36",b9f934df-f620-49de-bbea-75aad02141e9,800,360,eng,2.0,2025-07-22 20:46:04 (Central Daylight Time),32654,3,374.0,473,1.0,True,1678.0,366.0,473,1.399999976158142,adolescent,2025-07-14,test,9,,5,4.3,4,4
projectseed-bds-production,BackwardsDigitSpan-v2.0,13,1,2025-07-22 20:45:31 (Central Daylight Time),"Mozilla/5.0 (Linux; Android 10; K) AppleWebKit/537.36 (KHTML, like Gecko) Chrome/138.0.0.0 Mobile Safari/537.36",b9f934df-f620-49de-bbea-75aad02141e9,800,360,eng,3.0,2025-07-22 20:46:17 (Central Daylight Time),45924,4,4279.0,9724,1.0,False,8261.0,1475.0,7935,2.800000011920929,adolescent,2025-07-14,test,9,,5,4.3,4,4
projectseed-bds-production,BackwardsDigitSpan-v2.0,13,1,2025-07-22 20:45:31 (Central Daylight Time),"Mozilla/5.0 (Linux; Android 10; K) AppleWebKit/537.36 (KHTML, like Gecko) Chrome/138.0.0.0 Mobile Safari/537.36",b9f934df-f620-49de-bbea-75aad02141e9,800,360,eng,4.0,2025-07-22 20:46:32 (Central Daylight Time),60943,4,1876.0,6781,1.0,True,10010.0,3260.0,6781,3.0000000596046448,adolescent,2025-07-14,test,9,,5,4.3,4,4
projectseed-bds-production,BackwardsDigitSpan-v2.0,13,1,2025-07-22 20:45:31 (Central Daylight Time),"Mozilla/5.0 (Linux; Android 10; K) AppleWebKit/537.36 (KHTML, like Gecko) Chrome/138.0.0.0 Mobile Safari/537.36",b9f934df-f620-49de-bbea-75aad02141e9,800,360,eng,5.0,2025-07-22 20:46:43 (Central Daylight Time),71531,5,46759.0,95764,1.0,False,4578.0,3286.0,95676,3.600000023841858,adolescent,2025-07-14,test,9,,5,4.3,4,4
projectseed-bds-production,BackwardsDigitSpan-v2.0,13,1,2025-07-22 20:45:31 (Central Daylight Time),"Mozilla/5.0 (Linux; Android 10; K) AppleWebKit/537.36 (KHTML, like Gecko) Chrome/138.0.0.0 Mobile Safari/537.36",b9f934df-f620-49de-bbea-75aad02141e9,800,360,eng,6.0,2025-07-22 20:46:52 (Central Daylight Time),80555,5,17824.0,42871,1.0,False,3013.0,1418.0,47128,2.900000035762787,adolescent,2025-07-14,test,9,,5,4.3,4,4
projectseed-bds-production,BackwardsDigitSpan-v2.0,13,1,2025-07-22 20:45:31 (Central Daylight Time),"Mozilla/5.0 (Linux; Android 10; K) AppleWebKit/537.36 (KHTML, like Gecko) Chrome/138.0.0.0 Mobile Safari/537.36",b9f934df-f620-49de-bbea-75aad02141e9,800,360,eng,7.0,2025-07-22 20:46:58 (Central Daylight Time),87265,4,5287.0,7825,1.0,True,1703.0,902.0,7825,2.699999988079071,adolescent,2025-07-14,test,9,,5,4.3,4,4
projectseed-bds-production,BackwardsDigitSpan-v2.0,13,1,2025-07-22 20:45:31 (Central Daylight Time),"Mozilla/5.0 (Linux; Android 10; K) AppleWebKit/537.36 (KHTML, like Gecko) Chrome/138.0.0.0 Mobile Safari/537.36",b9f934df-f620-49de-bbea-75aad02141e9,800,360,eng,8.0,2025-07-22 20:47:09 (Central Daylight Time),97851,5,57926.0,62975,1.0,False,4579.0,2060.0,62879,2.4999999403953552,adolescent,2025-07-14,test,9,,5,4.3,4,4
projectseed-bds-production,BackwardsDigitSpan-v2.0,13,1,2025-07-22 20:45:31 (Central Daylight Time),"Mozilla/5.0 (Linux; Android 10; K) AppleWebKit/537.36 (KHTML, like Gecko) Chrome/138.0.0.0 Mobile Safari/537.36",b9f934df-f620-49de-bbea-75aad02141e9,800,360,eng,9.0,2025-07-22 20:47:25 (Central Daylight Time),114401,5,31657.0,75613,1.0,False,10544.0,7032.0,75137,2.199999988079071,adolescent,2025-07-14,test,9,,5,4.3,4,4
projectseed-bds-production,BackwardsDigitSpan-v2.0,13,1,2025-07-22 20:45:31 (Central Daylight Time),"Mozilla/5.0 (Linux; Android 10; K) AppleWebKit/537.36 (KHTML, like Gecko) Chrome/138.0.0.0 Mobile Safari/537.36",b9f934df-f620-49de-bbea-75aad02141e9,800,360,eng,10.0,2025-07-22 20:47:36 (Central Daylight Time),125208,4,8426.0,6248,1.0,False,5800.0,1176.0,6228,2.700000047683716,adolescent,2025-07-14,test,9,,5,4.3,4,4
projectseed-bds-production,BackwardsDigitSpan-v2.0,13,1,2025-07-22 20:45:31 (Central Daylight Time),"Mozilla/5.0 (Linux; Android 10; K) AppleWebKit/537.36 (KHTML, like Gecko) Chrome/138.0.0.0 Mobile Safari/537.36",b9f934df-f620-49de-bbea-75aad02141e9,800,360,eng,11.0,2025-07-22 20:47:44 (Central Daylight Time),132977,4,9265.0,5629,1.0,True,2759.0,1393.0,5629,3.4000000953674316,adolescent,2025-07-14,test,9,,5,4.3,4,4
projectseed-bds-production,BackwardsDigitSpan-v2.0,13,1,2025-07-22 20:45:31 (Central Daylight Time),"Mozilla/5.0 (Linux; Android 10; K) AppleWebKit/537.36 (KHTML, like Gecko) Chrome/138.0.0.0 Mobile Safari/537.36",b9f934df-f620-49de-bbea-75aad02141e9,800,360,eng,12.0,2025-07-22 20:47:54 (Central Daylight Time),142591,5,85413.0,31458,1.0,True,3603.0,2229.0,31458,3.6000000834465027,adolescent,2025-07-14,test,9,,5,4.3,4,4
projectseed-bds-production,BackwardsDigitSpan-v2.0,13,1,2025-07-22 20:45:31 (Central Daylight Time),"Mozilla/5.0 (Linux; Android 10; K) AppleWebKit/537.36 (KHTML, like Gecko) Chrome/138.0.0.0 Mobile Safari/537.36",b9f934df-f620-49de-bbea-75aad02141e9,800,360,eng,13.0,2025-07-22 20:48:06 (Central Daylight Time),154881,6,309156.0,651903,1.0,False,5280.0,3881.0,515190,3.800000011920929,adolescent,2025-07-14,test,9,,5,4.3,4,4
projectseed-bds-production,BackwardsDigitSpan-v2.0,13,1,2025-07-22 20:45:31 (Central Daylight Time),"Mozilla/5.0 (Linux; Android 10; K) AppleWebKit/537.36 (KHTML, like Gecko) Chrome/138.0.0.0 Mobile Safari/537.36",b9f934df-f620-49de-bbea-75aad02141e9,800,360,eng,14.0,2025-07-22 20:48:16 (Central Daylight Time),165396,6,873025.0,520378,1.0,False,3504.0,2591.0,250376,4.399999976158142,adolescent,2025-07-14,test,9,,5,4.3,4,4
projectseed-bds-production,BackwardsDigitSpan-v2.0,13,1,2025-07-23 21:53:50 (Central Daylight Time),"Mozilla/5.0 (Linux; Android 10; K) AppleWebKit/537.36 (KHTML, like Gecko) Chrome/138.0.0.0 Mobile Safari/537.36",2f0e119f-7bee-491c-8eae-b73b87373d83,800,360,eng,-999.0,2025-07-23 21:54:55 (Central Daylight Time),64740,2,18.0,81,0.0,True,1313.0,194.0,81,1.4999999403953552,adolescent,2025-07-14,training,10,,5,4.4167,2,1
projectseed-bds-production,BackwardsDigitSpan-v2.0,13,1,2025-07-23 21:53:50 (Central Daylight Time),"Mozilla/5.0 (Linux; Android 10; K) AppleWebKit/537.36 (KHTML, like Gecko) Chrome/138.0.0.0 Mobile Safari/537.36",2f0e119f-7bee-491c-8eae-b73b87373d83,800,360,eng,-999.0,2025-07-23 21:54:59 (Central Daylight Time),69236,2,49.0,94,0.0,True,972.0,109.0,94,1.199999988079071,adolescent,2025-07-14,training,10,,5,4.4167,2,1
projectseed-bds-production,BackwardsDigitSpan-v2.0,13,1,2025-07-23 21:53:50 (Central Daylight Time),"Mozilla/5.0 (Linux; Android 10; K) AppleWebKit/537.36 (KHTML, like Gecko) Chrome/138.0.0.0 Mobile Safari/537.36",2f0e119f-7bee-491c-8eae-b73b87373d83,800,360,eng,-999.0,2025-07-23 21:55:05 (Central Daylight Time),74793,3,382.0,283,0.0,False,1104.0,343.0,238,2.800000011920929,adolescent,2025-07-14,training,10,,5,4.4167,2,1
projectseed-bds-production,BackwardsDigitSpan-v2.0,13,1,2025-07-23 21:53:50 (Central Daylight Time),"Mozilla/5.0 (Linux; Android 10; K) AppleWebKit/537.36 (KHTML, like Gecko) Chrome/138.0.0.0 Mobile Safari/537.36",2f0e119f-7bee-491c-8eae-b73b87373d83,800,360,eng,-999.0,2025-07-23 21:55:10 (Central Daylight Time),79489,2,48.0,84,0.0,True,1307.0,166.0,84,0.800000011920929,adolescent,2025-07-14,training,10,,5,4.4167,2,1
projectseed-bds-production,BackwardsDigitSpan-v2.0,13,1,2025-07-23 21:53:50 (Central Daylight Time),"Mozilla/5.0 (Linux; Android 10; K) AppleWebKit/537.36 (KHTML, like Gecko) Chrome/138.0.0.0 Mobile Safari/537.36",2f0e119f-7bee-491c-8eae-b73b87373d83,800,360,eng,-999.0,2025-07-23 21:55:14 (Central Daylight Time),83809,2,92.0,29,0.0,True,888.0,100.0,29,2.0,adolescent,2025-07-14,training,10,,5,4.4167,2,1
projectseed-bds-production,BackwardsDigitSpan-v2.0,13,1,2025-07-23 21:53:50 (Central Daylight Time),"Mozilla/5.0 (Linux; Android 10; K) AppleWebKit/537.36 (KHTML, like Gecko) Chrome/138.0.0.0 Mobile Safari/537.36",2f0e119f-7bee-491c-8eae-b73b87373d83,800,360,eng,1.0,2025-07-23 21:55:19 (Central Daylight Time),89358,2,63.0,36,1.0,True,2007.0,262.0,36,1.5000000596046448,adolescent,2025-07-14,test,10,,5,4.4167,2,1
projectseed-bds-production,BackwardsDigitSpan-v2.0,13,1,2025-07-23 21:53:50 (Central Daylight Time),"Mozilla/5.0 (Linux; Android 10; K) AppleWebKit/537.36 (KHTML, like Gecko) Chrome/138.0.0.0 Mobile Safari/537.36",2f0e119f-7bee-491c-8eae-b73b87373d83,800,360,eng,2.0,2025-07-23 21:55:26 (Central Daylight Time),96107,3,743.0,347,1.0,False,2744.0,742.0,374,1.5,adolescent,2025-07-14,test,10,,5,4.4167,2,1
projectseed-bds-production,BackwardsDigitSpan-v2.0,13,1,2025-07-23 21:53:50 (Central Daylight Time),"Mozilla/5.0 (Linux; Android 10; K) AppleWebKit/537.36 (KHTML, like Gecko) Chrome/138.0.0.0 Mobile Safari/537.36",2f0e119f-7bee-491c-8eae-b73b87373d83,800,360,eng,3.0,2025-07-23 21:55:31 (Central Daylight Time),101328,3,107.0,701,1.0,False,1215.0,476.0,107,2.300000011920929,adolescent,2025-07-14,test,10,,5,4.4167,2,1
projectseed-bds-production,BackwardsDigitSpan-v2.0,13,1,2025-07-23 21:53:50 (Central Daylight Time),"Mozilla/5.0 (Linux; Android 10; K) AppleWebKit/537.36 (KHTML, like Gecko) Chrome/138.0.0.0 Mobile Safari/537.36",2f0e119f-7bee-491c-8eae-b73b87373d83,800,360,eng,4.0,2025-07-23 21:55:36 (Central Daylight Time),106010,2,47.0,74,1.0,True,1675.0,852.0,74,2.100000023841858,adolescent,2025-07-14,test,10,,5,4.4167,2,1
projectseed-bds-production,BackwardsDigitSpan-v2.0,13,1,2025-07-23 21:53:50 (Central Daylight Time),"Mozilla/5.0 (Linux; Android 10; K) AppleWebKit/537.36 (KHTML, like Gecko) Chrome/138.0.0.0 Mobile Safari/537.36",2f0e119f-7bee-491c-8eae-b73b87373d83,800,360,eng,5.0,2025-07-23 21:55:43 (Central Daylight Time),112776,3,901.0,109,1.0,False,2757.0,358.0,190,2.4999999403953552,adolescent,2025-07-14,test,10,,5,4.4167,2,1
projectseed-bds-production,BackwardsDigitSpan-v2.0,13,1,2025-07-23 21:53:50 (Central Daylight Time),"Mozilla/5.0 (Linux; Android 10; K) AppleWebKit/537.36 (KHTML, like Gecko) Chrome/138.0.0.0 Mobile Safari/537.36",2f0e119f-7bee-491c-8eae-b73b87373d83,800,360,eng,6.0,2025-07-23 21:55:54 (Central Daylight Time),123447,3,526.0,625,1.0,True,6663.0,2169.0,625,2.700000047683716,adolescent,2025-07-14,test,10,,5,4.4167,2,1
projectseed-bds-production,BackwardsDigitSpan-v2.0,13,1,2025-07-23 21:53:50 (Central Daylight Time),"Mozilla/5.0 (Linux; Android 10; K) AppleWebKit/537.36 (KHTML, like Gecko) Chrome/138.0.0.0 Mobile Safari/537.36",2f0e119f-7bee-491c-8eae-b73b87373d83,800,360,eng,7.0,2025-07-23 21:56:01 (Central Daylight Time),130649,4,4816.0,6184,1.0,True,2197.0,1036.0,6184,2.399999976158142,adolescent,2025-07-14,test,10,,5,4.4167,2,1
projectseed-bds-production,BackwardsDigitSpan-v2.0,13,1,2025-07-23 21:53:50 (Central Daylight Time),"Mozilla/5.0 (Linux; Android 10; K) AppleWebKit/537.36 (KHTML, like Gecko) Chrome/138.0.0.0 Mobile Safari/537.36",2f0e119f-7bee-491c-8eae-b73b87373d83,800,360,eng,8.0,2025-07-23 21:56:09 (Central Daylight Time),139409,5,38725.0,52783,1.0,True,2749.0,1110.0,52783,3.8999999165534973,adolescent,2025-07-14,test,10,,5,4.4167,2,1
projectseed-bds-production,BackwardsDigitSpan-v2.0,13,1,2025-07-23 21:53:50 (Central Daylight Time),"Mozilla/5.0 (Linux; Android 10; K) AppleWebKit/537.36 (KHTML, like Gecko) Chrome/138.0.0.0 Mobile Safari/537.36",2f0e119f-7bee-491c-8eae-b73b87373d83,800,360,eng,9.0,2025-07-23 21:56:20 (Central Daylight Time),150438,6,284176.0,671482,1.0,False,4016.0,2795.0,671382,5.200000107288361,adolescent,2025-07-14,test,10,,5,4.4167,2,1
projectseed-bds-production,BackwardsDigitSpan-v2.0,13,1,2025-07-23 21:53:50 (Central Daylight Time),"Mozilla/5.0 (Linux; Android 10; K) AppleWebKit/537.36 (KHTML, like Gecko) Chrome/138.0.0.0 Mobile Safari/537.36",2f0e119f-7bee-491c-8eae-b73b87373d83,800,360,eng,10.0,2025-07-23 21:56:32 (Central Daylight Time),161603,6,285967.0,769582,1.0,False,4154.0,3433.0,723101,4.800000011920929,adolescent,2025-07-14,test,10,,5,4.4167,2,1
projectseed-bds-production,BackwardsDigitSpan-v2.0,13,1,2025-07-23 21:53:50 (Central Daylight Time),"Mozilla/5.0 (Linux; Android 10; K) AppleWebKit/537.36 (KHTML, like Gecko) Chrome/138.0.0.0 Mobile Safari/537.36",2f0e119f-7bee-491c-8eae-b73b87373d83,800,360,eng,11.0,2025-07-23 21:56:40 (Central Daylight Time),170095,5,40627.0,72604,1.0,True,2484.0,1478.0,72604,3.3000000715255737,adolescent,2025-07-14,test,10,,5,4.4167,2,1
projectseed-bds-production,BackwardsDigitSpan-v2.0,13,1,2025-07-23 21:53:50 (Central Daylight Time),"Mozilla/5.0 (Linux; Android 10; K) AppleWebKit/537.36 (KHTML, like Gecko) Chrome/138.0.0.0 Mobile Safari/537.36",2f0e119f-7bee-491c-8eae-b73b87373d83,800,360,eng,12.0,2025-07-23 21:56:52 (Central Daylight Time),181926,6,689053.0,350986,1.0,False,4815.0,3822.0,350966,4.099999964237213,adolescent,2025-07-14,test,10,,5,4.4167,2,1
projectseed-bds-production,BackwardsDigitSpan-v2.0,13,1,2025-07-23 21:53:50 (Central Daylight Time),"Mozilla/5.0 (Linux; Android 10; K) AppleWebKit/537.36 (KHTML, like Gecko) Chrome/138.0.0.0 Mobile Safari/537.36",2f0e119f-7bee-491c-8eae-b73b87373d83,800,360,eng,13.0,2025-07-23 21:57:22 (Central Daylight Time),211749,6,108594.0,495801,1.0,False,22806.0,1858.0,238012,5.199999988079071,adolescent,2025-07-14,test,10,,5,4.4167,2,1
projectseed-bds-production,BackwardsDigitSpan-v2.0,13,1,2025-07-23 21:53:50 (Central Daylight Time),"Mozilla/5.0 (Linux; Android 10; K) AppleWebKit/537.36 (KHTML, like Gecko) Chrome/138.0.0.0 Mobile Safari/537.36",2f0e119f-7bee-491c-8eae-b73b87373d83,800,360,eng,14.0,2025-07-23 21:57:32 (Central Daylight Time),221795,5,32548.0,84523,1.0,False,4035.0,2861.0,85422,3.5,adolescent,2025-07-14,test,10,,5,4.4167,2,1
projectseed-bds-production,BackwardsDigitSpan-v2.0,13,1,2025-07-24 21:02:24 (Central Daylight Time),"Mozilla/5.0 (Linux; Android 10; K) AppleWebKit/537.36 (KHTML, like Gecko) Chrome/138.0.0.0 Mobile Safari/537.36",17e4d168-dff9-42fa-9f4a-9f9bbe168e4a,800,360,eng,-999.0,2025-07-24 21:02:50 (Central Daylight Time),26572,2,76.0,67,0.0,True,1885.0,257.0,67,2.399999976158142,adolescent,2025-07-14,training,11,,6,5.0,6,7
projectseed-bds-production,BackwardsDigitSpan-v2.0,13,1,2025-07-24 21:02:24 (Central Daylight Time),"Mozilla/5.0 (Linux; Android 10; K) AppleWebKit/537.36 (KHTML, like Gecko) Chrome/138.0.0.0 Mobile Safari/537.36",17e4d168-dff9-42fa-9f4a-9f9bbe168e4a,800,360,eng,-999.0,2025-07-24 21:02:55 (Central Daylight Time),31661,2,13.0,31,0.0,True,1274.0,217.0,31,2.799999952316284,adolescent,2025-07-14,training,11,,6,5.0,6,7
projectseed-bds-production,BackwardsDigitSpan-v2.0,13,1,2025-07-24 21:02:24 (Central Daylight Time),"Mozilla/5.0 (Linux; Android 10; K) AppleWebKit/537.36 (KHTML, like Gecko) Chrome/138.0.0.0 Mobile Safari/537.36",17e4d168-dff9-42fa-9f4a-9f9bbe168e4a,800,360,eng,-999.0,2025-07-24 21:03:01 (Central Daylight Time),37291,3,731.0,137,0.0,True,1179.0,432.0,137,3.699999988079071,adolescent,2025-07-14,training,11,,6,5.0,6,7
projectseed-bds-production,BackwardsDigitSpan-v2.0,13,1,2025-07-24 21:02:24 (Central Daylight Time),"Mozilla/5.0 (Linux; Android 10; K) AppleWebKit/537.36 (KHTML, like Gecko) Chrome/138.0.0.0 Mobile Safari/537.36",17e4d168-dff9-42fa-9f4a-9f9bbe168e4a,800,360,eng,1.0,2025-07-24 21:03:08 (Central Daylight Time),44334,2,13.0,31,1.0,True,3506.0,162.0,31,3.299999952316284,adolescent,2025-07-14,test,11,,6,5.0,6,7
projectseed-bds-production,BackwardsDigitSpan-v2.0,13,1,2025-07-24 21:02:24 (Central Daylight Time),"Mozilla/5.0 (Linux; Android 10; K) AppleWebKit/537.36 (KHTML, like Gecko) Chrome/138.0.0.0 Mobile Safari/537.36",17e4d168-dff9-42fa-9f4a-9f9bbe168e4a,800,360,eng,2.0,2025-07-24 21:03:14 (Central Daylight Time),50569,3,291.0,192,1.0,False,2223.0,1334.0,129,5.200000047683716,adolescent,2025-07-14,test,11,,6,5.0,6,7
projectseed-bds-production,BackwardsDigitSpan-v2.0,13,1,2025-07-24 21:02:24 (Central Daylight Time),"Mozilla/5.0 (Linux; Android 10; K) AppleWebKit/537.36 (KHTML, like Gecko) Chrome/138.0.0.0 Mobile Safari/537.36",17e4d168-dff9-42fa-9f4a-9f9bbe168e4a,800,360,eng,3.0,2025-07-24 21:03:22 (Central Daylight Time),58220,3,289.0,982,1.0,True,3640.0,875.0,982,3.400000035762787,adolescent,2025-07-14,test,11,,6,5.0,6,7
projectseed-bds-production,BackwardsDigitSpan-v2.0,13,1,2025-07-24 21:02:24 (Central Daylight Time),"Mozilla/5.0 (Linux; Android 10; K) AppleWebKit/537.36 (KHTML, like Gecko) Chrome/138.0.0.0 Mobile Safari/537.36",17e4d168-dff9-42fa-9f4a-9f9bbe168e4a,800,360,eng,4.0,2025-07-24 21:03:31 (Central Daylight Time),67158,4,1724.0,4271,1.0,True,3927.0,751.0,4271,4.399999916553497,adolescent,2025-07-14,test,11,,6,5.0,6,7
projectseed-bds-production,BackwardsDigitSpan-v2.0,13,1,2025-07-24 21:02:24 (Central Daylight Time),"Mozilla/5.0 (Linux; Android 10; K) AppleWebKit/537.36 (KHTML, like Gecko) Chrome/138.0.0.0 Mobile Safari/537.36",17e4d168-dff9-42fa-9f4a-9f9bbe168e4a,800,360,eng,5.0,2025-07-24 21:03:42 (Central Daylight Time),78021,5,57364.0,46375,1.0,False,4851.0,3604.0,46734,3.5000000596046448,adolescent,2025-07-14,test,11,,6,5.0,6,7
projectseed-bds-production,BackwardsDigitSpan-v2.0,13,1,2025-07-24 21:02:24 (Central Daylight Time),"Mozilla/5.0 (Linux; Android 10; K) AppleWebKit/537.36 (KHTML, like Gecko) Chrome/138.0.0.0 Mobile Safari/537.36",17e4d168-dff9-42fa-9f4a-9f9bbe168e4a,800,360,eng,6.0,2025-07-24 21:03:50 (Central Daylight Time),86499,5,20713.0,31702,1.0,True,2457.0,1169.0,31702,8.800000011920929,adolescent,2025-07-14,test,11,,6,5.0,6,7
projectseed-bds-production,BackwardsDigitSpan-v2.0,13,1,2025-07-24 21:02:24 (Central Daylight Time),"Mozilla/5.0 (Linux; Android 10; K) AppleWebKit/537.36 (KHTML, like Gecko) Chrome/138.0.0.0 Mobile Safari/537.36",17e4d168-dff9-42fa-9f4a-9f9bbe168e4a,800,360,eng,7.0,2025-07-24 21:04:00 (Central Daylight Time),96521,6,601725.0,527106,1.0,True,2993.0,1577.0,527106,8.0,adolescent,2025-07-14,test,11,,6,5.0,6,7
projectseed-bds-production,BackwardsDigitSpan-v2.0,13,1,2025-07-24 21:02:24 (Central Daylight Time),"Mozilla/5.0 (Linux; Android 10; K) AppleWebKit/537.36 (KHTML, like Gecko) Chrome/138.0.0.0 Mobile Safari/537.36",17e4d168-dff9-42fa-9f4a-9f9bbe168e4a,800,360,eng,8.0,2025-07-24 21:04:13 (Central Daylight Time),109057,7,1789463.0,3649871,1.0,False,4512.0,3406.0,3694871,9.5,adolescent,2025-07-14,test,11,,6,5.0,6,7
projectseed-bds-production,BackwardsDigitSpan-v2.0,13,1,2025-07-24 21:02:24 (Central Daylight Time),"Mozilla/5.0 (Linux; Android 10; K) AppleWebKit/537.36 (KHTML, like Gecko) Chrome/138.0.0.0 Mobile Safari/537.36",17e4d168-dff9-42fa-9f4a-9f9bbe168e4a,800,360,eng,9.0,2025-07-24 21:04:26 (Central Daylight Time),122111,7,2698307.0,7038962,1.0,False,5030.0,4076.0,7089621,9.800000071525574,adolescent,2025-07-14,test,11,,6,5.0,6,7
projectseed-bds-production,BackwardsDigitSpan-v2.0,13,1,2025-07-24 21:02:24 (Central Daylight Time),"Mozilla/5.0 (Linux; Android 10; K) AppleWebKit/537.36 (KHTML, like Gecko) Chrome/138.0.0.0 Mobile Safari/537.36",17e4d168-dff9-42fa-9f4a-9f9bbe168e4a,800,360,eng,10.0,2025-07-24 21:04:36 (Central Daylight Time),132208,6,584912.0,219485,1.0,False,3064.0,2468.0,214982,7.699999988079071,adolescent,2025-07-14,test,11,,6,5.0,6,7
projectseed-bds-production,BackwardsDigitSpan-v2.0,13,1,2025-07-24 21:02:24 (Central Daylight Time),"Mozilla/5.0 (Linux; Android 10; K) AppleWebKit/537.36 (KHTML, like Gecko) Chrome/138.0.0.0 Mobile Safari/537.36",17e4d168-dff9-42fa-9f4a-9f9bbe168e4a,800,360,eng,11.0,2025-07-24 21:04:47 (Central Daylight Time),143844,6,709268.0,862907,1.0,True,4625.0,2369.0,862907,3.199999988079071,adolescent,2025-07-14,test,11,,6,5.0,6,7
projectseed-bds-production,BackwardsDigitSpan-v2.0,13,1,2025-07-24 21:02:24 (Central Daylight Time),"Mozilla/5.0 (Linux; Android 10; K) AppleWebKit/537.36 (KHTML, like Gecko) Chrome/138.0.0.0 Mobile Safari/537.36",17e4d168-dff9-42fa-9f4a-9f9bbe168e4a,800,360,eng,12.0,2025-07-24 21:05:01 (Central Daylight Time),157027,7,5732486.0,6842375,1.0,False,5159.0,4023.0,6823752,8.600000083446503,adolescent,2025-07-14,test,11,,6,5.0,6,7
projectseed-bds-production,BackwardsDigitSpan-v2.0,13,1,2025-07-24 21:02:24 (Central Daylight Time),"Mozilla/5.0 (Linux; Android 10; K) AppleWebKit/537.36 (KHTML, like Gecko) Chrome/138.0.0.0 Mobile Safari/537.36",17e4d168-dff9-42fa-9f4a-9f9bbe168e4a,800,360,eng,13.0,2025-07-24 21:05:12 (Central Daylight Time),168138,7,9043267.0,7623409,1.0,False,3088.0,2079.0,7263409,7.1999998688697815,adolescent,2025-07-14,test,11,,6,5.0,6,7
projectseed-bds-production,BackwardsDigitSpan-v2.0,13,1,2025-07-24 21:02:24 (Central Daylight Time),"Mozilla/5.0 (Linux; Android 10; K) AppleWebKit/537.36 (KHTML, like Gecko) Chrome/138.0.0.0 Mobile Safari/537.36",17e4d168-dff9-42fa-9f4a-9f9bbe168e4a,800,360,eng,14.0,2025-07-24 21:05:22 (Central Daylight Time),178571,6,230749.0,947032,1.0,False,3403.0,2113.0,240929,8.899999916553497,adolescent,2025-07-14,test,11,,6,5.0,6,7
projectseed-bds-production,BackwardsDigitSpan-v2.0,13,1,2025-07-26 01:58:43 (Central Daylight Time),"Mozilla/5.0 (Linux; Android 10; K) AppleWebKit/537.36 (KHTML, like Gecko) Chrome/138.0.0.0 Mobile Safari/537.36",ec41f7fa-c2cd-4e0f-bcf4-6dbf485e00de,800,360,eng,-999.0,2025-07-26 01:58:51 (Central Daylight Time),8132,2,29.0,92,0.0,True,1211.0,134.0,92,1.7000000476837158,adolescent,2025-07-14,training,12,,6,5.4,6,6
projectseed-bds-production,BackwardsDigitSpan-v2.0,13,1,2025-07-26 01:58:43 (Central Daylight Time),"Mozilla/5.0 (Linux; Android 10; K) AppleWebKit/537.36 (KHTML, like Gecko) Chrome/138.0.0.0 Mobile Safari/537.36",ec41f7fa-c2cd-4e0f-bcf4-6dbf485e00de,800,360,eng,-999.0,2025-07-26 01:58:59 (Central Daylight Time),15341,2,37.0,73,0.0,True,1556.0,351.0,73,1.0,adolescent,2025-07-14,training,12,,6,5.4,6,6
projectseed-bds-production,BackwardsDigitSpan-v2.0,13,1,2025-07-26 01:58:43 (Central Daylight Time),"Mozilla/5.0 (Linux; Android 10; K) AppleWebKit/537.36 (KHTML, like Gecko) Chrome/138.0.0.0 Mobile Safari/537.36",ec41f7fa-c2cd-4e0f-bcf4-6dbf485e00de,800,360,eng,-999.0,2025-07-26 01:59:05 (Central Daylight Time),21590,3,465.0,564,0.0,True,1780.0,709.0,564,1.4000000357627869,adolescent,2025-07-14,training,12,,6,5.4,6,6
projectseed-bds-production,BackwardsDigitSpan-v2.0,13,1,2025-07-26 01:58:43 (Central Daylight Time),"Mozilla/5.0 (Linux; Android 10; K) AppleWebKit/537.36 (KHTML, like Gecko) Chrome/138.0.0.0 Mobile Safari/537.36",ec41f7fa-c2cd-4e0f-bcf4-6dbf485e00de,800,360,eng,1.0,2025-07-26 01:59:10 (Central Daylight Time),26253,2,27.0,72,1.0,True,1018.0,250.0,72,2.600000023841858,adolescent,2025-07-14,test,12,,6,5.4,6,6
projectseed-bds-production,BackwardsDigitSpan-v2.0,13,1,2025-07-26 01:58:43 (Central Daylight Time),"Mozilla/5.0 (Linux; Android 10; K) AppleWebKit/537.36 (KHTML, like Gecko) Chrome/138.0.0.0 Mobile Safari/537.36",ec41f7fa-c2cd-4e0f-bcf4-6dbf485e00de,800,360,eng,2.0,2025-07-26 01:59:16 (Central Daylight Time),32411,3,254.0,452,1.0,True,2152.0,600.0,452,1.800000011920929,adolescent,2025-07-14,test,12,,6,5.4,6,6
projectseed-bds-production,BackwardsDigitSpan-v2.0,13,1,2025-07-26 01:58:43 (Central Daylight Time),"Mozilla/5.0 (Linux; Android 10; K) AppleWebKit/537.36 (KHTML, like Gecko) Chrome/138.0.0.0 Mobile Safari/537.36",ec41f7fa-c2cd-4e0f-bcf4-6dbf485e00de,800,360,eng,3.0,2025-07-26 01:59:23 (Central Daylight Time),39238,4,9126.0,6219,1.0,True,1821.0,769.0,6219,2.5000000596046448,adolescent,2025-07-14,test,12,,6,5.4,6,6
projectseed-bds-production,BackwardsDigitSpan-v2.0,13,1,2025-07-26 01:58:43 (Central Daylight Time),"Mozilla/5.0 (Linux; Android 10; K) AppleWebKit/537.36 (KHTML, like Gecko) Chrome/138.0.0.0 Mobile Safari/537.36",ec41f7fa-c2cd-4e0f-bcf4-6dbf485e00de,800,360,eng,4.0,2025-07-26 01:59:36 (Central Daylight Time),52247,5,63897.0,79836,1.0,True,7000.0,6000.0,79836,3.9000000953674316,adolescent,2025-07-14,test,12,,6,5.4,6,6
projectseed-bds-production,BackwardsDigitSpan-v2.0,13,1,2025-07-26 01:58:43 (Central Daylight Time),"Mozilla/5.0 (Linux; Android 10; K) AppleWebKit/537.36 (KHTML, like Gecko) Chrome/138.0.0.0 Mobile Safari/537.36",ec41f7fa-c2cd-4e0f-bcf4-6dbf485e00de,800,360,eng,5.0,2025-07-26 01:59:56 (Central Daylight Time),72968,6,963428.0,824369,1.0,False,13707.0,12142.0,824366,4.399999916553497,adolescent,2025-07-14,test,12,,6,5.4,6,6
projectseed-bds-production,BackwardsDigitSpan-v2.0,13,1,2025-07-26 01:58:43 (Central Daylight Time),"Mozilla/5.0 (Linux; Android 10; K) AppleWebKit/537.36 (KHTML, like Gecko) Chrome/138.0.0.0 Mobile Safari/537.36",ec41f7fa-c2cd-4e0f-bcf4-6dbf485e00de,800,360,eng,6.0,2025-07-26 02:00:07 (Central Daylight Time),83533,6,754623.0,326457,1.0,True,3556.0,2472.0,326457,4.200000047683716,adolescent,2025-07-14,test,12,,6,5.4,6,6
projectseed-bds-production,BackwardsDigitSpan-v2.0,13,1,2025-07-26 01:58:43 (Central Daylight Time),"Mozilla/5.0 (Linux; Android 10; K) AppleWebKit/537.36 (KHTML, like Gecko) Chrome/138.0.0.0 Mobile Safari/537.36",ec41f7fa-c2cd-4e0f-bcf4-6dbf485e00de,800,360,eng,7.0,2025-07-26 02:00:21 (Central Daylight Time),97971,7,8497152.0,2517948,1.0,False,6427.0,5299.0,2517978,4.5,adolescent,2025-07-14,test,12,,6,5.4,6,6
projectseed-bds-production,BackwardsDigitSpan-v2.0,13,1,2025-07-26 01:58:43 (Central Daylight Time),"Mozilla/5.0 (Linux; Android 10; K) AppleWebKit/537.36 (KHTML, like Gecko) Chrome/138.0.0.0 Mobile Safari/537.36",ec41f7fa-c2cd-4e0f-bcf4-6dbf485e00de,800,360,eng,8.0,2025-07-26 02:00:35 (Central Daylight Time),111735,7,7894235.0,5324987,1.0,False,5754.0,4307.0,5329857,5.100000083446503,adolescent,2025-07-14,test,12,,6,5.4,6,6
projectseed-bds-production,BackwardsDigitSpan-v2.0,13,1,2025-07-26 01:58:43 (Central Daylight Time),"Mozilla/5.0 (Linux; Android 10; K) AppleWebKit/537.36 (KHTML, like Gecko) Chrome/138.0.0.0 Mobile Safari/537.36",ec41f7fa-c2cd-4e0f-bcf4-6dbf485e00de,800,360,eng,9.0,2025-07-26 02:00:53 (Central Daylight Time),129388,6,243089.0,980342,1.0,True,10641.0,9567.0,980342,4.5,adolescent,2025-07-14,test,12,,6,5.4,6,6
projectseed-bds-production,BackwardsDigitSpan-v2.0,13,1,2025-07-26 01:58:43 (Central Daylight Time),"Mozilla/5.0 (Linux; Android 10; K) AppleWebKit/537.36 (KHTML, like Gecko) Chrome/138.0.0.0 Mobile Safari/537.36",ec41f7fa-c2cd-4e0f-bcf4-6dbf485e00de,800,360,eng,10.0,2025-07-26 02:01:09 (Central Daylight Time),145252,7,4358791.0,1978534,1.0,False,7850.0,7243.0,1953844,5.0,adolescent,2025-07-14,test,12,,6,5.4,6,6
projectseed-bds-production,BackwardsDigitSpan-v2.0,13,1,2025-07-26 01:58:43 (Central Daylight Time),"Mozilla/5.0 (Linux; Android 10; K) AppleWebKit/537.36 (KHTML, like Gecko) Chrome/138.0.0.0 Mobile Safari/537.36",ec41f7fa-c2cd-4e0f-bcf4-6dbf485e00de,800,360,eng,11.0,2025-07-26 02:01:23 (Central Daylight Time),160003,7,7651328.0,8231567,1.0,False,6740.0,4131.0,8215357,3.6000000834465027,adolescent,2025-07-14,test,12,,6,5.4,6,6
projectseed-bds-production,BackwardsDigitSpan-v2.0,13,1,2025-07-26 01:58:43 (Central Daylight Time),"Mozilla/5.0 (Linux; Android 10; K) AppleWebKit/537.36 (KHTML, like Gecko) Chrome/138.0.0.0 Mobile Safari/537.36",ec41f7fa-c2cd-4e0f-bcf4-6dbf485e00de,800,360,eng,12.0,2025-07-26 02:01:35 (Central Daylight Time),171636,6,802134.0,431208,1.0,False,4622.0,3380.0,421082,4.6999998688697815,adolescent,2025-07-14,test,12,,6,5.4,6,6
projectseed-bds-production,BackwardsDigitSpan-v2.0,13,1,2025-07-26 01:58:43 (Central Daylight Time),"Mozilla/5.0 (Linux; Android 10; K) AppleWebKit/537.36 (KHTML, like Gecko) Chrome/138.0.0.0 Mobile Safari/537.36",ec41f7fa-c2cd-4e0f-bcf4-6dbf485e00de,800,360,eng,13.0,2025-07-26 02:01:44 (Central Daylight Time),181108,6,960832.0,238069,1.0,False,2458.0,1622.0,270152,4.6000001430511475,adolescent,2025-07-14,test,12,,6,5.4,6,6
projectseed-bds-production,BackwardsDigitSpan-v2.0,13,1,2025-07-26 01:58:43 (Central Daylight Time),"Mozilla/5.0 (Linux; Android 10; K) AppleWebKit/537.36 (KHTML, like Gecko) Chrome/138.0.0.0 Mobile Safari/537.36",ec41f7fa-c2cd-4e0f-bcf4-6dbf485e00de,800,360,eng,14.0,2025-07-26 02:01:56 (Central Daylight Time),192649,5,17586.0,68571,1.0,False,5532.0,4259.0,69032,3.900000035762787,adolescent,2025-07-14,test,12,,6,5.4,6,6
projectseed-bds-production,BackwardsDigitSpan-v2.0,13,1,2025-07-27 01:49:30 (Central Daylight Time),"Mozilla/5.0 (Linux; Android 10; K) AppleWebKit/537.36 (KHTML, like Gecko) Chrome/138.0.0.0 Mobile Safari/537.36",c876f83d-86ef-4802-b322-ff002400d133,800,360,eng,-999.0,2025-07-27 01:49:38 (Central Daylight Time),8485,2,98.0,89,0.0,True,896.0,100.0,89,1.300000011920929,adolescent,2025-07-14,training,13,,7,6.1667,7,7
projectseed-bds-production,BackwardsDigitSpan-v2.0,13,1,2025-07-27 01:49:30 (Central Daylight Time),"Mozilla/5.0 (Linux; Android 10; K) AppleWebKit/537.36 (KHTML, like Gecko) Chrome/138.0.0.0 Mobile Safari/537.36",c876f83d-86ef-4802-b322-ff002400d133,800,360,eng,-999.0,2025-07-27 01:49:43 (Central Daylight Time),13363,2,82.0,28,0.0,True,1340.0,119.0,28,1.800000011920929,adolescent,2025-07-14,training,13,,7,6.1667,7,7
projectseed-bds-production,BackwardsDigitSpan-v2.0,13,1,2025-07-27 01:49:30 (Central Daylight Time),"Mozilla/5.0 (Linux; Android 10; K) AppleWebKit/537.36 (KHTML, like Gecko) Chrome/138.0.0.0 Mobile Safari/537.36",c876f83d-86ef-4802-b322-ff002400d133,800,360,eng,-999.0,2025-07-27 01:49:49 (Central Daylight Time),19128,3,489.0,984,0.0,False,1204.0,468.0,983,1.8999999165534973,adolescent,2025-07-14,training,13,,7,6.1667,7,7
projectseed-bds-production,BackwardsDigitSpan-v2.0,13,1,2025-07-27 01:49:30 (Central Daylight Time),"Mozilla/5.0 (Linux; Android 10; K) AppleWebKit/537.36 (KHTML, like Gecko) Chrome/138.0.0.0 Mobile Safari/537.36",c876f83d-86ef-4802-b322-ff002400d133,800,360,eng,-999.0,2025-07-27 01:49:54 (Central Daylight Time),24097,2,57.0,75,0.0,True,1394.0,81.0,75,1.199999988079071,adolescent,2025-07-14,training,13,,7,6.1667,7,7
projectseed-bds-production,BackwardsDigitSpan-v2.0,13,1,2025-07-27 01:49:30 (Central Daylight Time),"Mozilla/5.0 (Linux; Android 10; K) AppleWebKit/537.36 (KHTML, like Gecko) Chrome/138.0.0.0 Mobile Safari/537.36",c876f83d-86ef-4802-b322-ff002400d133,800,360,eng,-999.0,2025-07-27 01:49:59 (Central Daylight Time),29293,2,63.0,36,0.0,True,1677.0,376.0,36,2.799999952316284,adolescent,2025-07-14,training,13,,7,6.1667,7,7
projectseed-bds-production,BackwardsDigitSpan-v2.0,13,1,2025-07-27 01:49:30 (Central Daylight Time),"Mozilla/5.0 (Linux; Android 10; K) AppleWebKit/537.36 (KHTML, like Gecko) Chrome/138.0.0.0 Mobile Safari/537.36",c876f83d-86ef-4802-b322-ff002400d133,800,360,eng,1.0,2025-07-27 01:50:04 (Central Daylight Time),34840,2,46.0,64,1.0,True,1944.0,500.0,64,0.800000011920929,adolescent,2025-07-14,test,13,,7,6.1667,7,7
projectseed-bds-production,BackwardsDigitSpan-v2.0,13,1,2025-07-27 01:49:30 (Central Daylight Time),"Mozilla/5.0 (Linux; Android 10; K) AppleWebKit/537.36 (KHTML, like Gecko) Chrome/138.0.0.0 Mobile Safari/537.36",c876f83d-86ef-4802-b322-ff002400d133,800,360,eng,2.0,2025-07-27 01:50:11 (Central Daylight Time),41128,3,907.0,709,1.0,True,2281.0,1077.0,709,2.199999988079071,adolescent,2025-07-14,test,13,,7,6.1667,7,7
projectseed-bds-production,BackwardsDigitSpan-v2.0,13,1,2025-07-27 01:49:30 (Central Daylight Time),"Mozilla/5.0 (Linux; Android 10; K) AppleWebKit/537.36 (KHTML, like Gecko) Chrome/138.0.0.0 Mobile Safari/537.36",c876f83d-86ef-4802-b322-ff002400d133,800,360,eng,3.0,2025-07-27 01:50:19 (Central Daylight Time),49335,4,2139.0,9312,1.0,False,3198.0,1743.0,9319,2.100000023841858,adolescent,2025-07-14,test,13,,7,6.1667,7,7
projectseed-bds-production,BackwardsDigitSpan-v2.0,13,1,2025-07-27 01:49:30 (Central Daylight Time),"Mozilla/5.0 (Linux; Android 10; K) AppleWebKit/537.36 (KHTML, like Gecko) Chrome/138.0.0.0 Mobile Safari/537.36",c876f83d-86ef-4802-b322-ff002400d133,800,360,eng,4.0,2025-07-27 01:50:27 (Central Daylight Time),57476,4,1754.0,4571,1.0,True,3132.0,1235.0,4571,3.099999964237213,adolescent,2025-07-14,test,13,,7,6.1667,7,7
projectseed-bds-production,BackwardsDigitSpan-v2.0,13,1,2025-07-27 01:49:30 (Central Daylight Time),"Mozilla/5.0 (Linux; Android 10; K) AppleWebKit/537.36 (KHTML, like Gecko) Chrome/138.0.0.0 Mobile Safari/537.36",c876f83d-86ef-4802-b322-ff002400d133,800,360,eng,5.0,2025-07-27 01:50:40 (Central Daylight Time),70306,5,37892.0,29873,1.0,True,6822.0,2779.0,29873,3.200000047683716,adolescent,2025-07-14,test,13,,7,6.1667,7,7
projectseed-bds-production,BackwardsDigitSpan-v2.0,13,1,2025-07-27 01:49:30 (Central Daylight Time),"Mozilla/5.0 (Linux; Android 10; K) AppleWebKit/537.36 (KHTML, like Gecko) Chrome/138.0.0.0 Mobile Safari/537.36",c876f83d-86ef-4802-b322-ff002400d133,800,360,eng,6.0,2025-07-27 01:50:50 (Central Daylight Time),80841,6,542698.0,896245,1.0,True,3524.0,1868.0,896245,4.799999892711639,adolescent,2025-07-14,test,13,,7,6.1667,7,7
projectseed-bds-production,BackwardsDigitSpan-v2.0,13,1,2025-07-27 01:49:30 (Central Daylight Time),"Mozilla/5.0 (Linux; Android 10; K) AppleWebKit/537.36 (KHTML, like Gecko) Chrome/138.0.0.0 Mobile Safari/537.36",c876f83d-86ef-4802-b322-ff002400d133,800,360,eng,7.0,2025-07-27 01:51:03 (Central Daylight Time),93312,7,3708195.0,5918073,1.0,True,4459.0,2971.0,5918073,4.899999916553497,adolescent,2025-07-14,test,13,,7,6.1667,7,7
projectseed-bds-production,BackwardsDigitSpan-v2.0,13,1,2025-07-27 01:49:30 (Central Daylight Time),"Mozilla/5.0 (Linux; Android 10; K) AppleWebKit/537.36 (KHTML, like Gecko) Chrome/138.0.0.0 Mobile Safari/537.36",c876f83d-86ef-4802-b322-ff002400d133,800,360,eng,8.0,2025-07-27 01:51:19 (Central Daylight Time),109352,8,95712864.0,46821759,1.0,False,7025.0,5732.0,46018595,5.500000059604645,adolescent,2025-07-14,test,13,,7,6.1667,7,7
projectseed-bds-production,BackwardsDigitSpan-v2.0,13,1,2025-07-27 01:49:30 (Central Daylight Time),"Mozilla/5.0 (Linux; Android 10; K) AppleWebKit/537.36 (KHTML, like Gecko) Chrome/138.0.0.0 Mobile Safari/537.36",c876f83d-86ef-4802-b322-ff002400d133,800,360,eng,9.0,2025-07-27 01:51:35 (Central Daylight Time),125716,8,95067238.0,83276059,1.0,False,7346.0,5954.0,83605927,5.5,adolescent,2025-07-14,test,13,,7,6.1667,7,7
projectseed-bds-production,BackwardsDigitSpan-v2.0,13,1,2025-07-27 01:49:30 (Central Daylight Time),"Mozilla/5.0 (Linux; Android 10; K) AppleWebKit/537.36 (KHTML, like Gecko) Chrome/138.0.0.0 Mobile Safari/537.36",c876f83d-86ef-4802-b322-ff002400d133,800,360,eng,10.0,2025-07-27 01:51:51 (Central Daylight Time),141090,7,9520731.0,1370259,1.0,False,7359.0,6556.0,1305953,5.0,adolescent,2025-07-14,test,13,,7,6.1667,7,7
projectseed-bds-production,BackwardsDigitSpan-v2.0,13,1,2025-07-27 01:49:30 (Central Daylight Time),"Mozilla/5.0 (Linux; Android 10; K) AppleWebKit/537.36 (KHTML, like Gecko) Chrome/138.0.0.0 Mobile Safari/537.36",c876f83d-86ef-4802-b322-ff002400d133,800,360,eng,11.0,2025-07-27 01:52:05 (Central Daylight Time),155499,7,9536841.0,1486359,1.0,False,6393.0,5791.0,1436597,5.199999988079071,adolescent,2025-07-14,test,13,,7,6.1667,7,7
projectseed-bds-production,BackwardsDigitSpan-v2.0,13,1,2025-07-27 01:49:30 (Central Daylight Time),"Mozilla/5.0 (Linux; Android 10; K) AppleWebKit/537.36 (KHTML, like Gecko) Chrome/138.0.0.0 Mobile Safari/537.36",c876f83d-86ef-4802-b322-ff002400d133,800,360,eng,12.0,2025-07-27 01:52:16 (Central Daylight Time),166025,6,746532.0,235647,1.0,False,3517.0,2544.0,274950,4.200000047683716,adolescent,2025-07-14,test,13,,7,6.1667,7,7
projectseed-bds-production,BackwardsDigitSpan-v2.0,13,1,2025-07-27 01:49:30 (Central Daylight Time),"Mozilla/5.0 (Linux; Android 10; K) AppleWebKit/537.36 (KHTML, like Gecko) Chrome/138.0.0.0 Mobile Safari/537.36",c876f83d-86ef-4802-b322-ff002400d133,800,360,eng,13.0,2025-07-27 01:52:26 (Central Daylight Time),176246,6,280341.0,143082,1.0,True,3208.0,2287.0,143082,3.800000011920929,adolescent,2025-07-14,test,13,,7,6.1667,7,7
projectseed-bds-production,BackwardsDigitSpan-v2.0,13,1,2025-07-27 01:49:30 (Central Daylight Time),"Mozilla/5.0 (Linux; Android 10; K) AppleWebKit/537.36 (KHTML, like Gecko) Chrome/138.0.0.0 Mobile Safari/537.36",c876f83d-86ef-4802-b322-ff002400d133,800,360,eng,14.0,2025-07-27 01:52:41 (Central Daylight Time),191500,7,2569308.0,8039652,1.0,True,7244.0,6364.0,8039652,3.099999964237213,adolescent,2025-07-14,test,13,,7,6.1667,7,7
projectseed-bds-production,BackwardsDigitSpan-v2.0,13,1,2025-07-28 01:38:44 (Central Daylight Time),"Mozilla/5.0 (Linux; Android 10; K) AppleWebKit/537.36 (KHTML, like Gecko) Chrome/138.0.0.0 Mobile Safari/537.36",4b489f43-9aff-49cf-9d63-9f7381be1083,800,360,eng,-999.0,2025-07-28 01:38:56 (Central Daylight Time),11368,2,62.0,26,0.0,True,2042.0,410.0,26,1.300000011920929,adolescent,2025-07-14,training,14,,5,4.7667,4,3
projectseed-bds-production,BackwardsDigitSpan-v2.0,13,1,2025-07-28 01:38:44 (Central Daylight Time),"Mozilla/5.0 (Linux; Android 10; K) AppleWebKit/537.36 (KHTML, like Gecko) Chrome/138.0.0.0 Mobile Safari/537.36",4b489f43-9aff-49cf-9d63-9f7381be1083,800,360,eng,-999.0,2025-07-28 01:39:01 (Central Daylight Time),16112,2,57.0,75,0.0,True,1240.0,507.0,75,1.100000023841858,adolescent,2025-07-14,training,14,,5,4.7667,4,3
projectseed-bds-production,BackwardsDigitSpan-v2.0,13,1,2025-07-28 01:38:44 (Central Daylight Time),"Mozilla/5.0 (Linux; Android 10; K) AppleWebKit/537.36 (KHTML, like Gecko) Chrome/138.0.0.0 Mobile Safari/537.36",4b489f43-9aff-49cf-9d63-9f7381be1083,800,360,eng,-999.0,2025-07-28 01:39:07 (Central Daylight Time),22178,3,179.0,971,0.0,False,1469.0,442.0,917,2.599999964237213,adolescent,2025-07-14,training,14,,5,4.7667,4,3
projectseed-bds-production,BackwardsDigitSpan-v2.0,13,1,2025-07-28 01:38:44 (Central Daylight Time),"Mozilla/5.0 (Linux; Android 10; K) AppleWebKit/537.36 (KHTML, like Gecko) Chrome/138.0.0.0 Mobile Safari/537.36",4b489f43-9aff-49cf-9d63-9f7381be1083,800,360,eng,-999.0,2025-07-28 01:39:12 (Central Daylight Time),27969,2,68.0,86,0.0,True,2341.0,857.0,86,1.600000023841858,adolescent,2025-07-14,training,14,,5,4.7667,4,3
projectseed-bds-production,BackwardsDigitSpan-v2.0,13,1,2025-07-28 01:38:44 (Central Daylight Time),"Mozilla/5.0 (Linux; Android 10; K) AppleWebKit/537.36 (KHTML, like Gecko) Chrome/138.0.0.0 Mobile Safari/537.36",4b489f43-9aff-49cf-9d63-9f7381be1083,800,360,eng,-999.0,2025-07-28 01:39:17 (Central Daylight Time),32662,2,34.0,43,0.0,True,1292.0,174.0,43,1.4000000357627869,adolescent,2025-07-14,training,14,,5,4.7667,4,3
projectseed-bds-production,BackwardsDigitSpan-v2.0,13,1,2025-07-28 01:38:44 (Central Daylight Time),"Mozilla/5.0 (Linux; Android 10; K) AppleWebKit/537.36 (KHTML, like Gecko) Chrome/138.0.0.0 Mobile Safari/537.36",4b489f43-9aff-49cf-9d63-9f7381be1083,800,360,eng,1.0,2025-07-28 01:39:22 (Central Daylight Time),37662,2,26.0,62,1.0,True,1300.0,134.0,62,1.7999999523162842,adolescent,2025-07-14,test,14,,5,4.7667,4,3
projectseed-bds-production,BackwardsDigitSpan-v2.0,13,1,2025-07-28 01:38:44 (Central Daylight Time),"Mozilla/5.0 (Linux; Android 10; K) AppleWebKit/537.36 (KHTML, like Gecko) Chrome/138.0.0.0 Mobile Safari/537.36",4b489f43-9aff-49cf-9d63-9f7381be1083,800,360,eng,2.0,2025-07-28 01:39:28 (Central Daylight Time),43288,3,372.0,273,1.0,True,1608.0,591.0,273,2.5,adolescent,2025-07-14,test,14,,5,4.7667,4,3
projectseed-bds-production,BackwardsDigitSpan-v2.0,13,1,2025-07-28 01:38:44 (Central Daylight Time),"Mozilla/5.0 (Linux; Android 10; K) AppleWebKit/537.36 (KHTML, like Gecko) Chrome/138.0.0.0 Mobile Safari/537.36",4b489f43-9aff-49cf-9d63-9f7381be1083,800,360,eng,3.0,2025-07-28 01:39:41 (Central Daylight Time),56596,4,1637.0,7361,1.0,True,8293.0,1174.0,7361,2.200000047683716,adolescent,2025-07-14,test,14,,5,4.7667,4,3
projectseed-bds-production,BackwardsDigitSpan-v2.0,13,1,2025-07-28 01:38:44 (Central Daylight Time),"Mozilla/5.0 (Linux; Android 10; K) AppleWebKit/537.36 (KHTML, like Gecko) Chrome/138.0.0.0 Mobile Safari/537.36",4b489f43-9aff-49cf-9d63-9f7381be1083,800,360,eng,4.0,2025-07-28 01:39:58 (Central Daylight Time),73977,5,97032.0,23079,1.0,False,11363.0,1974.0,23790,3.099999964237213,adolescent,2025-07-14,test,14,,5,4.7667,4,3
projectseed-bds-production,BackwardsDigitSpan-v2.0,13,1,2025-07-28 01:38:44 (Central Daylight Time),"Mozilla/5.0 (Linux; Android 10; K) AppleWebKit/537.36 (KHTML, like Gecko) Chrome/138.0.0.0 Mobile Safari/537.36",4b489f43-9aff-49cf-9d63-9f7381be1083,800,360,eng,5.0,2025-07-28 01:40:28 (Central Daylight Time),103426,5,50632.0,23605,1.0,False,23428.0,14087.0,25605,3.8000000715255737,adolescent,2025-07-14,test,14,,5,4.7667,4,3
projectseed-bds-production,BackwardsDigitSpan-v2.0,13,1,2025-07-28 01:38:44 (Central Daylight Time),"Mozilla/5.0 (Linux; Android 10; K) AppleWebKit/537.36 (KHTML, like Gecko) Chrome/138.0.0.0 Mobile Safari/537.36",4b489f43-9aff-49cf-9d63-9f7381be1083,800,360,eng,6.0,2025-07-28 01:40:43 (Central Daylight Time),118528,4,2685.0,5862,1.0,False,10090.0,7235.0,5628,2.5,adolescent,2025-07-14,test,14,,5,4.7667,4,3
projectseed-bds-production,BackwardsDigitSpan-v2.0,13,1,2025-07-28 01:38:44 (Central Daylight Time),"Mozilla/5.0 (Linux; Android 10; K) AppleWebKit/537.36 (KHTML, like Gecko) Chrome/138.0.0.0 Mobile Safari/537.36",4b489f43-9aff-49cf-9d63-9f7381be1083,800,360,eng,7.0,2025-07-28 01:40:58 (Central Daylight Time),133254,4,8063.0,3608,1.0,True,9705.0,5385.0,3608,2.0,adolescent,2025-07-14,test,14,,5,4.7667,4,3
projectseed-bds-production,BackwardsDigitSpan-v2.0,13,1,2025-07-28 01:38:44 (Central Daylight Time),"Mozilla/5.0 (Linux; Android 10; K) AppleWebKit/537.36 (KHTML, like Gecko) Chrome/138.0.0.0 Mobile Safari/537.36",4b489f43-9aff-49cf-9d63-9f7381be1083,800,360,eng,8.0,2025-07-28 01:41:26 (Central Daylight Time),161157,5,98157.0,75189,1.0,True,21885.0,2167.0,75189,1.5999999642372131,adolescent,2025-07-14,test,14,,5,4.7667,4,3
projectseed-bds-production,BackwardsDigitSpan-v2.0,13,1,2025-07-28 01:38:44 (Central Daylight Time),"Mozilla/5.0 (Linux; Android 10; K) AppleWebKit/537.36 (KHTML, like Gecko) Chrome/138.0.0.0 Mobile Safari/537.36",4b489f43-9aff-49cf-9d63-9f7381be1083,800,360,eng,9.0,2025-07-28 01:41:37 (Central Daylight Time),172287,6,902316.0,613209,1.0,False,4116.0,2986.0,615320,2.4999999403953552,adolescent,2025-07-14,test,14,,5,4.7667,4,3
projectseed-bds-production,BackwardsDigitSpan-v2.0,13,1,2025-07-28 01:38:44 (Central Daylight Time),"Mozilla/5.0 (Linux; Android 10; K) AppleWebKit/537.36 (KHTML, like Gecko) Chrome/138.0.0.0 Mobile Safari/537.36",4b489f43-9aff-49cf-9d63-9f7381be1083,800,360,eng,10.0,2025-07-28 01:41:47 (Central Daylight Time),182818,6,615904.0,409516,1.0,False,3510.0,1871.0,409532,2.799999952316284,adolescent,2025-07-14,test,14,,5,4.7667,4,3
projectseed-bds-production,BackwardsDigitSpan-v2.0,13,1,2025-07-28 01:38:44 (Central Daylight Time),"Mozilla/5.0 (Linux; Android 10; K) AppleWebKit/537.36 (KHTML, like Gecko) Chrome/138.0.0.0 Mobile Safari/537.36",4b489f43-9aff-49cf-9d63-9f7381be1083,800,360,eng,11.0,2025-07-28 01:42:01 (Central Daylight Time),197030,5,40289.0,98204,1.0,True,8184.0,2983.0,98204,3.899999976158142,adolescent,2025-07-14,test,14,,5,4.7667,4,3
projectseed-bds-production,BackwardsDigitSpan-v2.0,13,1,2025-07-28 01:38:44 (Central Daylight Time),"Mozilla/5.0 (Linux; Android 10; K) AppleWebKit/537.36 (KHTML, like Gecko) Chrome/138.0.0.0 Mobile Safari/537.36",4b489f43-9aff-49cf-9d63-9f7381be1083,800,360,eng,12.0,2025-07-28 01:42:17 (Central Daylight Time),212755,6,975013.0,310579,1.0,False,8698.0,6220.0,310959,4.699999988079071,adolescent,2025-07-14,test,14,,5,4.7667,4,3
projectseed-bds-production,BackwardsDigitSpan-v2.0,13,1,2025-07-28 01:38:44 (Central Daylight Time),"Mozilla/5.0 (Linux; Android 10; K) AppleWebKit/537.36 (KHTML, like Gecko) Chrome/138.0.0.0 Mobile Safari/537.36",4b489f43-9aff-49cf-9d63-9f7381be1083,800,360,eng,13.0,2025-07-28 01:42:36 (Central Daylight Time),231470,6,620137.0,731026,1.0,False,11688.0,5803.0,731067,5.5,adolescent,2025-07-14,test,14,,5,4.7667,4,3
projectseed-bds-production,BackwardsDigitSpan-v2.0,13,1,2025-07-28 01:38:44 (Central Daylight Time),"Mozilla/5.0 (Linux; Android 10; K) AppleWebKit/537.36 (KHTML, like Gecko) Chrome/138.0.0.0 Mobile Safari/537.36",4b489f43-9aff-49cf-9d63-9f7381be1083,800,360,eng,14.0,2025-07-28 01:42:52 (Central Daylight Time),247835,5,97231.0,13279,1.0,True,10339.0,4245.0,13279,3.100000023841858,adolescent,2025-07-14,test,14,,5,4.7667,4,3
projectseed-bds-production,BackwardsDigitSpan-v2.0,14,1,2025-07-27 13:34:20 (Central Daylight Time),"Mozilla/5.0 (iPhone; CPU iPhone OS 17_6_1 like Mac OS X) AppleWebKit/605.1.15 (KHTML, like Gecko) Version/17.6 Mobile/15E148 Safari/604.1",c48cc2d1-31e6-426e-91ff-2005ee50ea4f,844,390,eng,-999.0,2025-07-27 13:35:43 (Central Daylight Time),82956,2,32.0,23,0.0,False,34200.0,583.0,75,1.0,adolescent,2025-06-16,training,0,,-999,-999.0,-999,-999
projectseed-bds-production,BackwardsDigitSpan-v2.0,14,1,2025-07-27 13:34:20 (Central Daylight Time),"Mozilla/5.0 (iPhone; CPU iPhone OS 17_6_1 like Mac OS X) AppleWebKit/605.1.15 (KHTML, like Gecko) Version/17.6 Mobile/15E148 Safari/604.1",c48cc2d1-31e6-426e-91ff-2005ee50ea4f,844,390,eng,-999.0,2025-07-27 13:35:49 (Central Daylight Time),89274,2,91.0,19,0.0,True,2422.0,114.0,19,0.0,adolescent,2025-06-16,training,0,,-999,-999.0,-999,-999
projectseed-bds-production,BackwardsDigitSpan-v2.0,14,1,2025-07-27 13:34:20 (Central Daylight Time),"Mozilla/5.0 (iPhone; CPU iPhone OS 17_6_1 like Mac OS X) AppleWebKit/605.1.15 (KHTML, like Gecko) Version/17.6 Mobile/15E148 Safari/604.1",c48cc2d1-31e6-426e-91ff-2005ee50ea4f,844,390,eng,-999.0,2025-07-27 13:35:55 (Central Daylight Time),95376,3,824.0,428,0.0,True,1276.0,263.0,428,1.0,adolescent,2025-06-16,training,0,,-999,-999.0,-999,-999
projectseed-bds-production,BackwardsDigitSpan-v2.0,14,1,2025-07-27 13:34:20 (Central Daylight Time),"Mozilla/5.0 (iPhone; CPU iPhone OS 17_6_1 like Mac OS X) AppleWebKit/605.1.15 (KHTML, like Gecko) Version/17.6 Mobile/15E148 Safari/604.1",c48cc2d1-31e6-426e-91ff-2005ee50ea4f,844,390,eng,-999.0,2025-07-27 13:36:00 (Central Daylight Time),100478,2,45.0,54,0.0,True,1362.0,147.0,54,1.0,adolescent,2025-06-16,training,0,,-999,-999.0,-999,-999
projectseed-bds-production,BackwardsDigitSpan-v2.0,14,1,2025-07-27 13:34:20 (Central Daylight Time),"Mozilla/5.0 (iPhone; CPU iPhone OS 17_6_1 like Mac OS X) AppleWebKit/605.1.15 (KHTML, like Gecko) Version/17.6 Mobile/15E148 Safari/604.1",c48cc2d1-31e6-426e-91ff-2005ee50ea4f,844,390,eng,-999.0,2025-07-27 13:36:06 (Central Daylight Time),106130,2,21.0,12,0.0,False,1947.0,184.0,21,1.0,adolescent,2025-06-16,training,0,,-999,-999.0,-999,-999
projectseed-bds-production,BackwardsDigitSpan-v2.0,14,1,2025-07-27 13:34:20 (Central Daylight Time),"Mozilla/5.0 (iPhone; CPU iPhone OS 17_6_1 like Mac OS X) AppleWebKit/605.1.15 (KHTML, like Gecko) Version/17.6 Mobile/15E148 Safari/604.1",c48cc2d1-31e6-426e-91ff-2005ee50ea4f,844,390,eng,-999.0,2025-07-27 13:36:11 (Central Daylight Time),111797,3,732.0,237,0.0,True,1026.0,331.0,237,1.0,adolescent,2025-06-16,training,0,,-999,-999.0,-999,-999
projectseed-bds-production,BackwardsDigitSpan-v2.0,14,1,2025-07-27 13:34:20 (Central Daylight Time),"Mozilla/5.0 (iPhone; CPU iPhone OS 17_6_1 like Mac OS X) AppleWebKit/605.1.15 (KHTML, like Gecko) Version/17.6 Mobile/15E148 Safari/604.1",c48cc2d1-31e6-426e-91ff-2005ee50ea4f,844,390,eng,-999.0,2025-07-27 13:36:16 (Central Daylight Time),116917,2,64.0,46,0.0,True,1413.0,264.0,46,1.0,adolescent,2025-06-16,training,0,,-999,-999.0,-999,-999
projectseed-bds-production,BackwardsDigitSpan-v2.0,14,1,2025-07-27 13:34:20 (Central Daylight Time),"Mozilla/5.0 (iPhone; CPU iPhone OS 17_6_1 like Mac OS X) AppleWebKit/605.1.15 (KHTML, like Gecko) Version/17.6 Mobile/15E148 Safari/604.1",c48cc2d1-31e6-426e-91ff-2005ee50ea4f,844,390,eng,-999.0,2025-07-27 13:36:21 (Central Daylight Time),121836,2,86.0,68,0.0,True,1294.0,95.0,68,1.0,adolescent,2025-06-16,training,0,,-999,-999.0,-999,-999
projectseed-bds-production,BackwardsDigitSpan-v2.0,14,1,2025-07-27 13:34:20 (Central Daylight Time),"Mozilla/5.0 (iPhone; CPU iPhone OS 17_6_1 like Mac OS X) AppleWebKit/605.1.15 (KHTML, like Gecko) Version/17.6 Mobile/15E148 Safari/604.1",c48cc2d1-31e6-426e-91ff-2005ee50ea4f,844,390,eng,-999.0,2025-07-27 13:36:28 (Central Daylight Time),128355,3,403.0,304,0.0,True,1877.0,785.0,304,0.0,adolescent,2025-06-16,training,0,,-999,-999.0,-999,-999
projectseed-bds-production,BackwardsDigitSpan-v2.0,14,1,2025-07-27 13:34:20 (Central Daylight Time),"Mozilla/5.0 (iPhone; CPU iPhone OS 17_6_1 like Mac OS X) AppleWebKit/605.1.15 (KHTML, like Gecko) Version/17.6 Mobile/15E148 Safari/604.1",c48cc2d1-31e6-426e-91ff-2005ee50ea4f,844,390,eng,-999.0,2025-07-27 13:36:33 (Central Daylight Time),133104,2,32.0,23,0.0,False,1245.0,181.0,32,1.0,adolescent,2025-06-16,training,0,,-999,-999.0,-999,-999
projectseed-bds-production,BackwardsDigitSpan-v2.0,14,1,2025-07-27 13:34:20 (Central Daylight Time),"Mozilla/5.0 (iPhone; CPU iPhone OS 17_6_1 like Mac OS X) AppleWebKit/605.1.15 (KHTML, like Gecko) Version/17.6 Mobile/15E148 Safari/604.1",c48cc2d1-31e6-426e-91ff-2005ee50ea4f,844,390,eng,-999.0,2025-07-27 13:36:37 (Central Daylight Time),137776,2,91.0,19,0.0,True,1096.0,80.0,19,1.0,adolescent,2025-06-16,training,0,,-999,-999.0,-999,-999
projectseed-bds-production,BackwardsDigitSpan-v2.0,14,1,2025-07-27 13:34:20 (Central Daylight Time),"Mozilla/5.0 (iPhone; CPU iPhone OS 17_6_1 like Mac OS X) AppleWebKit/605.1.15 (KHTML, like Gecko) Version/17.6 Mobile/15E148 Safari/604.1",c48cc2d1-31e6-426e-91ff-2005ee50ea4f,844,390,eng,-999.0,2025-07-27 13:36:44 (Central Daylight Time),144206,3,824.0,428,0.0,True,1878.0,531.0,428,1.0,adolescent,2025-06-16,training,0,,-999,-999.0,-999,-999
projectseed-bds-production,BackwardsDigitSpan-v2.0,14,1,2025-07-27 13:34:20 (Central Daylight Time),"Mozilla/5.0 (iPhone; CPU iPhone OS 17_6_1 like Mac OS X) AppleWebKit/605.1.15 (KHTML, like Gecko) Version/17.6 Mobile/15E148 Safari/604.1",c48cc2d1-31e6-426e-91ff-2005ee50ea4f,844,390,eng,-999.0,2025-07-27 13:36:49 (Central Daylight Time),148931,2,45.0,54,0.0,True,1166.0,147.0,54,0.0,adolescent,2025-06-16,training,0,,-999,-999.0,-999,-999
projectseed-bds-production,BackwardsDigitSpan-v2.0,14,1,2025-07-27 13:34:20 (Central Daylight Time),"Mozilla/5.0 (iPhone; CPU iPhone OS 17_6_1 like Mac OS X) AppleWebKit/605.1.15 (KHTML, like Gecko) Version/17.6 Mobile/15E148 Safari/604.1",c48cc2d1-31e6-426e-91ff-2005ee50ea4f,844,390,eng,-999.0,2025-07-27 13:36:53 (Central Daylight Time),153247,2,21.0,12,0.0,True,777.0,163.0,12,0.0,adolescent,2025-06-16,training,0,,-999,-999.0,-999,-999
projectseed-bds-production,BackwardsDigitSpan-v2.0,14,1,2025-07-27 13:34:20 (Central Daylight Time),"Mozilla/5.0 (iPhone; CPU iPhone OS 17_6_1 like Mac OS X) AppleWebKit/605.1.15 (KHTML, like Gecko) Version/17.6 Mobile/15E148 Safari/604.1",c48cc2d1-31e6-426e-91ff-2005ee50ea4f,844,390,eng,-999.0,2025-07-27 13:36:58 (Central Daylight Time),158782,3,732.0,237,0.0,True,979.0,263.0,237,2.0,adolescent,2025-06-16,training,0,,-999,-999.0,-999,-999
projectseed-bds-production,BackwardsDigitSpan-v2.0,14,1,2025-08-05 22:44:43 (Central Daylight Time),"Mozilla/5.0 (iPhone; CPU iPhone OS 17_6_1 like Mac OS X) AppleWebKit/605.1.15 (KHTML, like Gecko) Version/17.6 Mobile/15E148 Safari/604.1",c5967835-1e7a-44b0-96ed-5bbea9649e43,844,390,eng,-999.0,2025-08-05 22:45:09 (Central Daylight Time),26023,2,38.0,83,0.0,True,1389.0,231.0,83,1.0,adolescent,2025-07-28,training,9,,5,3.6667,5,6
projectseed-bds-production,BackwardsDigitSpan-v2.0,14,1,2025-08-05 22:44:43 (Central Daylight Time),"Mozilla/5.0 (iPhone; CPU iPhone OS 17_6_1 like Mac OS X) AppleWebKit/605.1.15 (KHTML, like Gecko) Version/17.6 Mobile/15E148 Safari/604.1",c5967835-1e7a-44b0-96ed-5bbea9649e43,844,390,eng,-999.0,2025-08-05 22:45:14 (Central Daylight Time),30859,2,24.0,42,0.0,True,1040.0,144.0,42,0.0,adolescent,2025-07-28,training,9,,5,3.6667,5,6
projectseed-bds-production,BackwardsDigitSpan-v2.0,14,1,2025-08-05 22:44:43 (Central Daylight Time),"Mozilla/5.0 (iPhone; CPU iPhone OS 17_6_1 like Mac OS X) AppleWebKit/605.1.15 (KHTML, like Gecko) Version/17.6 Mobile/15E148 Safari/604.1",c5967835-1e7a-44b0-96ed-5bbea9649e43,844,390,eng,-999.0,2025-08-05 22:45:20 (Central Daylight Time),36925,3,678.0,876,0.0,True,1227.0,298.0,876,1.0,adolescent,2025-07-28,training,9,,5,3.6667,5,6
projectseed-bds-production,BackwardsDigitSpan-v2.0,14,1,2025-08-05 22:44:43 (Central Daylight Time),"Mozilla/5.0 (iPhone; CPU iPhone OS 17_6_1 like Mac OS X) AppleWebKit/605.1.15 (KHTML, like Gecko) Version/17.6 Mobile/15E148 Safari/604.1",c5967835-1e7a-44b0-96ed-5bbea9649e43,844,390,eng,1.0,2025-08-05 22:45:26 (Central Daylight Time),43342,2,35.0,53,1.0,True,1208.0,179.0,53,1.0,adolescent,2025-07-28,test,9,,5,3.6667,5,6
projectseed-bds-production,BackwardsDigitSpan-v2.0,14,1,2025-08-05 22:44:43 (Central Daylight Time),"Mozilla/5.0 (iPhone; CPU iPhone OS 17_6_1 like Mac OS X) AppleWebKit/605.1.15 (KHTML, like Gecko) Version/17.6 Mobile/15E148 Safari/604.1",c5967835-1e7a-44b0-96ed-5bbea9649e43,844,390,eng,2.0,2025-08-05 22:45:32 (Central Daylight Time),48778,3,374.0,473,1.0,True,1428.0,430.0,473,1.000000000007276,adolescent,2025-07-28,test,9,,5,3.6667,5,6
projectseed-bds-production,BackwardsDigitSpan-v2.0,14,1,2025-08-05 22:44:43 (Central Daylight Time),"Mozilla/5.0 (iPhone; CPU iPhone OS 17_6_1 like Mac OS X) AppleWebKit/605.1.15 (KHTML, like Gecko) Version/17.6 Mobile/15E148 Safari/604.1",c5967835-1e7a-44b0-96ed-5bbea9649e43,844,390,eng,3.0,2025-08-05 22:45:40 (Central Daylight Time),57031,4,4279.0,9724,1.0,False,3245.0,765.0,9274,0.999999999992724,adolescent,2025-07-28,test,9,,5,3.6667,5,6
projectseed-bds-production,BackwardsDigitSpan-v2.0,14,1,2025-08-05 22:44:43 (Central Daylight Time),"Mozilla/5.0 (iPhone; CPU iPhone OS 17_6_1 like Mac OS X) AppleWebKit/605.1.15 (KHTML, like Gecko) Version/17.6 Mobile/15E148 Safari/604.1",c5967835-1e7a-44b0-96ed-5bbea9649e43,844,390,eng,4.0,2025-08-05 22:45:55 (Central Daylight Time),72117,4,1876.0,6781,1.0,True,10079.0,528.0,6781,1.000000000007276,adolescent,2025-07-28,test,9,,5,3.6667,5,6
projectseed-bds-production,BackwardsDigitSpan-v2.0,14,1,2025-08-05 22:44:43 (Central Daylight Time),"Mozilla/5.0 (iPhone; CPU iPhone OS 17_6_1 like Mac OS X) AppleWebKit/605.1.15 (KHTML, like Gecko) Version/17.6 Mobile/15E148 Safari/604.1",c5967835-1e7a-44b0-96ed-5bbea9649e43,844,390,eng,5.0,2025-08-05 22:46:20 (Central Daylight Time),96462,5,46759.0,95764,1.0,False,18336.0,4502.0,95649,0.0,adolescent,2025-07-28,test,9,,5,3.6667,5,6
projectseed-bds-production,BackwardsDigitSpan-v2.0,14,1,2025-08-05 22:44:43 (Central Daylight Time),"Mozilla/5.0 (iPhone; CPU iPhone OS 17_6_1 like Mac OS X) AppleWebKit/605.1.15 (KHTML, like Gecko) Version/17.6 Mobile/15E148 Safari/604.1",c5967835-1e7a-44b0-96ed-5bbea9649e43,844,390,eng,6.0,2025-08-05 22:46:44 (Central Daylight Time),121422,5,17824.0,42871,1.0,True,18950.0,2247.0,42871,0.0,adolescent,2025-07-28,test,9,,5,3.6667,5,6
projectseed-bds-production,BackwardsDigitSpan-v2.0,14,1,2025-08-05 22:44:43 (Central Daylight Time),"Mozilla/5.0 (iPhone; CPU iPhone OS 17_6_1 like Mac OS X) AppleWebKit/605.1.15 (KHTML, like Gecko) Version/17.6 Mobile/15E148 Safari/604.1",c5967835-1e7a-44b0-96ed-5bbea9649e43,844,390,eng,7.0,2025-08-05 22:47:06 (Central Daylight Time),143142,6,309156.0,651903,1.0,False,14711.0,2499.0,651234,2.0,adolescent,2025-07-28,test,9,,5,3.6667,5,6
projectseed-bds-production,BackwardsDigitSpan-v2.0,14,1,2025-08-05 22:44:43 (Central Daylight Time),"Mozilla/5.0 (iPhone; CPU iPhone OS 17_6_1 like Mac OS X) AppleWebKit/605.1.15 (KHTML, like Gecko) Version/17.6 Mobile/15E148 Safari/604.1",c5967835-1e7a-44b0-96ed-5bbea9649e43,844,390,eng,8.0,2025-08-05 22:47:27 (Central Daylight Time),164151,6,873025.0,520378,1.0,False,13997.0,8335.0,503782,2.0,adolescent,2025-07-28,test,9,,5,3.6667,5,6
projectseed-bds-production,BackwardsDigitSpan-v2.0,14,1,2025-08-05 22:44:43 (Central Daylight Time),"Mozilla/5.0 (iPhone; CPU iPhone OS 17_6_1 like Mac OS X) AppleWebKit/605.1.15 (KHTML, like Gecko) Version/17.6 Mobile/15E148 Safari/604.1",c5967835-1e7a-44b0-96ed-5bbea9649e43,844,390,eng,9.0,2025-08-05 22:47:51 (Central Daylight Time),188338,5,57926.0,62975,1.0,False,18176.0,6366.0,62962,1.0,adolescent,2025-07-28,test,9,,5,3.6667,5,6
projectseed-bds-production,BackwardsDigitSpan-v2.0,14,1,2025-08-05 22:44:43 (Central Daylight Time),"Mozilla/5.0 (iPhone; CPU iPhone OS 17_6_1 like Mac OS X) AppleWebKit/605.1.15 (KHTML, like Gecko) Version/17.6 Mobile/15E148 Safari/604.1",c5967835-1e7a-44b0-96ed-5bbea9649e43,844,390,eng,10.0,2025-08-05 22:48:10 (Central Daylight Time),206847,5,31657.0,75613,1.0,False,12500.0,1034.0,67894,0.0,adolescent,2025-07-28,test,9,,5,3.6667,5,6
projectseed-bds-production,BackwardsDigitSpan-v2.0,14,1,2025-08-05 22:44:43 (Central Daylight Time),"Mozilla/5.0 (iPhone; CPU iPhone OS 17_6_1 like Mac OS X) AppleWebKit/605.1.15 (KHTML, like Gecko) Version/17.6 Mobile/15E148 Safari/604.1",c5967835-1e7a-44b0-96ed-5bbea9649e43,844,390,eng,11.0,2025-08-05 22:48:23 (Central Daylight Time),220080,4,5287.0,7825,1.0,False,8222.0,512.0,8754,2.000000000029104,adolescent,2025-07-28,test,9,,5,3.6667,5,6
projectseed-bds-production,BackwardsDigitSpan-v2.0,14,1,2025-08-05 22:44:43 (Central Daylight Time),"Mozilla/5.0 (iPhone; CPU iPhone OS 17_6_1 like Mac OS X) AppleWebKit/605.1.15 (KHTML, like Gecko) Version/17.6 Mobile/15E148 Safari/604.1",c5967835-1e7a-44b0-96ed-5bbea9649e43,844,390,eng,12.0,2025-08-05 22:48:31 (Central Daylight Time),227651,4,8426.0,6248,1.0,False,2562.0,930.0,6284,1.0,adolescent,2025-07-28,test,9,,5,3.6667,5,6
projectseed-bds-production,BackwardsDigitSpan-v2.0,14,1,2025-08-05 22:44:43 (Central Daylight Time),"Mozilla/5.0 (iPhone; CPU iPhone OS 17_6_1 like Mac OS X) AppleWebKit/605.1.15 (KHTML, like Gecko) Version/17.6 Mobile/15E148 Safari/604.1",c5967835-1e7a-44b0-96ed-5bbea9649e43,844,390,eng,13.0,2025-08-05 22:48:38 (Central Daylight Time),234604,3,472.0,274,1.0,False,2946.0,382.0,724,0.0,adolescent,2025-07-28,test,9,,5,3.6667,5,6
projectseed-bds-production,BackwardsDigitSpan-v2.0,14,1,2025-08-05 22:44:43 (Central Daylight Time),"Mozilla/5.0 (iPhone; CPU iPhone OS 17_6_1 like Mac OS X) AppleWebKit/605.1.15 (KHTML, like Gecko) Version/17.6 Mobile/15E148 Safari/604.1",c5967835-1e7a-44b0-96ed-5bbea9649e43,844,390,eng,14.0,2025-08-05 22:48:46 (Central Daylight Time),242706,3,893.0,398,1.0,True,4094.0,864.0,398,2.000000000029104,adolescent,2025-07-28,test,9,,5,3.6667,5,6
projectseed-bds-production,BackwardsDigitSpan-v2.0,14,1,2025-08-07 00:52:08 (Central Daylight Time),"Mozilla/5.0 (iPhone; CPU iPhone OS 17_6_1 like Mac OS X) AppleWebKit/605.1.15 (KHTML, like Gecko) Version/17.6 Mobile/15E148 Safari/604.1",39b63ec6-17c9-4e6f-9aef-7eb23c503395,844,390,eng,-999.0,2025-08-07 00:54:03 (Central Daylight Time),114555,2,18.0,81,0.0,True,1188.0,181.0,81,1.0,adolescent,2025-07-28,training,10,,6,5.2667,5,5
projectseed-bds-production,BackwardsDigitSpan-v2.0,14,1,2025-08-07 00:52:08 (Central Daylight Time),"Mozilla/5.0 (iPhone; CPU iPhone OS 17_6_1 like Mac OS X) AppleWebKit/605.1.15 (KHTML, like Gecko) Version/17.6 Mobile/15E148 Safari/604.1",39b63ec6-17c9-4e6f-9aef-7eb23c503395,844,390,eng,-999.0,2025-08-07 00:54:08 (Central Daylight Time),119661,2,49.0,94,0.0,True,1500.0,484.0,94,0.0,adolescent,2025-07-28,training,10,,6,5.2667,5,5
projectseed-bds-production,BackwardsDigitSpan-v2.0,14,1,2025-08-07 00:52:08 (Central Daylight Time),"Mozilla/5.0 (iPhone; CPU iPhone OS 17_6_1 like Mac OS X) AppleWebKit/605.1.15 (KHTML, like Gecko) Version/17.6 Mobile/15E148 Safari/604.1",39b63ec6-17c9-4e6f-9aef-7eb23c503395,844,390,eng,-999.0,2025-08-07 00:54:15 (Central Daylight Time),126481,3,382.0,283,0.0,True,2213.0,636.0,283,0.9999999999854481,adolescent,2025-07-28,training,10,,6,5.2667,5,5
projectseed-bds-production,BackwardsDigitSpan-v2.0,14,1,2025-08-07 00:52:08 (Central Daylight Time),"Mozilla/5.0 (iPhone; CPU iPhone OS 17_6_1 like Mac OS X) AppleWebKit/605.1.15 (KHTML, like Gecko) Version/17.6 Mobile/15E148 Safari/604.1",39b63ec6-17c9-4e6f-9aef-7eb23c503395,844,390,eng,1.0,2025-08-07 00:54:22 (Central Daylight Time),133765,2,63.0,36,1.0,True,2978.0,114.0,36,1.0,adolescent,2025-07-28,test,10,,6,5.2667,5,5
projectseed-bds-production,BackwardsDigitSpan-v2.0,14,1,2025-08-07 00:52:08 (Central Daylight Time),"Mozilla/5.0 (iPhone; CPU iPhone OS 17_6_1 like Mac OS X) AppleWebKit/605.1.15 (KHTML, like Gecko) Version/17.6 Mobile/15E148 Safari/604.1",39b63ec6-17c9-4e6f-9aef-7eb23c503395,844,390,eng,2.0,2025-08-07 00:54:27 (Central Daylight Time),138937,3,743.0,347,1.0,True,1165.0,415.0,347,1.0,adolescent,2025-07-28,test,10,,6,5.2667,5,5
projectseed-bds-production,BackwardsDigitSpan-v2.0,14,1,2025-08-07 00:52:08 (Central Daylight Time),"Mozilla/5.0 (iPhone; CPU iPhone OS 17_6_1 like Mac OS X) AppleWebKit/605.1.15 (KHTML, like Gecko) Version/17.6 Mobile/15E148 Safari/604.1",39b63ec6-17c9-4e6f-9aef-7eb23c503395,844,390,eng,3.0,2025-08-07 00:54:37 (Central Daylight Time),148540,4,4816.0,6184,1.0,True,4594.0,614.0,6184,1.0,adolescent,2025-07-28,test,10,,6,5.2667,5,5
projectseed-bds-production,BackwardsDigitSpan-v2.0,14,1,2025-08-07 00:52:08 (Central Daylight Time),"Mozilla/5.0 (iPhone; CPU iPhone OS 17_6_1 like Mac OS X) AppleWebKit/605.1.15 (KHTML, like Gecko) Version/17.6 Mobile/15E148 Safari/604.1",39b63ec6-17c9-4e6f-9aef-7eb23c503395,844,390,eng,4.0,2025-08-07 00:54:57 (Central Daylight Time),168467,5,38725.0,52783,1.0,False,13918.0,2049.0,52673,1.0,adolescent,2025-07-28,test,10,,6,5.2667,5,5
projectseed-bds-production,BackwardsDigitSpan-v2.0,14,1,2025-08-07 00:52:08 (Central Daylight Time),"Mozilla/5.0 (iPhone; CPU iPhone OS 17_6_1 like Mac OS X) AppleWebKit/605.1.15 (KHTML, like Gecko) Version/17.6 Mobile/15E148 Safari/604.1",39b63ec6-17c9-4e6f-9aef-7eb23c503395,844,390,eng,5.0,2025-08-07 00:55:14 (Central Daylight Time),185491,5,40627.0,72604,1.0,True,11013.0,2567.0,72604,2.000000000029104,adolescent,2025-07-28,test,10,,6,5.2667,5,5
projectseed-bds-production,BackwardsDigitSpan-v2.0,14,1,2025-08-07 00:52:08 (Central Daylight Time),"Mozilla/5.0 (iPhone; CPU iPhone OS 17_6_1 like Mac OS X) AppleWebKit/605.1.15 (KHTML, like Gecko) Version/17.6 Mobile/15E148 Safari/604.1",39b63ec6-17c9-4e6f-9aef-7eb23c503395,844,390,eng,6.0,2025-08-07 00:55:30 (Central Daylight Time),201398,6,284176.0,671482,1.0,False,8897.0,4049.0,617482,1.9999999999708962,adolescent,2025-07-28,test,10,,6,5.2667,5,5
projectseed-bds-production,BackwardsDigitSpan-v2.0,14,1,2025-08-07 00:52:08 (Central Daylight Time),"Mozilla/5.0 (iPhone; CPU iPhone OS 17_6_1 like Mac OS X) AppleWebKit/605.1.15 (KHTML, like Gecko) Version/17.6 Mobile/15E148 Safari/604.1",39b63ec6-17c9-4e6f-9aef-7eb23c503395,844,390,eng,7.0,2025-08-07 00:55:46 (Central Daylight Time),217556,6,285967.0,769582,1.0,False,9147.0,4998.0,769562,2.0,adolescent,2025-07-28,test,10,,6,5.2667,5,5
projectseed-bds-production,BackwardsDigitSpan-v2.0,14,1,2025-08-07 00:52:08 (Central Daylight Time),"Mozilla/5.0 (iPhone; CPU iPhone OS 17_6_1 like Mac OS X) AppleWebKit/605.1.15 (KHTML, like Gecko) Version/17.6 Mobile/15E148 Safari/604.1",39b63ec6-17c9-4e6f-9aef-7eb23c503395,844,390,eng,8.0,2025-08-07 00:55:57 (Central Daylight Time),228764,5,32548.0,84523,1.0,True,5197.0,1080.0,84523,1.9999999999708962,adolescent,2025-07-28,test,10,,6,5.2667,5,5
projectseed-bds-production,BackwardsDigitSpan-v2.0,14,1,2025-08-07 00:52:08 (Central Daylight Time),"Mozilla/5.0 (iPhone; CPU iPhone OS 17_6_1 like Mac OS X) AppleWebKit/605.1.15 (KHTML, like Gecko) Version/17.6 Mobile/15E148 Safari/604.1",39b63ec6-17c9-4e6f-9aef-7eb23c503395,844,390,eng,9.0,2025-08-07 00:56:11 (Central Daylight Time),242907,6,689053.0,350986,1.0,False,7132.0,4016.0,530986,0.0,adolescent,2025-07-28,test,10,,6,5.2667,5,5
projectseed-bds-production,BackwardsDigitSpan-v2.0,14,1,2025-08-07 00:52:08 (Central Daylight Time),"Mozilla/5.0 (iPhone; CPU iPhone OS 17_6_1 like Mac OS X) AppleWebKit/605.1.15 (KHTML, like Gecko) Version/17.6 Mobile/15E148 Safari/604.1",39b63ec6-17c9-4e6f-9aef-7eb23c503395,844,390,eng,10.0,2025-08-07 00:56:30 (Central Daylight Time),261469,6,108594.0,495801,1.0,False,11550.0,7271.0,495018,1.9999999999708962,adolescent,2025-07-28,test,10,,6,5.2667,5,5
projectseed-bds-production,BackwardsDigitSpan-v2.0,14,1,2025-08-07 00:52:08 (Central Daylight Time),"Mozilla/5.0 (iPhone; CPU iPhone OS 17_6_1 like Mac OS X) AppleWebKit/605.1.15 (KHTML, like Gecko) Version/17.6 Mobile/15E148 Safari/604.1",39b63ec6-17c9-4e6f-9aef-7eb23c503395,844,390,eng,11.0,2025-08-07 00:56:42 (Central Daylight Time),273505,5,45189.0,98154,1.0,False,6027.0,2881.0,98151,2.0000000000582077,adolescent,2025-07-28,test,10,,6,5.2667,5,5
projectseed-bds-production,BackwardsDigitSpan-v2.0,14,1,2025-08-07 00:52:08 (Central Daylight Time),"Mozilla/5.0 (iPhone; CPU iPhone OS 17_6_1 like Mac OS X) AppleWebKit/605.1.15 (KHTML, like Gecko) Version/17.6 Mobile/15E148 Safari/604.1",39b63ec6-17c9-4e6f-9aef-7eb23c503395,844,390,eng,12.0,2025-08-07 00:56:55 (Central Daylight Time),286647,5,83276.0,67238,1.0,True,7132.0,2570.0,67238,1.0,adolescent,2025-07-28,test,10,,6,5.2667,5,5
projectseed-bds-production,BackwardsDigitSpan-v2.0,14,1,2025-08-07 00:52:08 (Central Daylight Time),"Mozilla/5.0 (iPhone; CPU iPhone OS 17_6_1 like Mac OS X) AppleWebKit/605.1.15 (KHTML, like Gecko) Version/17.6 Mobile/15E148 Safari/604.1",39b63ec6-17c9-4e6f-9aef-7eb23c503395,844,390,eng,13.0,2025-08-07 00:57:07 (Central Daylight Time),298971,6,520367.0,763025,1.0,False,5314.0,2801.0,763052,2.0,adolescent,2025-07-28,test,10,,6,5.2667,5,5
projectseed-bds-production,BackwardsDigitSpan-v2.0,14,1,2025-08-07 00:52:08 (Central Daylight Time),"Mozilla/5.0 (iPhone; CPU iPhone OS 17_6_1 like Mac OS X) AppleWebKit/605.1.15 (KHTML, like Gecko) Version/17.6 Mobile/15E148 Safari/604.1",39b63ec6-17c9-4e6f-9aef-7eb23c503395,844,390,eng,14.0,2025-08-07 00:57:20 (Central Daylight Time),311644,6,947138.0,831749,1.0,True,5661.0,3167.0,831749,1.9999999999417923,adolescent,2025-07-28,test,10,,6,5.2667,5,5
projectseed-bds-production,BackwardsDigitSpan-v2.0,14,1,2025-08-08 02:03:36 (Central Daylight Time),"Mozilla/5.0 (iPhone; CPU iPhone OS 17_6_1 like Mac OS X) AppleWebKit/605.1.15 (KHTML, like Gecko) Version/17.6 Mobile/15E148 Safari/604.1",a047d036-7372-4127-a489-8a84f7c3d71f,844,390,eng,-999.0,2025-08-08 02:03:48 (Central Daylight Time),12192,2,76.0,67,0.0,True,1541.0,164.0,67,0.0,adolescent,2025-07-28,training,11,,10,8.5,-999,-999
projectseed-bds-production,BackwardsDigitSpan-v2.0,14,1,2025-08-08 02:03:36 (Central Daylight Time),"Mozilla/5.0 (iPhone; CPU iPhone OS 17_6_1 like Mac OS X) AppleWebKit/605.1.15 (KHTML, like Gecko) Version/17.6 Mobile/15E148 Safari/604.1",a047d036-7372-4127-a489-8a84f7c3d71f,844,390,eng,-999.0,2025-08-08 02:03:53 (Central Daylight Time),16962,2,13.0,31,0.0,True,1230.0,134.0,31,0.0,adolescent,2025-07-28,training,11,,10,8.5,-999,-999
projectseed-bds-production,BackwardsDigitSpan-v2.0,14,1,2025-08-08 02:03:36 (Central Daylight Time),"Mozilla/5.0 (iPhone; CPU iPhone OS 17_6_1 like Mac OS X) AppleWebKit/605.1.15 (KHTML, like Gecko) Version/17.6 Mobile/15E148 Safari/604.1",a047d036-7372-4127-a489-8a84f7c3d71f,844,390,eng,-999.0,2025-08-08 02:03:59 (Central Daylight Time),23335,3,731.0,137,0.0,False,1485.0,469.0,317,2.0,adolescent,2025-07-28,training,11,,10,8.5,-999,-999
projectseed-bds-production,BackwardsDigitSpan-v2.0,14,1,2025-08-08 02:03:36 (Central Daylight Time),"Mozilla/5.0 (iPhone; CPU iPhone OS 17_6_1 like Mac OS X) AppleWebKit/605.1.15 (KHTML, like Gecko) Version/17.6 Mobile/15E148 Safari/604.1",a047d036-7372-4127-a489-8a84f7c3d71f,844,390,eng,-999.0,2025-08-08 02:04:04 (Central Daylight Time),28104,2,38.0,83,0.0,True,1262.0,265.0,83,0.999999999996362,adolescent,2025-07-28,training,11,,10,8.5,-999,-999
projectseed-bds-production,BackwardsDigitSpan-v2.0,14,1,2025-08-08 02:03:36 (Central Daylight Time),"Mozilla/5.0 (iPhone; CPU iPhone OS 17_6_1 like Mac OS X) AppleWebKit/605.1.15 (KHTML, like Gecko) Version/17.6 Mobile/15E148 Safari/604.1",a047d036-7372-4127-a489-8a84f7c3d71f,844,390,eng,-999.0,2025-08-08 02:04:09 (Central Daylight Time),33157,2,62.0,26,0.0,True,1580.0,181.0,26,0.0,adolescent,2025-07-28,training,11,,10,8.5,-999,-999
projectseed-bds-production,BackwardsDigitSpan-v2.0,14,1,2025-08-08 02:03:36 (Central Daylight Time),"Mozilla/5.0 (iPhone; CPU iPhone OS 17_6_1 like Mac OS X) AppleWebKit/605.1.15 (KHTML, like Gecko) Version/17.6 Mobile/15E148 Safari/604.1",a047d036-7372-4127-a489-8a84f7c3d71f,844,390,eng,1.0,2025-08-08 02:04:14 (Central Daylight Time),37910,2,13.0,31,1.0,True,911.0,133.0,31,0.0,adolescent,2025-07-28,test,11,,10,8.5,-999,-999
projectseed-bds-production,BackwardsDigitSpan-v2.0,14,1,2025-08-08 02:03:36 (Central Daylight Time),"Mozilla/5.0 (iPhone; CPU iPhone OS 17_6_1 like Mac OS X) AppleWebKit/605.1.15 (KHTML, like Gecko) Version/17.6 Mobile/15E148 Safari/604.1",a047d036-7372-4127-a489-8a84f7c3d71f,844,390,eng,2.0,2025-08-08 02:04:20 (Central Daylight Time),44401,3,291.0,192,1.0,False,2486.0,385.0,921,1.0,adolescent,2025-07-28,test,11,,10,8.5,-999,-999
projectseed-bds-production,BackwardsDigitSpan-v2.0,14,1,2025-08-08 02:03:36 (Central Daylight Time),"Mozilla/5.0 (iPhone; CPU iPhone OS 17_6_1 like Mac OS X) AppleWebKit/605.1.15 (KHTML, like Gecko) Version/17.6 Mobile/15E148 Safari/604.1",a047d036-7372-4127-a489-8a84f7c3d71f,844,390,eng,3.0,2025-08-08 02:04:27 (Central Daylight Time),51320,3,289.0,982,1.0,True,2912.0,313.0,982,1.0,adolescent,2025-07-28,test,11,,10,8.5,-999,-999
projectseed-bds-production,BackwardsDigitSpan-v2.0,14,1,2025-08-08 02:03:36 (Central Daylight Time),"Mozilla/5.0 (iPhone; CPU iPhone OS 17_6_1 like Mac OS X) AppleWebKit/605.1.15 (KHTML, like Gecko) Version/17.6 Mobile/15E148 Safari/604.1",a047d036-7372-4127-a489-8a84f7c3d71f,844,390,eng,4.0,2025-08-08 02:04:35 (Central Daylight Time),59026,4,1724.0,4271,1.0,False,2696.0,646.0,4721,2.0,adolescent,2025-07-28,test,11,,10,8.5,-999,-999
projectseed-bds-production,BackwardsDigitSpan-v2.0,14,1,2025-08-08 02:03:36 (Central Daylight Time),"Mozilla/5.0 (iPhone; CPU iPhone OS 17_6_1 like Mac OS X) AppleWebKit/605.1.15 (KHTML, like Gecko) Version/17.6 Mobile/15E148 Safari/604.1",a047d036-7372-4127-a489-8a84f7c3d71f,844,390,eng,5.0,2025-08-08 02:04:48 (Central Daylight Time),72251,4,7608.0,8067,1.0,True,8218.0,2866.0,8067,1.000000000007276,adolescent,2025-07-28,test,11,,10,8.5,-999,-999
projectseed-bds-production,BackwardsDigitSpan-v2.0,14,1,2025-08-08 02:03:36 (Central Daylight Time),"Mozilla/5.0 (iPhone; CPU iPhone OS 17_6_1 like Mac OS X) AppleWebKit/605.1.15 (KHTML, like Gecko) Version/17.6 Mobile/15E148 Safari/604.1",a047d036-7372-4127-a489-8a84f7c3d71f,844,390,eng,6.0,2025-08-08 02:05:04 (Central Daylight Time),88128,5,57364.0,46375,1.0,False,9865.0,2530.0,64357,1.0,adolescent,2025-07-28,test,11,,10,8.5,-999,-999
projectseed-bds-production,BackwardsDigitSpan-v2.0,14,1,2025-08-08 02:03:36 (Central Daylight Time),"Mozilla/5.0 (iPhone; CPU iPhone OS 17_6_1 like Mac OS X) AppleWebKit/605.1.15 (KHTML, like Gecko) Version/17.6 Mobile/15E148 Safari/604.1",a047d036-7372-4127-a489-8a84f7c3d71f,844,390,eng,7.0,2025-08-08 02:05:15 (Central Daylight Time),98590,5,20713.0,31702,1.0,True,4452.0,1818.0,31702,1.0,adolescent,2025-07-28,test,11,,10,8.5,-999,-999
projectseed-bds-production,BackwardsDigitSpan-v2.0,14,1,2025-08-08 02:03:36 (Central Daylight Time),"Mozilla/5.0 (iPhone; CPU iPhone OS 17_6_1 like Mac OS X) AppleWebKit/605.1.15 (KHTML, like Gecko) Version/17.6 Mobile/15E148 Safari/604.1",a047d036-7372-4127-a489-8a84f7c3d71f,844,390,eng,8.0,2025-08-08 02:05:27 (Central Daylight Time),111363,6,601725.0,527106,1.0,True,5760.0,2984.0,527106,0.0,adolescent,2025-07-28,test,11,,10,8.5,-999,-999
projectseed-bds-production,BackwardsDigitSpan-v2.0,14,1,2025-08-08 02:03:36 (Central Daylight Time),"Mozilla/5.0 (iPhone; CPU iPhone OS 17_6_1 like Mac OS X) AppleWebKit/605.1.15 (KHTML, like Gecko) Version/17.6 Mobile/15E148 Safari/604.1",a047d036-7372-4127-a489-8a84f7c3d71f,844,390,eng,9.0,2025-08-08 02:05:48 (Central Daylight Time),132210,7,1789463.0,3649871,1.0,True,12835.0,9154.0,3649871,2.0,adolescent,2025-07-28,test,11,,10,8.5,-999,-999
projectseed-bds-production,BackwardsDigitSpan-v2.0,14,1,2025-08-08 02:03:36 (Central Daylight Time),"Mozilla/5.0 (iPhone; CPU iPhone OS 17_6_1 like Mac OS X) AppleWebKit/605.1.15 (KHTML, like Gecko) Version/17.6 Mobile/15E148 Safari/604.1",a047d036-7372-4127-a489-8a84f7c3d71f,844,390,eng,10.0,2025-08-08 02:06:09 (Central Daylight Time),152991,8,15847203.0,30274851,1.0,True,11767.0,7921.0,30274851,3.0,adolescent,2025-07-28,test,11,,10,8.5,-999,-999
projectseed-bds-production,BackwardsDigitSpan-v2.0,14,1,2025-08-08 02:03:36 (Central Daylight Time),"Mozilla/5.0 (iPhone; CPU iPhone OS 17_6_1 like Mac OS X) AppleWebKit/605.1.15 (KHTML, like Gecko) Version/17.6 Mobile/15E148 Safari/604.1",a047d036-7372-4127-a489-8a84f7c3d71f,844,390,eng,11.0,2025-08-08 02:06:41 (Central Daylight Time),185379,9,254638109.0,901836452,1.0,True,22373.0,17311.0,901836452,1.9999999999708962,adolescent,2025-07-28,test,11,,10,8.5,-999,-999
projectseed-bds-production,BackwardsDigitSpan-v2.0,14,1,2025-08-08 02:03:36 (Central Daylight Time),"Mozilla/5.0 (iPhone; CPU iPhone OS 17_6_1 like Mac OS X) AppleWebKit/605.1.15 (KHTML, like Gecko) Version/17.6 Mobile/15E148 Safari/604.1",a047d036-7372-4127-a489-8a84f7c3d71f,844,390,eng,12.0,2025-08-08 02:07:12 (Central Daylight Time),216569,10,1273485906.0,6095843721,1.0,False,20173.0,12272.0,6095834721,3.000000000029104,adolescent,2025-07-28,test,11,,10,8.5,-999,-999
projectseed-bds-production,BackwardsDigitSpan-v2.0,14,1,2025-08-08 02:03:36 (Central Daylight Time),"Mozilla/5.0 (iPhone; CPU iPhone OS 17_6_1 like Mac OS X) AppleWebKit/605.1.15 (KHTML, like Gecko) Version/17.6 Mobile/15E148 Safari/604.1",a047d036-7372-4127-a489-8a84f7c3d71f,844,390,eng,13.0,2025-08-08 02:07:40 (Central Daylight Time),243703,10,5698023174.0,4713208965,1.0,True,16119.0,12821.0,4713208965,5.0,adolescent,2025-07-28,test,11,,10,8.5,-999,-999
projectseed-bds-production,BackwardsDigitSpan-v2.0,14,1,2025-08-08 02:03:36 (Central Daylight Time),"Mozilla/5.0 (iPhone; CPU iPhone OS 17_6_1 like Mac OS X) AppleWebKit/605.1.15 (KHTML, like Gecko) Version/17.6 Mobile/15E148 Safari/604.1",a047d036-7372-4127-a489-8a84f7c3d71f,844,390,eng,14.0,2025-08-08 02:08:12 (Central Daylight Time),276361,11,46535410712.0,21701453564,1.0,False,20637.0,15578.0,21710543641,4.0,adolescent,2025-07-28,test,11,,10,8.5,-999,-999
projectseed-bds-production,BackwardsDigitSpan-v2.0,14,1,2025-08-09 22:30:32 (Central Daylight Time),"Mozilla/5.0 (iPhone; CPU iPhone OS 17_6_1 like Mac OS X) AppleWebKit/605.1.15 (KHTML, like Gecko) Version/17.6 Mobile/15E148 Safari/604.1",b11763c4-0a59-4332-b284-af3a8876f751,844,390,eng,-999.0,2025-08-09 22:30:42 (Central Daylight Time),9749,2,98.0,89,0.0,True,859.0,131.0,89,0.0,adolescent,2025-07-28,training,13,,8,7.3333,7,7
projectseed-bds-production,BackwardsDigitSpan-v2.0,14,1,2025-08-09 22:30:32 (Central Daylight Time),"Mozilla/5.0 (iPhone; CPU iPhone OS 17_6_1 like Mac OS X) AppleWebKit/605.1.15 (KHTML, like Gecko) Version/17.6 Mobile/15E148 Safari/604.1",b11763c4-0a59-4332-b284-af3a8876f751,844,390,eng,-999.0,2025-08-09 22:30:46 (Central Daylight Time),14437,2,82.0,28,0.0,True,1096.0,268.0,28,0.999999999998181,adolescent,2025-07-28,training,13,,8,7.3333,7,7
projectseed-bds-production,BackwardsDigitSpan-v2.0,14,1,2025-08-09 22:30:32 (Central Daylight Time),"Mozilla/5.0 (iPhone; CPU iPhone OS 17_6_1 like Mac OS X) AppleWebKit/605.1.15 (KHTML, like Gecko) Version/17.6 Mobile/15E148 Safari/604.1",b11763c4-0a59-4332-b284-af3a8876f751,844,390,eng,-999.0,2025-08-09 22:30:53 (Central Daylight Time),20958,3,489.0,984,0.0,True,1915.0,381.0,984,1.0,adolescent,2025-07-28,training,13,,8,7.3333,7,7
projectseed-bds-production,BackwardsDigitSpan-v2.0,14,1,2025-08-09 22:30:32 (Central Daylight Time),"Mozilla/5.0 (iPhone; CPU iPhone OS 17_6_1 like Mac OS X) AppleWebKit/605.1.15 (KHTML, like Gecko) Version/17.6 Mobile/15E148 Safari/604.1",b11763c4-0a59-4332-b284-af3a8876f751,844,390,eng,1.0,2025-08-09 22:30:59 (Central Daylight Time),26581,2,46.0,64,1.0,True,1747.0,315.0,64,0.0,adolescent,2025-07-28,test,13,,8,7.3333,7,7
projectseed-bds-production,BackwardsDigitSpan-v2.0,14,1,2025-08-09 22:30:32 (Central Daylight Time),"Mozilla/5.0 (iPhone; CPU iPhone OS 17_6_1 like Mac OS X) AppleWebKit/605.1.15 (KHTML, like Gecko) Version/17.6 Mobile/15E148 Safari/604.1",b11763c4-0a59-4332-b284-af3a8876f751,844,390,eng,2.0,2025-08-09 22:31:04 (Central Daylight Time),32385,3,907.0,709,1.0,True,1795.0,431.0,709,2.0,adolescent,2025-07-28,test,13,,8,7.3333,7,7
projectseed-bds-production,BackwardsDigitSpan-v2.0,14,1,2025-08-09 22:30:32 (Central Daylight Time),"Mozilla/5.0 (iPhone; CPU iPhone OS 17_6_1 like Mac OS X) AppleWebKit/605.1.15 (KHTML, like Gecko) Version/17.6 Mobile/15E148 Safari/604.1",b11763c4-0a59-4332-b284-af3a8876f751,844,390,eng,3.0,2025-08-09 22:31:12 (Central Daylight Time),39759,4,2139.0,9312,1.0,True,2368.0,749.0,9312,2.0,adolescent,2025-07-28,test,13,,8,7.3333,7,7
projectseed-bds-production,BackwardsDigitSpan-v2.0,14,1,2025-08-09 22:30:32 (Central Daylight Time),"Mozilla/5.0 (iPhone; CPU iPhone OS 17_6_1 like Mac OS X) AppleWebKit/605.1.15 (KHTML, like Gecko) Version/17.6 Mobile/15E148 Safari/604.1",b11763c4-0a59-4332-b284-af3a8876f751,844,390,eng,4.0,2025-08-09 22:31:27 (Central Daylight Time),55241,5,37892.0,29873,1.0,True,9472.0,3082.0,29873,2.0,adolescent,2025-07-28,test,13,,8,7.3333,7,7
projectseed-bds-production,BackwardsDigitSpan-v2.0,14,1,2025-08-09 22:30:32 (Central Daylight Time),"Mozilla/5.0 (iPhone; CPU iPhone OS 17_6_1 like Mac OS X) AppleWebKit/605.1.15 (KHTML, like Gecko) Version/17.6 Mobile/15E148 Safari/604.1",b11763c4-0a59-4332-b284-af3a8876f751,844,390,eng,5.0,2025-08-09 22:31:40 (Central Daylight Time),68073,6,542698.0,896245,1.0,True,5820.0,3154.0,896245,2.0,adolescent,2025-07-28,test,13,,8,7.3333,7,7
projectseed-bds-production,BackwardsDigitSpan-v2.0,14,1,2025-08-09 22:30:32 (Central Daylight Time),"Mozilla/5.0 (iPhone; CPU iPhone OS 17_6_1 like Mac OS X) AppleWebKit/605.1.15 (KHTML, like Gecko) Version/17.6 Mobile/15E148 Safari/604.1",b11763c4-0a59-4332-b284-af3a8876f751,844,390,eng,6.0,2025-08-09 22:31:57 (Central Daylight Time),85340,7,3708195.0,5918073,1.0,False,9253.0,6224.0,5910873,1.0,adolescent,2025-07-28,test,13,,8,7.3333,7,7
projectseed-bds-production,BackwardsDigitSpan-v2.0,14,1,2025-08-09 22:30:32 (Central Daylight Time),"Mozilla/5.0 (iPhone; CPU iPhone OS 17_6_1 like Mac OS X) AppleWebKit/605.1.15 (KHTML, like Gecko) Version/17.6 Mobile/15E148 Safari/604.1",b11763c4-0a59-4332-b284-af3a8876f751,844,390,eng,7.0,2025-08-09 22:32:15 (Central Daylight Time),103139,7,9520731.0,1370259,1.0,True,9786.0,5971.0,1370259,1.999999999985448,adolescent,2025-07-28,test,13,,8,7.3333,7,7
projectseed-bds-production,BackwardsDigitSpan-v2.0,14,1,2025-08-09 22:30:32 (Central Daylight Time),"Mozilla/5.0 (iPhone; CPU iPhone OS 17_6_1 like Mac OS X) AppleWebKit/605.1.15 (KHTML, like Gecko) Version/17.6 Mobile/15E148 Safari/604.1",b11763c4-0a59-4332-b284-af3a8876f751,844,390,eng,8.0,2025-08-09 22:32:40 (Central Daylight Time),128527,8,95712864.0,46821759,1.0,False,16371.0,8523.0,46827159,2.0,adolescent,2025-07-28,test,13,,8,7.3333,7,7
projectseed-bds-production,BackwardsDigitSpan-v2.0,14,1,2025-08-09 22:30:32 (Central Daylight Time),"Mozilla/5.0 (iPhone; CPU iPhone OS 17_6_1 like Mac OS X) AppleWebKit/605.1.15 (KHTML, like Gecko) Version/17.6 Mobile/15E148 Safari/604.1",b11763c4-0a59-4332-b284-af3a8876f751,844,390,eng,9.0,2025-08-09 22:32:59 (Central Daylight Time),146940,8,95067238.0,83276059,1.0,False,9399.0,6754.0,83276095,3.999999999985448,adolescent,2025-07-28,test,13,,8,7.3333,7,7
projectseed-bds-production,BackwardsDigitSpan-v2.0,14,1,2025-08-09 22:30:32 (Central Daylight Time),"Mozilla/5.0 (iPhone; CPU iPhone OS 17_6_1 like Mac OS X) AppleWebKit/605.1.15 (KHTML, like Gecko) Version/17.6 Mobile/15E148 Safari/604.1",b11763c4-0a59-4332-b284-af3a8876f751,844,390,eng,10.0,2025-08-09 22:33:21 (Central Daylight Time),169126,7,9536841.0,1486359,1.0,False,14173.0,11342.0,1486312,2.0,adolescent,2025-07-28,test,13,,8,7.3333,7,7
projectseed-bds-production,BackwardsDigitSpan-v2.0,14,1,2025-08-09 22:30:32 (Central Daylight Time),"Mozilla/5.0 (iPhone; CPU iPhone OS 17_6_1 like Mac OS X) AppleWebKit/605.1.15 (KHTML, like Gecko) Version/17.6 Mobile/15E148 Safari/604.1",b11763c4-0a59-4332-b284-af3a8876f751,844,390,eng,11.0,2025-08-09 22:33:36 (Central Daylight Time),183873,7,2569308.0,8039652,1.0,True,6734.0,4719.0,8039652,1.0,adolescent,2025-07-28,test,13,,8,7.3333,7,7
projectseed-bds-production,BackwardsDigitSpan-v2.0,14,1,2025-08-09 22:30:32 (Central Daylight Time),"Mozilla/5.0 (iPhone; CPU iPhone OS 17_6_1 like Mac OS X) AppleWebKit/605.1.15 (KHTML, like Gecko) Version/17.6 Mobile/15E148 Safari/604.1",b11763c4-0a59-4332-b284-af3a8876f751,844,390,eng,12.0,2025-08-09 22:34:05 (Central Daylight Time),213463,8,95710284.0,48201759,1.0,True,20577.0,16912.0,48201759,0.0,adolescent,2025-07-28,test,13,,8,7.3333,7,7
projectseed-bds-production,BackwardsDigitSpan-v2.0,14,1,2025-08-09 22:30:32 (Central Daylight Time),"Mozilla/5.0 (iPhone; CPU iPhone OS 17_6_1 like Mac OS X) AppleWebKit/605.1.15 (KHTML, like Gecko) Version/17.6 Mobile/15E148 Safari/604.1",b11763c4-0a59-4332-b284-af3a8876f751,844,390,eng,13.0,2025-08-09 22:34:35 (Central Daylight Time),243490,9,976512038.0,830215679,1.0,False,20009.0,14997.0,083215679,2.999999999970896,adolescent,2025-07-28,test,13,,8,7.3333,7,7
projectseed-bds-production,BackwardsDigitSpan-v2.0,14,1,2025-08-09 22:30:32 (Central Daylight Time),"Mozilla/5.0 (iPhone; CPU iPhone OS 17_6_1 like Mac OS X) AppleWebKit/605.1.15 (KHTML, like Gecko) Version/17.6 Mobile/15E148 Safari/604.1",b11763c4-0a59-4332-b284-af3a8876f751,844,390,eng,14.0,2025-08-09 22:35:08 (Central Daylight Time),275889,9,481630257.0,752036184,1.0,False,22383.0,19100.0,725036184,2.0,adolescent,2025-07-28,test,13,,8,7.3333,7,7
projectseed-bds-production,BackwardsDigitSpan-v2.0,14,1,2025-08-11 01:43:13 (Central Daylight Time),"Mozilla/5.0 (iPhone; CPU iPhone OS 17_6_1 like Mac OS X) AppleWebKit/605.1.15 (KHTML, like Gecko) Version/17.6 Mobile/15E148 Safari/604.1",397746f2-4da6-4ca8-bbe5-1b6394736253,844,390,eng,-999.0,2025-08-11 01:43:22 (Central Daylight Time),9609,2,62.0,26,0.0,True,1093.0,331.0,26,1.0,adolescent,2025-07-28,training,14,,11,10.0,-999,-999
projectseed-bds-production,BackwardsDigitSpan-v2.0,14,1,2025-08-11 01:43:13 (Central Daylight Time),"Mozilla/5.0 (iPhone; CPU iPhone OS 17_6_1 like Mac OS X) AppleWebKit/605.1.15 (KHTML, like Gecko) Version/17.6 Mobile/15E148 Safari/604.1",397746f2-4da6-4ca8-bbe5-1b6394736253,844,390,eng,-999.0,2025-08-11 01:43:27 (Central Daylight Time),14442,2,57.0,75,0.0,True,1308.0,482.0,75,1.0,adolescent,2025-07-28,training,14,,11,10.0,-999,-999
projectseed-bds-production,BackwardsDigitSpan-v2.0,14,1,2025-08-11 01:43:13 (Central Daylight Time),"Mozilla/5.0 (iPhone; CPU iPhone OS 17_6_1 like Mac OS X) AppleWebKit/605.1.15 (KHTML, like Gecko) Version/17.6 Mobile/15E148 Safari/604.1",397746f2-4da6-4ca8-bbe5-1b6394736253,844,390,eng,-999.0,2025-08-11 01:43:34 (Central Daylight Time),20979,3,179.0,971,0.0,False,1895.0,563.0,917,0.0,adolescent,2025-07-28,training,14,,11,10.0,-999,-999
projectseed-bds-production,BackwardsDigitSpan-v2.0,14,1,2025-08-11 01:43:13 (Central Daylight Time),"Mozilla/5.0 (iPhone; CPU iPhone OS 17_6_1 like Mac OS X) AppleWebKit/605.1.15 (KHTML, like Gecko) Version/17.6 Mobile/15E148 Safari/604.1",397746f2-4da6-4ca8-bbe5-1b6394736253,844,390,eng,-999.0,2025-08-11 01:43:38 (Central Daylight Time),25631,2,68.0,86,0.0,True,1163.0,269.0,86,1.0,adolescent,2025-07-28,training,14,,11,10.0,-999,-999
projectseed-bds-production,BackwardsDigitSpan-v2.0,14,1,2025-08-11 01:43:13 (Central Daylight Time),"Mozilla/5.0 (iPhone; CPU iPhone OS 17_6_1 like Mac OS X) AppleWebKit/605.1.15 (KHTML, like Gecko) Version/17.6 Mobile/15E148 Safari/604.1",397746f2-4da6-4ca8-bbe5-1b6394736253,844,390,eng,-999.0,2025-08-11 01:43:43 (Central Daylight Time),30601,2,34.0,43,0.0,True,1429.0,231.0,43,1.0,adolescent,2025-07-28,training,14,,11,10.0,-999,-999
projectseed-bds-production,BackwardsDigitSpan-v2.0,14,1,2025-08-11 01:43:13 (Central Daylight Time),"Mozilla/5.0 (iPhone; CPU iPhone OS 17_6_1 like Mac OS X) AppleWebKit/605.1.15 (KHTML, like Gecko) Version/17.6 Mobile/15E148 Safari/604.1",397746f2-4da6-4ca8-bbe5-1b6394736253,844,390,eng,1.0,2025-08-11 01:43:49 (Central Daylight Time),36032,2,26.0,62,1.0,True,1444.0,96.0,62,2.0,adolescent,2025-07-28,test,14,,11,10.0,-999,-999
projectseed-bds-production,BackwardsDigitSpan-v2.0,14,1,2025-08-11 01:43:13 (Central Daylight Time),"Mozilla/5.0 (iPhone; CPU iPhone OS 17_6_1 like Mac OS X) AppleWebKit/605.1.15 (KHTML, like Gecko) Version/17.6 Mobile/15E148 Safari/604.1",397746f2-4da6-4ca8-bbe5-1b6394736253,844,390,eng,2.0,2025-08-11 01:43:55 (Central Daylight Time),42118,3,372.0,273,1.0,True,2080.0,448.0,273,1.0,adolescent,2025-07-28,test,14,,11,10.0,-999,-999
projectseed-bds-production,BackwardsDigitSpan-v2.0,14,1,2025-08-11 01:43:13 (Central Daylight Time),"Mozilla/5.0 (iPhone; CPU iPhone OS 17_6_1 like Mac OS X) AppleWebKit/605.1.15 (KHTML, like Gecko) Version/17.6 Mobile/15E148 Safari/604.1",397746f2-4da6-4ca8-bbe5-1b6394736253,844,390,eng,3.0,2025-08-11 01:44:02 (Central Daylight Time),49738,4,1637.0,7361,1.0,True,2608.0,917.0,7361,2.999999999992724,adolescent,2025-07-28,test,14,,11,10.0,-999,-999
projectseed-bds-production,BackwardsDigitSpan-v2.0,14,1,2025-08-11 01:43:13 (Central Daylight Time),"Mozilla/5.0 (iPhone; CPU iPhone OS 17_6_1 like Mac OS X) AppleWebKit/605.1.15 (KHTML, like Gecko) Version/17.6 Mobile/15E148 Safari/604.1",397746f2-4da6-4ca8-bbe5-1b6394736253,844,390,eng,4.0,2025-08-11 01:44:13 (Central Daylight Time),60357,5,97032.0,23079,1.0,False,4608.0,1031.0,23702,2.0,adolescent,2025-07-28,test,14,,11,10.0,-999,-999
projectseed-bds-production,BackwardsDigitSpan-v2.0,14,1,2025-08-11 01:43:13 (Central Daylight Time),"Mozilla/5.0 (iPhone; CPU iPhone OS 17_6_1 like Mac OS X) AppleWebKit/605.1.15 (KHTML, like Gecko) Version/17.6 Mobile/15E148 Safari/604.1",397746f2-4da6-4ca8-bbe5-1b6394736253,844,390,eng,5.0,2025-08-11 01:44:26 (Central Daylight Time),73780,5,50632.0,23605,1.0,True,7413.0,2249.0,23605,1.999999999985448,adolescent,2025-07-28,test,14,,11,10.0,-999,-999
projectseed-bds-production,BackwardsDigitSpan-v2.0,14,1,2025-08-11 01:43:13 (Central Daylight Time),"Mozilla/5.0 (iPhone; CPU iPhone OS 17_6_1 like Mac OS X) AppleWebKit/605.1.15 (KHTML, like Gecko) Version/17.6 Mobile/15E148 Safari/604.1",397746f2-4da6-4ca8-bbe5-1b6394736253,844,390,eng,6.0,2025-08-11 01:44:40 (Central Daylight Time),87550,6,902316.0,613209,1.0,True,6758.0,4282.0,613209,2.0,adolescent,2025-07-28,test,14,,11,10.0,-999,-999
projectseed-bds-production,BackwardsDigitSpan-v2.0,14,1,2025-08-11 01:43:13 (Central Daylight Time),"Mozilla/5.0 (iPhone; CPU iPhone OS 17_6_1 like Mac OS X) AppleWebKit/605.1.15 (KHTML, like Gecko) Version/17.6 Mobile/15E148 Safari/604.1",397746f2-4da6-4ca8-bbe5-1b6394736253,844,390,eng,7.0,2025-08-11 01:44:58 (Central Daylight Time),105387,7,1872056.0,6502781,1.0,True,9823.0,6648.0,6502781,2.999999999985448,adolescent,2025-07-28,test,14,,11,10.0,-999,-999
projectseed-bds-production,BackwardsDigitSpan-v2.0,14,1,2025-08-11 01:43:13 (Central Daylight Time),"Mozilla/5.0 (iPhone; CPU iPhone OS 17_6_1 like Mac OS X) AppleWebKit/605.1.15 (KHTML, like Gecko) Version/17.6 Mobile/15E148 Safari/604.1",397746f2-4da6-4ca8-bbe5-1b6394736253,844,390,eng,8.0,2025-08-11 01:45:17 (Central Daylight Time),124414,8,29687541.0,14578692,1.0,True,10012.0,7853.0,14578692,1.0,adolescent,2025-07-28,test,14,,11,10.0,-999,-999
projectseed-bds-production,BackwardsDigitSpan-v2.0,14,1,2025-08-11 01:43:13 (Central Daylight Time),"Mozilla/5.0 (iPhone; CPU iPhone OS 17_6_1 like Mac OS X) AppleWebKit/605.1.15 (KHTML, like Gecko) Version/17.6 Mobile/15E148 Safari/604.1",397746f2-4da6-4ca8-bbe5-1b6394736253,844,390,eng,9.0,2025-08-11 01:45:45 (Central Daylight Time),152138,9,867341902.0,209143768,1.0,False,17708.0,10252.0,209147368,2.999999999985448,adolescent,2025-07-28,test,14,,11,10.0,-999,-999
projectseed-bds-production,BackwardsDigitSpan-v2.0,14,1,2025-08-11 01:43:13 (Central Daylight Time),"Mozilla/5.0 (iPhone; CPU iPhone OS 17_6_1 like Mac OS X) AppleWebKit/605.1.15 (KHTML, like Gecko) Version/17.6 Mobile/15E148 Safari/604.1",397746f2-4da6-4ca8-bbe5-1b6394736253,844,390,eng,10.0,2025-08-11 01:46:08 (Central Daylight Time),175712,9,687935041.0,140539786,1.0,True,13557.0,9706.0,140539786,5.0,adolescent,2025-07-28,test,14,,11,10.0,-999,-999
projectseed-bds-production,BackwardsDigitSpan-v2.0,14,1,2025-08-11 01:43:13 (Central Daylight Time),"Mozilla/5.0 (iPhone; CPU iPhone OS 17_6_1 like Mac OS X) AppleWebKit/605.1.15 (KHTML, like Gecko) Version/17.6 Mobile/15E148 Safari/604.1",397746f2-4da6-4ca8-bbe5-1b6394736253,844,390,eng,11.0,2025-08-11 01:46:31 (Central Daylight Time),198717,10,4720138659.0,9568310274,1.0,False,11988.0,8418.0,9568310734,3.0,adolescent,2025-07-28,test,14,,11,10.0,-999,-999
projectseed-bds-production,BackwardsDigitSpan-v2.0,14,1,2025-08-11 01:43:13 (Central Daylight Time),"Mozilla/5.0 (iPhone; CPU iPhone OS 17_6_1 like Mac OS X) AppleWebKit/605.1.15 (KHTML, like Gecko) Version/17.6 Mobile/15E148 Safari/604.1",397746f2-4da6-4ca8-bbe5-1b6394736253,844,390,eng,12.0,2025-08-11 01:46:57 (Central Daylight Time),224627,10,3690514827.0,7284150963,1.0,True,14892.0,9818.0,7284150963,4.0,adolescent,2025-07-28,test,14,,11,10.0,-999,-999
projectseed-bds-production,BackwardsDigitSpan-v2.0,14,1,2025-08-11 01:43:13 (Central Daylight Time),"Mozilla/5.0 (iPhone; CPU iPhone OS 17_6_1 like Mac OS X) AppleWebKit/605.1.15 (KHTML, like Gecko) Version/17.6 Mobile/15E148 Safari/604.1",397746f2-4da6-4ca8-bbe5-1b6394736253,844,390,eng,13.0,2025-08-11 01:47:27 (Central Daylight Time),253960,11,80596517023.0,32071569508,1.0,True,17316.0,11954.0,32071569508,3.999999999970896,adolescent,2025-07-28,test,14,,11,10.0,-999,-999
projectseed-bds-production,BackwardsDigitSpan-v2.0,14,1,2025-08-11 01:43:13 (Central Daylight Time),"Mozilla/5.0 (iPhone; CPU iPhone OS 17_6_1 like Mac OS X) AppleWebKit/605.1.15 (KHTML, like Gecko) Version/17.6 Mobile/15E148 Safari/604.1",397746f2-4da6-4ca8-bbe5-1b6394736253,844,390,eng,14.0,2025-08-11 01:47:59 (Central Daylight Time),285975,12,538304726596.0,695627403835,1.0,False,18993.0,13838.0,629627403835,2.000000000029104,adolescent,2025-07-28,test,14,,11,10.0,-999,-999
projectseed-bds-production,BackwardsDigitSpan-v2.0,15,1,2025-07-27 11:40:01 (Pacific Daylight Time),"Mozilla/5.0 (iPhone; CPU iPhone OS 18_5 like Mac OS X) AppleWebKit/605.1.15 (KHTML, like Gecko) Version/18.5 Mobile/15E148 Safari/604.1",17040483-143f-443b-b937-5c27bb0b9373,896,414,eng,-999.0,2025-07-27 11:40:10 (Pacific Daylight Time),9290,2,32.0,23,0.0,False,1041.0,166.0,32,0.9999999999990905,adolescent,2025-06-16,training,0,,-999,-999.0,-999,-999
projectseed-bds-production,BackwardsDigitSpan-v2.0,15,1,2025-07-27 11:40:01 (Pacific Daylight Time),"Mozilla/5.0 (iPhone; CPU iPhone OS 18_5 like Mac OS X) AppleWebKit/605.1.15 (KHTML, like Gecko) Version/18.5 Mobile/15E148 Safari/604.1",17040483-143f-443b-b937-5c27bb0b9373,896,414,eng,-999.0,2025-07-27 11:40:15 (Pacific Daylight Time),14574,2,91.0,19,0.0,True,1527.0,602.0,19,1.0,adolescent,2025-06-16,training,0,,-999,-999.0,-999,-999
projectseed-bds-production,BackwardsDigitSpan-v2.0,15,1,2025-07-27 11:40:01 (Pacific Daylight Time),"Mozilla/5.0 (iPhone; CPU iPhone OS 18_5 like Mac OS X) AppleWebKit/605.1.15 (KHTML, like Gecko) Version/18.5 Mobile/15E148 Safari/604.1",17040483-143f-443b-b937-5c27bb0b9373,896,414,eng,-999.0,2025-07-27 11:40:22 (Pacific Daylight Time),20906,3,824.0,428,0.0,False,1608.0,734.0,284,1.0,adolescent,2025-06-16,training,0,,-999,-999.0,-999,-999
projectseed-bds-production,BackwardsDigitSpan-v2.0,15,1,2025-07-27 11:40:01 (Pacific Daylight Time),"Mozilla/5.0 (iPhone; CPU iPhone OS 18_5 like Mac OS X) AppleWebKit/605.1.15 (KHTML, like Gecko) Version/18.5 Mobile/15E148 Safari/604.1",17040483-143f-443b-b937-5c27bb0b9373,896,414,eng,-999.0,2025-07-27 11:40:28 (Pacific Daylight Time),26891,2,45.0,54,0.0,True,2231.0,235.0,54,1.0,adolescent,2025-06-16,training,0,,-999,-999.0,-999,-999
projectseed-bds-production,BackwardsDigitSpan-v2.0,15,1,2025-07-27 11:40:01 (Pacific Daylight Time),"Mozilla/5.0 (iPhone; CPU iPhone OS 18_5 like Mac OS X) AppleWebKit/605.1.15 (KHTML, like Gecko) Version/18.5 Mobile/15E148 Safari/604.1",17040483-143f-443b-b937-5c27bb0b9373,896,414,eng,-999.0,2025-07-27 11:40:32 (Pacific Daylight Time),31573,2,21.0,12,0.0,True,1045.0,316.0,12,1.0,adolescent,2025-06-16,training,0,,-999,-999.0,-999,-999
projectseed-bds-production,BackwardsDigitSpan-v2.0,15,1,2025-07-27 11:40:01 (Pacific Daylight Time),"Mozilla/5.0 (iPhone; CPU iPhone OS 18_5 like Mac OS X) AppleWebKit/605.1.15 (KHTML, like Gecko) Version/18.5 Mobile/15E148 Safari/604.1",17040483-143f-443b-b937-5c27bb0b9373,896,414,eng,-999.0,2025-07-27 11:40:40 (Pacific Daylight Time),39592,3,732.0,237,0.0,True,3363.0,483.0,237,0.0,adolescent,2025-06-16,training,0,,-999,-999.0,-999,-999
projectseed-bds-production,BackwardsDigitSpan-v2.0,15,1,2025-07-27 11:40:01 (Pacific Daylight Time),"Mozilla/5.0 (iPhone; CPU iPhone OS 18_5 like Mac OS X) AppleWebKit/605.1.15 (KHTML, like Gecko) Version/18.5 Mobile/15E148 Safari/604.1",17040483-143f-443b-b937-5c27bb0b9373,896,414,eng,-999.0,2025-07-27 11:40:46 (Pacific Daylight Time),45459,2,64.0,46,0.0,True,2210.0,815.0,46,1.000000000007276,adolescent,2025-06-16,training,0,,-999,-999.0,-999,-999
projectseed-bds-production,BackwardsDigitSpan-v2.0,15,1,2025-07-27 11:40:01 (Pacific Daylight Time),"Mozilla/5.0 (iPhone; CPU iPhone OS 18_5 like Mac OS X) AppleWebKit/605.1.15 (KHTML, like Gecko) Version/18.5 Mobile/15E148 Safari/604.1",17040483-143f-443b-b937-5c27bb0b9373,896,414,eng,-999.0,2025-07-27 11:40:52 (Pacific Daylight Time),51593,2,86.0,68,0.0,True,2477.0,199.0,68,1.000000000007276,adolescent,2025-06-16,training,0,,-999,-999.0,-999,-999
projectseed-bds-production,BackwardsDigitSpan-v2.0,15,1,2025-07-27 11:40:01 (Pacific Daylight Time),"Mozilla/5.0 (iPhone; CPU iPhone OS 18_5 like Mac OS X) AppleWebKit/605.1.15 (KHTML, like Gecko) Version/18.5 Mobile/15E148 Safari/604.1",17040483-143f-443b-b937-5c27bb0b9373,896,414,eng,-999.0,2025-07-27 11:41:00 (Pacific Daylight Time),58925,3,403.0,304,0.0,True,2710.0,1299.0,304,1.0,adolescent,2025-06-16,training,0,,-999,-999.0,-999,-999
projectseed-bds-production,BackwardsDigitSpan-v2.0,15,1,2025-07-27 11:40:01 (Pacific Daylight Time),"Mozilla/5.0 (iPhone; CPU iPhone OS 18_5 like Mac OS X) AppleWebKit/605.1.15 (KHTML, like Gecko) Version/18.5 Mobile/15E148 Safari/604.1",17040483-143f-443b-b937-5c27bb0b9373,896,414,eng,-999.0,2025-07-27 11:41:04 (Pacific Daylight Time),63642,2,32.0,23,0.0,True,1144.0,199.0,23,1.0,adolescent,2025-06-16,training,0,,-999,-999.0,-999,-999
projectseed-bds-production,BackwardsDigitSpan-v2.0,15,1,2025-08-05 04:06:57 (Central Daylight Time),"Mozilla/5.0 (iPhone; CPU iPhone OS 18_5 like Mac OS X) AppleWebKit/605.1.15 (KHTML, like Gecko) Version/18.5 Mobile/15E148 Safari/604.1",b8635405-00e8-4931-97dc-d5377cb66ba1,896,414,eng,-999.0,2025-08-05 04:07:15 (Central Daylight Time),17714,2,51.0,15,0.0,True,2435.0,682.0,15,1.0,adolescent,2025-07-28,training,8,,6,5.2333,6,5
projectseed-bds-production,BackwardsDigitSpan-v2.0,15,1,2025-08-05 04:06:57 (Central Daylight Time),"Mozilla/5.0 (iPhone; CPU iPhone OS 18_5 like Mac OS X) AppleWebKit/605.1.15 (KHTML, like Gecko) Version/18.5 Mobile/15E148 Safari/604.1",b8635405-00e8-4931-97dc-d5377cb66ba1,896,414,eng,-999.0,2025-08-05 04:07:21 (Central Daylight Time),24148,2,35.0,53,0.0,True,2642.0,616.0,53,1.0,adolescent,2025-07-28,training,8,,6,5.2333,6,5
projectseed-bds-production,BackwardsDigitSpan-v2.0,15,1,2025-08-05 04:06:57 (Central Daylight Time),"Mozilla/5.0 (iPhone; CPU iPhone OS 18_5 like Mac OS X) AppleWebKit/605.1.15 (KHTML, like Gecko) Version/18.5 Mobile/15E148 Safari/604.1",b8635405-00e8-4931-97dc-d5377cb66ba1,896,414,eng,-999.0,2025-08-05 04:07:28 (Central Daylight Time),30897,3,123.0,321,0.0,True,2025.0,1134.0,321,1.0,adolescent,2025-07-28,training,8,,6,5.2333,6,5
projectseed-bds-production,BackwardsDigitSpan-v2.0,15,1,2025-08-05 04:06:57 (Central Daylight Time),"Mozilla/5.0 (iPhone; CPU iPhone OS 18_5 like Mac OS X) AppleWebKit/605.1.15 (KHTML, like Gecko) Version/18.5 Mobile/15E148 Safari/604.1",b8635405-00e8-4931-97dc-d5377cb66ba1,896,414,eng,1.0,2025-08-05 04:07:34 (Central Daylight Time),37165,2,71.0,17,1.0,True,2460.0,634.0,17,0.0,adolescent,2025-07-28,test,8,,6,5.2333,6,5
projectseed-bds-production,BackwardsDigitSpan-v2.0,15,1,2025-08-05 04:06:57 (Central Daylight Time),"Mozilla/5.0 (iPhone; CPU iPhone OS 18_5 like Mac OS X) AppleWebKit/605.1.15 (KHTML, like Gecko) Version/18.5 Mobile/15E148 Safari/604.1",b8635405-00e8-4931-97dc-d5377cb66ba1,896,414,eng,2.0,2025-08-05 04:07:40 (Central Daylight Time),43165,3,893.0,398,1.0,True,1991.0,966.0,398,1.0,adolescent,2025-07-28,test,8,,6,5.2333,6,5
projectseed-bds-production,BackwardsDigitSpan-v2.0,15,1,2025-08-05 04:06:57 (Central Daylight Time),"Mozilla/5.0 (iPhone; CPU iPhone OS 18_5 like Mac OS X) AppleWebKit/605.1.15 (KHTML, like Gecko) Version/18.5 Mobile/15E148 Safari/604.1",b8635405-00e8-4931-97dc-d5377cb66ba1,896,414,eng,3.0,2025-08-05 04:07:50 (Central Daylight Time),52715,4,5782.0,2875,1.0,True,4541.0,2749.0,2875,0.0,adolescent,2025-07-28,test,8,,6,5.2333,6,5
projectseed-bds-production,BackwardsDigitSpan-v2.0,15,1,2025-08-05 04:06:57 (Central Daylight Time),"Mozilla/5.0 (iPhone; CPU iPhone OS 18_5 like Mac OS X) AppleWebKit/605.1.15 (KHTML, like Gecko) Version/18.5 Mobile/15E148 Safari/604.1",b8635405-00e8-4931-97dc-d5377cb66ba1,896,414,eng,4.0,2025-08-05 04:08:04 (Central Daylight Time),67282,5,72453.0,35427,1.0,True,8556.0,5000.0,35427,3.0,adolescent,2025-07-28,test,8,,6,5.2333,6,5
projectseed-bds-production,BackwardsDigitSpan-v2.0,15,1,2025-08-05 04:06:57 (Central Daylight Time),"Mozilla/5.0 (iPhone; CPU iPhone OS 18_5 like Mac OS X) AppleWebKit/605.1.15 (KHTML, like Gecko) Version/18.5 Mobile/15E148 Safari/604.1",b8635405-00e8-4931-97dc-d5377cb66ba1,896,414,eng,5.0,2025-08-05 04:08:21 (Central Daylight Time),84232,6,503827.0,728305,1.0,True,9937.0,5648.0,728305,1.000000000014552,adolescent,2025-07-28,test,8,,6,5.2333,6,5
projectseed-bds-production,BackwardsDigitSpan-v2.0,15,1,2025-08-05 04:06:57 (Central Daylight Time),"Mozilla/5.0 (iPhone; CPU iPhone OS 18_5 like Mac OS X) AppleWebKit/605.1.15 (KHTML, like Gecko) Version/18.5 Mobile/15E148 Safari/604.1",b8635405-00e8-4931-97dc-d5377cb66ba1,896,414,eng,6.0,2025-08-05 04:08:38 (Central Daylight Time),101217,7,7053418.0,8143507,1.0,False,8970.0,6782.0,8148705,2.0,adolescent,2025-07-28,test,8,,6,5.2333,6,5
projectseed-bds-production,BackwardsDigitSpan-v2.0,15,1,2025-08-05 04:06:57 (Central Daylight Time),"Mozilla/5.0 (iPhone; CPU iPhone OS 18_5 like Mac OS X) AppleWebKit/605.1.15 (KHTML, like Gecko) Version/18.5 Mobile/15E148 Safari/604.1",b8635405-00e8-4931-97dc-d5377cb66ba1,896,414,eng,7.0,2025-08-05 04:09:01 (Central Daylight Time),124453,7,7384296.0,6924837,1.0,False,15222.0,10232.0,7839662,2.0,adolescent,2025-07-28,test,8,,6,5.2333,6,5
projectseed-bds-production,BackwardsDigitSpan-v2.0,15,1,2025-08-05 04:06:57 (Central Daylight Time),"Mozilla/5.0 (iPhone; CPU iPhone OS 18_5 like Mac OS X) AppleWebKit/605.1.15 (KHTML, like Gecko) Version/18.5 Mobile/15E148 Safari/604.1",b8635405-00e8-4931-97dc-d5377cb66ba1,896,414,eng,8.0,2025-08-05 04:09:14 (Central Daylight Time),137505,6,960538.0,835069,1.0,False,6038.0,3951.0,835870,1.999999999985448,adolescent,2025-07-28,test,8,,6,5.2333,6,5
projectseed-bds-production,BackwardsDigitSpan-v2.0,15,1,2025-08-05 04:06:57 (Central Daylight Time),"Mozilla/5.0 (iPhone; CPU iPhone OS 18_5 like Mac OS X) AppleWebKit/605.1.15 (KHTML, like Gecko) Version/18.5 Mobile/15E148 Safari/604.1",b8635405-00e8-4931-97dc-d5377cb66ba1,896,414,eng,9.0,2025-08-05 04:09:25 (Central Daylight Time),147887,6,807493.0,394708,1.0,False,3371.0,2550.0,338734,1.0,adolescent,2025-07-28,test,8,,6,5.2333,6,5
projectseed-bds-production,BackwardsDigitSpan-v2.0,15,1,2025-08-05 04:06:57 (Central Daylight Time),"Mozilla/5.0 (iPhone; CPU iPhone OS 18_5 like Mac OS X) AppleWebKit/605.1.15 (KHTML, like Gecko) Version/18.5 Mobile/15E148 Safari/604.1",b8635405-00e8-4931-97dc-d5377cb66ba1,896,414,eng,10.0,2025-08-05 04:09:37 (Central Daylight Time),160118,5,83529.0,92538,1.0,False,6220.0,4146.0,92088,2.000000000029104,adolescent,2025-07-28,test,8,,6,5.2333,6,5
projectseed-bds-production,BackwardsDigitSpan-v2.0,15,1,2025-08-05 04:06:57 (Central Daylight Time),"Mozilla/5.0 (iPhone; CPU iPhone OS 18_5 like Mac OS X) AppleWebKit/605.1.15 (KHTML, like Gecko) Version/18.5 Mobile/15E148 Safari/604.1",b8635405-00e8-4931-97dc-d5377cb66ba1,896,414,eng,11.0,2025-08-05 04:09:52 (Central Daylight Time),175389,5,61409.0,90416,1.0,False,9260.0,3550.0,90472,2.000000000029104,adolescent,2025-07-28,test,8,,6,5.2333,6,5
projectseed-bds-production,BackwardsDigitSpan-v2.0,15,1,2025-08-05 04:06:57 (Central Daylight Time),"Mozilla/5.0 (iPhone; CPU iPhone OS 18_5 like Mac OS X) AppleWebKit/605.1.15 (KHTML, like Gecko) Version/18.5 Mobile/15E148 Safari/604.1",b8635405-00e8-4931-97dc-d5377cb66ba1,896,414,eng,12.0,2025-08-05 04:10:02 (Central Daylight Time),184956,4,1892.0,2981,1.0,True,4558.0,2166.0,2981,1.0,adolescent,2025-07-28,test,8,,6,5.2333,6,5
projectseed-bds-production,BackwardsDigitSpan-v2.0,15,1,2025-08-05 04:06:57 (Central Daylight Time),"Mozilla/5.0 (iPhone; CPU iPhone OS 18_5 like Mac OS X) AppleWebKit/605.1.15 (KHTML, like Gecko) Version/18.5 Mobile/15E148 Safari/604.1",b8635405-00e8-4931-97dc-d5377cb66ba1,896,414,eng,13.0,2025-08-05 04:10:15 (Central Daylight Time),197708,5,46753.0,35764,1.0,False,6741.0,5267.0,37635,3.0,adolescent,2025-07-28,test,8,,6,5.2333,6,5
projectseed-bds-production,BackwardsDigitSpan-v2.0,15,1,2025-08-05 04:06:57 (Central Daylight Time),"Mozilla/5.0 (iPhone; CPU iPhone OS 18_5 like Mac OS X) AppleWebKit/605.1.15 (KHTML, like Gecko) Version/18.5 Mobile/15E148 Safari/604.1",b8635405-00e8-4931-97dc-d5377cb66ba1,896,414,eng,14.0,2025-08-05 04:10:28 (Central Daylight Time),211142,5,82394.0,49328,1.0,True,7424.0,5184.0,49328,2.0,adolescent,2025-07-28,test,8,,6,5.2333,6,5
projectseed-bds-production,BackwardsDigitSpan-v2.0,15,1,2025-08-06 02:44:49 (Central Daylight Time),"Mozilla/5.0 (iPhone; CPU iPhone OS 18_5 like Mac OS X) AppleWebKit/605.1.15 (KHTML, like Gecko) Version/18.5 Mobile/15E148 Safari/604.1",96d9a342-f4cd-4215-a09a-73cefb05b9dd,896,414,eng,-999.0,2025-08-06 02:45:00 (Central Daylight Time),11531,2,38.0,83,0.0,True,2369.0,331.0,83,2.0,adolescent,2025-07-28,training,9,,7,6.2,7,7
projectseed-bds-production,BackwardsDigitSpan-v2.0,15,1,2025-08-06 02:44:49 (Central Daylight Time),"Mozilla/5.0 (iPhone; CPU iPhone OS 18_5 like Mac OS X) AppleWebKit/605.1.15 (KHTML, like Gecko) Version/18.5 Mobile/15E148 Safari/604.1",96d9a342-f4cd-4215-a09a-73cefb05b9dd,896,414,eng,-999.0,2025-08-06 02:45:06 (Central Daylight Time),16681,2,24.0,42,0.0,True,1508.0,448.0,42,0.0,adolescent,2025-07-28,training,9,,7,6.2,7,7
projectseed-bds-production,BackwardsDigitSpan-v2.0,15,1,2025-08-06 02:44:49 (Central Daylight Time),"Mozilla/5.0 (iPhone; CPU iPhone OS 18_5 like Mac OS X) AppleWebKit/605.1.15 (KHTML, like Gecko) Version/18.5 Mobile/15E148 Safari/604.1",96d9a342-f4cd-4215-a09a-73cefb05b9dd,896,414,eng,-999.0,2025-08-06 02:45:19 (Central Daylight Time),29664,3,678.0,876,0.0,True,3859.0,750.0,876,1.0,adolescent,2025-07-28,training,9,,7,6.2,7,7
projectseed-bds-production,BackwardsDigitSpan-v2.0,15,1,2025-08-06 02:44:49 (Central Daylight Time),"Mozilla/5.0 (iPhone; CPU iPhone OS 18_5 like Mac OS X) AppleWebKit/605.1.15 (KHTML, like Gecko) Version/18.5 Mobile/15E148 Safari/604.1",96d9a342-f4cd-4215-a09a-73cefb05b9dd,896,414,eng,1.0,2025-08-06 02:45:28 (Central Daylight Time),38980,2,35.0,53,1.0,False,5425.0,3582.0,35,0.0,adolescent,2025-07-28,test,9,,7,6.2,7,7
projectseed-bds-production,BackwardsDigitSpan-v2.0,15,1,2025-08-06 02:44:49 (Central Daylight Time),"Mozilla/5.0 (iPhone; CPU iPhone OS 18_5 like Mac OS X) AppleWebKit/605.1.15 (KHTML, like Gecko) Version/18.5 Mobile/15E148 Safari/604.1",96d9a342-f4cd-4215-a09a-73cefb05b9dd,896,414,eng,2.0,2025-08-06 02:45:33 (Central Daylight Time),43565,2,73.0,37,1.0,True,1579.0,365.0,37,1.0,adolescent,2025-07-28,test,9,,7,6.2,7,7
projectseed-bds-production,BackwardsDigitSpan-v2.0,15,1,2025-08-06 02:44:49 (Central Daylight Time),"Mozilla/5.0 (iPhone; CPU iPhone OS 18_5 like Mac OS X) AppleWebKit/605.1.15 (KHTML, like Gecko) Version/18.5 Mobile/15E148 Safari/604.1",96d9a342-f4cd-4215-a09a-73cefb05b9dd,896,414,eng,3.0,2025-08-06 02:45:38 (Central Daylight Time),49448,3,374.0,473,1.0,True,1876.0,749.0,473,0.0,adolescent,2025-07-28,test,9,,7,6.2,7,7
projectseed-bds-production,BackwardsDigitSpan-v2.0,15,1,2025-08-06 02:44:49 (Central Daylight Time),"Mozilla/5.0 (iPhone; CPU iPhone OS 18_5 like Mac OS X) AppleWebKit/605.1.15 (KHTML, like Gecko) Version/18.5 Mobile/15E148 Safari/604.1",96d9a342-f4cd-4215-a09a-73cefb05b9dd,896,414,eng,4.0,2025-08-06 02:45:47 (Central Daylight Time),58483,4,4279.0,9724,1.0,True,4026.0,1583.0,9724,2.0,adolescent,2025-07-28,test,9,,7,6.2,7,7
projectseed-bds-production,BackwardsDigitSpan-v2.0,15,1,2025-08-06 02:44:49 (Central Daylight Time),"Mozilla/5.0 (iPhone; CPU iPhone OS 18_5 like Mac OS X) AppleWebKit/605.1.15 (KHTML, like Gecko) Version/18.5 Mobile/15E148 Safari/604.1",96d9a342-f4cd-4215-a09a-73cefb05b9dd,896,414,eng,5.0,2025-08-06 02:45:58 (Central Daylight Time),69500,5,46759.0,95764,1.0,True,5007.0,3516.0,95764,2.0,adolescent,2025-07-28,test,9,,7,6.2,7,7
projectseed-bds-production,BackwardsDigitSpan-v2.0,15,1,2025-08-06 02:44:49 (Central Daylight Time),"Mozilla/5.0 (iPhone; CPU iPhone OS 18_5 like Mac OS X) AppleWebKit/605.1.15 (KHTML, like Gecko) Version/18.5 Mobile/15E148 Safari/604.1",96d9a342-f4cd-4215-a09a-73cefb05b9dd,896,414,eng,6.0,2025-08-06 02:46:12 (Central Daylight Time),83451,6,309156.0,651903,1.0,True,6940.0,3833.0,651903,2.0,adolescent,2025-07-28,test,9,,7,6.2,7,7
projectseed-bds-production,BackwardsDigitSpan-v2.0,15,1,2025-08-06 02:44:49 (Central Daylight Time),"Mozilla/5.0 (iPhone; CPU iPhone OS 18_5 like Mac OS X) AppleWebKit/605.1.15 (KHTML, like Gecko) Version/18.5 Mobile/15E148 Safari/604.1",96d9a342-f4cd-4215-a09a-73cefb05b9dd,896,414,eng,7.0,2025-08-06 02:46:32 (Central Daylight Time),102569,7,1432769.0,9672341,1.0,True,11104.0,9551.0,9672341,1.0,adolescent,2025-07-28,test,9,,7,6.2,7,7
projectseed-bds-production,BackwardsDigitSpan-v2.0,15,1,2025-08-06 02:44:49 (Central Daylight Time),"Mozilla/5.0 (iPhone; CPU iPhone OS 18_5 like Mac OS X) AppleWebKit/605.1.15 (KHTML, like Gecko) Version/18.5 Mobile/15E148 Safari/604.1",96d9a342-f4cd-4215-a09a-73cefb05b9dd,896,414,eng,8.0,2025-08-06 02:46:52 (Central Daylight Time),122753,8,21890365.0,56309812,1.0,False,11168.0,7749.0,53609812,3.0,adolescent,2025-07-28,test,9,,7,6.2,7,7
projectseed-bds-production,BackwardsDigitSpan-v2.0,15,1,2025-08-06 02:44:49 (Central Daylight Time),"Mozilla/5.0 (iPhone; CPU iPhone OS 18_5 like Mac OS X) AppleWebKit/605.1.15 (KHTML, like Gecko) Version/18.5 Mobile/15E148 Safari/604.1",96d9a342-f4cd-4215-a09a-73cefb05b9dd,896,414,eng,9.0,2025-08-06 02:47:16 (Central Daylight Time),146573,8,35412089.0,98021453,1.0,False,14806.0,11969.0,98062145,1.9999999999708962,adolescent,2025-07-28,test,9,,7,6.2,7,7
projectseed-bds-production,BackwardsDigitSpan-v2.0,15,1,2025-08-06 02:44:49 (Central Daylight Time),"Mozilla/5.0 (iPhone; CPU iPhone OS 18_5 like Mac OS X) AppleWebKit/605.1.15 (KHTML, like Gecko) Version/18.5 Mobile/15E148 Safari/604.1",96d9a342-f4cd-4215-a09a-73cefb05b9dd,896,414,eng,10.0,2025-08-06 02:47:29 (Central Daylight Time),160472,7,3715624.0,4265173,1.0,False,5886.0,3982.0,4235421,1.0000000000291038,adolescent,2025-07-28,test,9,,7,6.2,7,7
projectseed-bds-production,BackwardsDigitSpan-v2.0,15,1,2025-08-06 02:44:49 (Central Daylight Time),"Mozilla/5.0 (iPhone; CPU iPhone OS 18_5 like Mac OS X) AppleWebKit/605.1.15 (KHTML, like Gecko) Version/18.5 Mobile/15E148 Safari/604.1",96d9a342-f4cd-4215-a09a-73cefb05b9dd,896,414,eng,11.0,2025-08-06 02:47:50 (Central Daylight Time),181208,7,3801956.0,6591083,1.0,False,12722.0,8850.0,6510833,2.0,adolescent,2025-07-28,test,9,,7,6.2,7,7
projectseed-bds-production,BackwardsDigitSpan-v2.0,15,1,2025-08-06 02:44:49 (Central Daylight Time),"Mozilla/5.0 (iPhone; CPU iPhone OS 18_5 like Mac OS X) AppleWebKit/605.1.15 (KHTML, like Gecko) Version/18.5 Mobile/15E148 Safari/604.1",96d9a342-f4cd-4215-a09a-73cefb05b9dd,896,414,eng,12.0,2025-08-06 02:48:06 (Central Daylight Time),197458,6,873025.0,520378,1.0,True,9238.0,7617.0,520378,3.0,adolescent,2025-07-28,test,9,,7,6.2,7,7
projectseed-bds-production,BackwardsDigitSpan-v2.0,15,1,2025-08-06 02:44:49 (Central Daylight Time),"Mozilla/5.0 (iPhone; CPU iPhone OS 18_5 like Mac OS X) AppleWebKit/605.1.15 (KHTML, like Gecko) Version/18.5 Mobile/15E148 Safari/604.1",96d9a342-f4cd-4215-a09a-73cefb05b9dd,896,414,eng,13.0,2025-08-06 02:48:29 (Central Daylight Time),219927,7,7514803.0,3084157,1.0,False,14454.0,10167.0,3084577,3.0,adolescent,2025-07-28,test,9,,7,6.2,7,7
projectseed-bds-production,BackwardsDigitSpan-v2.0,15,1,2025-08-06 02:44:49 (Central Daylight Time),"Mozilla/5.0 (iPhone; CPU iPhone OS 18_5 like Mac OS X) AppleWebKit/605.1.15 (KHTML, like Gecko) Version/18.5 Mobile/15E148 Safari/604.1",96d9a342-f4cd-4215-a09a-73cefb05b9dd,896,414,eng,14.0,2025-08-06 02:48:41 (Central Daylight Time),232161,7,7294561.0,1654927,1.0,False,4220.0,2350.0,1459873,3.0,adolescent,2025-07-28,test,9,,7,6.2,7,7
projectseed-bds-production,BackwardsDigitSpan-v2.0,15,1,2025-08-07 05:55:10 (Central Daylight Time),"Mozilla/5.0 (iPhone; CPU iPhone OS 18_5 like Mac OS X) AppleWebKit/605.1.15 (KHTML, like Gecko) Version/18.5 Mobile/15E148 Safari/604.1",3ee0787f-0c9e-4df6-ac97-ceaecca38977,896,414,eng,-999.0,2025-08-07 05:55:23 (Central Daylight Time),12638,2,18.0,81,0.0,True,1987.0,450.0,81,0.0,adolescent,2025-07-28,training,10,,7,5.9167,6,6
projectseed-bds-production,BackwardsDigitSpan-v2.0,15,1,2025-08-07 05:55:10 (Central Daylight Time),"Mozilla/5.0 (iPhone; CPU iPhone OS 18_5 like Mac OS X) AppleWebKit/605.1.15 (KHTML, like Gecko) Version/18.5 Mobile/15E148 Safari/604.1",3ee0787f-0c9e-4df6-ac97-ceaecca38977,896,414,eng,-999.0,2025-08-07 05:55:28 (Central Daylight Time),18119,2,49.0,94,0.0,True,1672.0,383.0,94,0.0,adolescent,2025-07-28,training,10,,7,5.9167,6,6
projectseed-bds-production,BackwardsDigitSpan-v2.0,15,1,2025-08-07 05:55:10 (Central Daylight Time),"Mozilla/5.0 (iPhone; CPU iPhone OS 18_5 like Mac OS X) AppleWebKit/605.1.15 (KHTML, like Gecko) Version/18.5 Mobile/15E148 Safari/604.1",3ee0787f-0c9e-4df6-ac97-ceaecca38977,896,414,eng,-999.0,2025-08-07 05:55:35 (Central Daylight Time),24970,3,382.0,283,0.0,True,2175.0,917.0,283,2.0,adolescent,2025-07-28,training,10,,7,5.9167,6,6
projectseed-bds-production,BackwardsDigitSpan-v2.0,15,1,2025-08-07 05:55:10 (Central Daylight Time),"Mozilla/5.0 (iPhone; CPU iPhone OS 18_5 like Mac OS X) AppleWebKit/605.1.15 (KHTML, like Gecko) Version/18.5 Mobile/15E148 Safari/604.1",3ee0787f-0c9e-4df6-ac97-ceaecca38977,896,414,eng,1.0,2025-08-07 05:55:41 (Central Daylight Time),30836,2,63.0,36,1.0,True,2011.0,882.0,36,1.0,adolescent,2025-07-28,test,10,,7,5.9167,6,6
projectseed-bds-production,BackwardsDigitSpan-v2.0,15,1,2025-08-07 05:55:10 (Central Daylight Time),"Mozilla/5.0 (iPhone; CPU iPhone OS 18_5 like Mac OS X) AppleWebKit/605.1.15 (KHTML, like Gecko) Version/18.5 Mobile/15E148 Safari/604.1",3ee0787f-0c9e-4df6-ac97-ceaecca38977,896,414,eng,2.0,2025-08-07 05:55:47 (Central Daylight Time),37403,3,743.0,347,1.0,True,2558.0,684.0,347,1.0,adolescent,2025-07-28,test,10,,7,5.9167,6,6
projectseed-bds-production,BackwardsDigitSpan-v2.0,15,1,2025-08-07 05:55:10 (Central Daylight Time),"Mozilla/5.0 (iPhone; CPU iPhone OS 18_5 like Mac OS X) AppleWebKit/605.1.15 (KHTML, like Gecko) Version/18.5 Mobile/15E148 Safari/604.1",3ee0787f-0c9e-4df6-ac97-ceaecca38977,896,414,eng,3.0,2025-08-07 05:55:58 (Central Daylight Time),47803,4,4816.0,6184,1.0,True,5389.0,2883.0,6184,1.0,adolescent,2025-07-28,test,10,,7,5.9167,6,6
projectseed-bds-production,BackwardsDigitSpan-v2.0,15,1,2025-08-07 05:55:10 (Central Daylight Time),"Mozilla/5.0 (iPhone; CPU iPhone OS 18_5 like Mac OS X) AppleWebKit/605.1.15 (KHTML, like Gecko) Version/18.5 Mobile/15E148 Safari/604.1",3ee0787f-0c9e-4df6-ac97-ceaecca38977,896,414,eng,4.0,2025-08-07 05:56:11 (Central Daylight Time),61253,5,38725.0,52783,1.0,False,7439.0,5099.0,52873,1.999999999992724,adolescent,2025-07-28,test,10,,7,5.9167,6,6
projectseed-bds-production,BackwardsDigitSpan-v2.0,15,1,2025-08-07 05:55:10 (Central Daylight Time),"Mozilla/5.0 (iPhone; CPU iPhone OS 18_5 like Mac OS X) AppleWebKit/605.1.15 (KHTML, like Gecko) Version/18.5 Mobile/15E148 Safari/604.1",3ee0787f-0c9e-4df6-ac97-ceaecca38977,896,414,eng,5.0,2025-08-07 05:56:29 (Central Daylight Time),78823,5,40627.0,72604,1.0,True,11559.0,6383.0,72604,3.000000000007276,adolescent,2025-07-28,test,10,,7,5.9167,6,6
projectseed-bds-production,BackwardsDigitSpan-v2.0,15,1,2025-08-07 05:55:10 (Central Daylight Time),"Mozilla/5.0 (iPhone; CPU iPhone OS 18_5 like Mac OS X) AppleWebKit/605.1.15 (KHTML, like Gecko) Version/18.5 Mobile/15E148 Safari/604.1",3ee0787f-0c9e-4df6-ac97-ceaecca38977,896,414,eng,6.0,2025-08-07 05:56:45 (Central Daylight Time),95272,6,284176.0,671482,1.0,True,9437.0,6283.0,671482,2.0,adolescent,2025-07-28,test,10,,7,5.9167,6,6
projectseed-bds-production,BackwardsDigitSpan-v2.0,15,1,2025-08-07 05:55:10 (Central Daylight Time),"Mozilla/5.0 (iPhone; CPU iPhone OS 18_5 like Mac OS X) AppleWebKit/605.1.15 (KHTML, like Gecko) Version/18.5 Mobile/15E148 Safari/604.1",3ee0787f-0c9e-4df6-ac97-ceaecca38977,896,414,eng,7.0,2025-08-07 05:57:07 (Central Daylight Time),116491,7,4195308.0,8035914,1.0,False,13203.0,8967.0,8031491,3.0,adolescent,2025-07-28,test,10,,7,5.9167,6,6
projectseed-bds-production,BackwardsDigitSpan-v2.0,15,1,2025-08-07 05:55:10 (Central Daylight Time),"Mozilla/5.0 (iPhone; CPU iPhone OS 18_5 like Mac OS X) AppleWebKit/605.1.15 (KHTML, like Gecko) Version/18.5 Mobile/15E148 Safari/604.1",3ee0787f-0c9e-4df6-ac97-ceaecca38977,896,414,eng,8.0,2025-08-07 05:57:20 (Central Daylight Time),129490,7,8079162.0,2619708,1.0,False,4984.0,3532.0,2105498,1.0,adolescent,2025-07-28,test,10,,7,5.9167,6,6
projectseed-bds-production,BackwardsDigitSpan-v2.0,15,1,2025-08-07 05:55:10 (Central Daylight Time),"Mozilla/5.0 (iPhone; CPU iPhone OS 18_5 like Mac OS X) AppleWebKit/605.1.15 (KHTML, like Gecko) Version/18.5 Mobile/15E148 Safari/604.1",3ee0787f-0c9e-4df6-ac97-ceaecca38977,896,414,eng,9.0,2025-08-07 05:57:32 (Central Daylight Time),141708,6,285967.0,769582,1.0,False,5207.0,2616.0,438905,1.0000000000291038,adolescent,2025-07-28,test,10,,7,5.9167,6,6
projectseed-bds-production,BackwardsDigitSpan-v2.0,15,1,2025-08-07 05:55:10 (Central Daylight Time),"Mozilla/5.0 (iPhone; CPU iPhone OS 18_5 like Mac OS X) AppleWebKit/605.1.15 (KHTML, like Gecko) Version/18.5 Mobile/15E148 Safari/604.1",3ee0787f-0c9e-4df6-ac97-ceaecca38977,896,414,eng,10.0,2025-08-07 05:57:48 (Central Daylight Time),158408,6,689053.0,350986,1.0,True,9686.0,6031.0,350986,3.000000000029104,adolescent,2025-07-28,test,10,,7,5.9167,6,6
projectseed-bds-production,BackwardsDigitSpan-v2.0,15,1,2025-08-07 05:55:10 (Central Daylight Time),"Mozilla/5.0 (iPhone; CPU iPhone OS 18_5 like Mac OS X) AppleWebKit/605.1.15 (KHTML, like Gecko) Version/18.5 Mobile/15E148 Safari/604.1",3ee0787f-0c9e-4df6-ac97-ceaecca38977,896,414,eng,11.0,2025-08-07 05:58:08 (Central Daylight Time),177944,7,6351092.0,2901536,1.0,False,11522.0,9617.0,2908165,3.999999999970896,adolescent,2025-07-28,test,10,,7,5.9167,6,6
projectseed-bds-production,BackwardsDigitSpan-v2.0,15,1,2025-08-07 05:55:10 (Central Daylight Time),"Mozilla/5.0 (iPhone; CPU iPhone OS 18_5 like Mac OS X) AppleWebKit/605.1.15 (KHTML, like Gecko) Version/18.5 Mobile/15E148 Safari/604.1",3ee0787f-0c9e-4df6-ac97-ceaecca38977,896,414,eng,12.0,2025-08-07 05:58:38 (Central Daylight Time),207762,7,4728516.0,6158274,1.0,True,21804.0,11751.0,6158274,3.0,adolescent,2025-07-28,test,10,,7,5.9167,6,6
projectseed-bds-production,BackwardsDigitSpan-v2.0,15,1,2025-08-07 05:55:10 (Central Daylight Time),"Mozilla/5.0 (iPhone; CPU iPhone OS 18_5 like Mac OS X) AppleWebKit/605.1.15 (KHTML, like Gecko) Version/18.5 Mobile/15E148 Safari/604.1",3ee0787f-0c9e-4df6-ac97-ceaecca38977,896,414,eng,13.0,2025-08-07 05:58:56 (Central Daylight Time),226462,8,86173054.0,45037168,1.0,False,9683.0,8382.0,45730435,1.9999999999708962,adolescent,2025-07-28,test,10,,7,5.9167,6,6
projectseed-bds-production,BackwardsDigitSpan-v2.0,15,1,2025-08-07 05:55:10 (Central Daylight Time),"Mozilla/5.0 (iPhone; CPU iPhone OS 18_5 like Mac OS X) AppleWebKit/605.1.15 (KHTML, like Gecko) Version/18.5 Mobile/15E148 Safari/604.1",3ee0787f-0c9e-4df6-ac97-ceaecca38977,896,414,eng,14.0,2025-08-07 05:59:13 (Central Daylight Time),242997,8,50931876.0,67813905,1.0,False,7518.0,2650.0,63509873,3.000000000029104,adolescent,2025-07-28,test,10,,7,5.9167,6,6
projectseed-bds-production,BackwardsDigitSpan-v2.0,15,1,2025-08-09 01:12:00 (Central Daylight Time),"Mozilla/5.0 (iPhone; CPU iPhone OS 18_5 like Mac OS X) AppleWebKit/605.1.15 (KHTML, like Gecko) Version/18.5 Mobile/15E148 Safari/604.1",23c8fd5a-2cef-4b80-b8b3-56000ef50f9c,896,414,eng,-999.0,2025-08-09 01:12:13 (Central Daylight Time),13172,2,29.0,92,0.0,True,3387.0,182.0,92,2.0,adolescent,2025-07-28,training,12,,4,3.0,4,4
projectseed-bds-production,BackwardsDigitSpan-v2.0,15,1,2025-08-09 01:12:00 (Central Daylight Time),"Mozilla/5.0 (iPhone; CPU iPhone OS 18_5 like Mac OS X) AppleWebKit/605.1.15 (KHTML, like Gecko) Version/18.5 Mobile/15E148 Safari/604.1",23c8fd5a-2cef-4b80-b8b3-56000ef50f9c,896,414,eng,-999.0,2025-08-09 01:12:19 (Central Daylight Time),18639,2,37.0,73,0.0,True,1774.0,266.0,73,0.999999999998181,adolescent,2025-07-28,training,12,,4,3.0,4,4
projectseed-bds-production,BackwardsDigitSpan-v2.0,15,1,2025-08-09 01:12:00 (Central Daylight Time),"Mozilla/5.0 (iPhone; CPU iPhone OS 18_5 like Mac OS X) AppleWebKit/605.1.15 (KHTML, like Gecko) Version/18.5 Mobile/15E148 Safari/604.1",23c8fd5a-2cef-4b80-b8b3-56000ef50f9c,896,414,eng,-999.0,2025-08-09 01:12:28 (Central Daylight Time),27521,3,465.0,564,0.0,True,3791.0,2065.0,564,1.0,adolescent,2025-07-28,training,12,,4,3.0,4,4
projectseed-bds-production,BackwardsDigitSpan-v2.0,15,1,2025-08-09 01:12:00 (Central Daylight Time),"Mozilla/5.0 (iPhone; CPU iPhone OS 18_5 like Mac OS X) AppleWebKit/605.1.15 (KHTML, like Gecko) Version/18.5 Mobile/15E148 Safari/604.1",23c8fd5a-2cef-4b80-b8b3-56000ef50f9c,896,414,eng,1.0,2025-08-09 01:12:37 (Central Daylight Time),36522,2,27.0,72,1.0,False,5275.0,314.0,71,1.0,adolescent,2025-07-28,test,12,,4,3.0,4,4
projectseed-bds-production,BackwardsDigitSpan-v2.0,15,1,2025-08-09 01:12:00 (Central Daylight Time),"Mozilla/5.0 (iPhone; CPU iPhone OS 18_5 like Mac OS X) AppleWebKit/605.1.15 (KHTML, like Gecko) Version/18.5 Mobile/15E148 Safari/604.1",23c8fd5a-2cef-4b80-b8b3-56000ef50f9c,896,414,eng,2.0,2025-08-09 01:12:43 (Central Daylight Time),42706,2,34.0,43,1.0,True,3177.0,232.0,43,0.999999999992724,adolescent,2025-07-28,test,12,,4,3.0,4,4
projectseed-bds-production,BackwardsDigitSpan-v2.0,15,1,2025-08-09 01:12:00 (Central Daylight Time),"Mozilla/5.0 (iPhone; CPU iPhone OS 18_5 like Mac OS X) AppleWebKit/605.1.15 (KHTML, like Gecko) Version/18.5 Mobile/15E148 Safari/604.1",23c8fd5a-2cef-4b80-b8b3-56000ef50f9c,896,414,eng,3.0,2025-08-09 01:12:51 (Central Daylight Time),50790,3,254.0,452,1.0,True,4076.0,1450.0,452,2.000000000007276,adolescent,2025-07-28,test,12,,4,3.0,4,4
projectseed-bds-production,BackwardsDigitSpan-v2.0,15,1,2025-08-09 01:12:00 (Central Daylight Time),"Mozilla/5.0 (iPhone; CPU iPhone OS 18_5 like Mac OS X) AppleWebKit/605.1.15 (KHTML, like Gecko) Version/18.5 Mobile/15E148 Safari/604.1",23c8fd5a-2cef-4b80-b8b3-56000ef50f9c,896,414,eng,4.0,2025-08-09 01:13:04 (Central Daylight Time),63442,4,9126.0,6219,1.0,True,7644.0,4885.0,6219,3.000000000014552,adolescent,2025-07-28,test,12,,4,3.0,4,4
projectseed-bds-production,BackwardsDigitSpan-v2.0,15,1,2025-08-09 01:12:00 (Central Daylight Time),"Mozilla/5.0 (iPhone; CPU iPhone OS 18_5 like Mac OS X) AppleWebKit/605.1.15 (KHTML, like Gecko) Version/18.5 Mobile/15E148 Safari/604.1",23c8fd5a-2cef-4b80-b8b3-56000ef50f9c,896,414,eng,5.0,2025-08-09 01:13:13 (Central Daylight Time),72641,5,63897.0,79836,1.0,False,3189.0,1917.0,79382,1.000000000014552,adolescent,2025-07-28,test,12,,4,3.0,4,4
projectseed-bds-production,BackwardsDigitSpan-v2.0,15,1,2025-08-09 01:12:00 (Central Daylight Time),"Mozilla/5.0 (iPhone; CPU iPhone OS 18_5 like Mac OS X) AppleWebKit/605.1.15 (KHTML, like Gecko) Version/18.5 Mobile/15E148 Safari/604.1",23c8fd5a-2cef-4b80-b8b3-56000ef50f9c,896,414,eng,6.0,2025-08-09 01:13:21 (Central Daylight Time),80558,5,17586.0,68571,1.0,False,1907.0,999.0,87234,0.0,adolescent,2025-07-28,test,12,,4,3.0,4,4
projectseed-bds-production,BackwardsDigitSpan-v2.0,15,1,2025-08-09 01:12:00 (Central Daylight Time),"Mozilla/5.0 (iPhone; CPU iPhone OS 18_5 like Mac OS X) AppleWebKit/605.1.15 (KHTML, like Gecko) Version/18.5 Mobile/15E148 Safari/604.1",23c8fd5a-2cef-4b80-b8b3-56000ef50f9c,896,414,eng,7.0,2025-08-09 01:13:27 (Central Daylight Time),86874,4,3204.0,4023,1.0,False,1307.0,633.0,9994,0.9999999999854481,adolescent,2025-07-28,test,12,,4,3.0,4,4
projectseed-bds-production,BackwardsDigitSpan-v2.0,15,1,2025-08-09 01:12:00 (Central Daylight Time),"Mozilla/5.0 (iPhone; CPU iPhone OS 18_5 like Mac OS X) AppleWebKit/605.1.15 (KHTML, like Gecko) Version/18.5 Mobile/15E148 Safari/604.1",23c8fd5a-2cef-4b80-b8b3-56000ef50f9c,896,414,eng,8.0,2025-08-09 01:13:33 (Central Daylight Time),92824,4,9523.0,3259,1.0,False,940.0,765.0,8884,2.0,adolescent,2025-07-28,test,12,,4,3.0,4,4
projectseed-bds-production,BackwardsDigitSpan-v2.0,15,1,2025-08-09 01:12:00 (Central Daylight Time),"Mozilla/5.0 (iPhone; CPU iPhone OS 18_5 like Mac OS X) AppleWebKit/605.1.15 (KHTML, like Gecko) Version/18.5 Mobile/15E148 Safari/604.1",23c8fd5a-2cef-4b80-b8b3-56000ef50f9c,896,414,eng,9.0,2025-08-09 01:13:39 (Central Daylight Time),98877,3,471.0,174,1.0,False,2045.0,467.0,338,0.9999999999854481,adolescent,2025-07-28,test,12,,4,3.0,4,4
projectseed-bds-production,BackwardsDigitSpan-v2.0,15,1,2025-08-09 01:12:00 (Central Daylight Time),"Mozilla/5.0 (iPhone; CPU iPhone OS 18_5 like Mac OS X) AppleWebKit/605.1.15 (KHTML, like Gecko) Version/18.5 Mobile/15E148 Safari/604.1",23c8fd5a-2cef-4b80-b8b3-56000ef50f9c,896,414,eng,10.0,2025-08-09 01:13:46 (Central Daylight Time),105610,3,584.0,485,1.0,False,2725.0,634.0,344,1.0,adolescent,2025-07-28,test,12,,4,3.0,4,4
projectseed-bds-production,BackwardsDigitSpan-v2.0,15,1,2025-08-09 01:12:00 (Central Daylight Time),"Mozilla/5.0 (iPhone; CPU iPhone OS 18_5 like Mac OS X) AppleWebKit/605.1.15 (KHTML, like Gecko) Version/18.5 Mobile/15E148 Safari/604.1",23c8fd5a-2cef-4b80-b8b3-56000ef50f9c,896,414,eng,11.0,2025-08-09 01:13:52 (Central Daylight Time),112260,2,19.0,91,1.0,False,3645.0,467.0,88,1.0,adolescent,2025-07-28,test,12,,4,3.0,4,4
projectseed-bds-production,BackwardsDigitSpan-v2.0,15,1,2025-08-09 01:12:00 (Central Daylight Time),"Mozilla/5.0 (iPhone; CPU iPhone OS 18_5 like Mac OS X) AppleWebKit/605.1.15 (KHTML, like Gecko) Version/18.5 Mobile/15E148 Safari/604.1",23c8fd5a-2cef-4b80-b8b3-56000ef50f9c,896,414,eng,12.0,2025-08-09 01:13:58 (Central Daylight Time),118075,2,57.0,75,1.0,True,2809.0,1132.0,75,0.0,adolescent,2025-07-28,test,12,,4,3.0,4,4
projectseed-bds-production,BackwardsDigitSpan-v2.0,15,1,2025-08-09 01:12:00 (Central Daylight Time),"Mozilla/5.0 (iPhone; CPU iPhone OS 18_5 like Mac OS X) AppleWebKit/605.1.15 (KHTML, like Gecko) Version/18.5 Mobile/15E148 Safari/604.1",23c8fd5a-2cef-4b80-b8b3-56000ef50f9c,896,414,eng,13.0,2025-08-09 01:14:05 (Central Daylight Time),125059,3,849.0,948,1.0,True,2976.0,1083.0,948,0.9999999999854481,adolescent,2025-07-28,test,12,,4,3.0,4,4
projectseed-bds-production,BackwardsDigitSpan-v2.0,15,1,2025-08-09 01:12:00 (Central Daylight Time),"Mozilla/5.0 (iPhone; CPU iPhone OS 18_5 like Mac OS X) AppleWebKit/605.1.15 (KHTML, like Gecko) Version/18.5 Mobile/15E148 Safari/604.1",23c8fd5a-2cef-4b80-b8b3-56000ef50f9c,896,414,eng,14.0,2025-08-09 01:14:16 (Central Daylight Time),135327,4,2981.0,1892,1.0,True,5258.0,2816.0,1892,1.0,adolescent,2025-07-28,test,12,,4,3.0,4,4
projectseed-bds-production,BackwardsDigitSpan-v2.0,16,1,2025-08-10 13:51:36 (Central Daylight Time),"Mozilla/5.0 (iPhone; CPU iPhone OS 18_5 like Mac OS X) AppleWebKit/605.1.15 (KHTML, like Gecko) Version/18.5 Mobile/15E148 Safari/604.1",3e4b6fff-8d14-46d0-b1f1-89d0a849224d,932,430,eng,-999.0,2025-08-10 13:51:58 (Central Daylight Time),21768,2,32.0,23,0.0,True,2131.0,548.0,23,1.0,adolescent,2025-06-16,training,0,,-999,-999.0,-999,-999
projectseed-bds-production,BackwardsDigitSpan-v2.0,16,1,2025-08-10 13:51:36 (Central Daylight Time),"Mozilla/5.0 (iPhone; CPU iPhone OS 18_5 like Mac OS X) AppleWebKit/605.1.15 (KHTML, like Gecko) Version/18.5 Mobile/15E148 Safari/604.1",3e4b6fff-8d14-46d0-b1f1-89d0a849224d,932,430,eng,-999.0,2025-08-10 13:52:04 (Central Daylight Time),28027,2,91.0,19,0.0,True,2320.0,465.0,19,0.999999999996362,adolescent,2025-06-16,training,0,,-999,-999.0,-999,-999
projectseed-bds-production,BackwardsDigitSpan-v2.0,16,1,2025-08-10 13:51:36 (Central Daylight Time),"Mozilla/5.0 (iPhone; CPU iPhone OS 18_5 like Mac OS X) AppleWebKit/605.1.15 (KHTML, like Gecko) Version/18.5 Mobile/15E148 Safari/604.1",3e4b6fff-8d14-46d0-b1f1-89d0a849224d,932,430,eng,-999.0,2025-08-10 13:52:11 (Central Daylight Time),35402,3,824.0,428,0.0,True,2435.0,1014.0,428,0.0,adolescent,2025-06-16,training,0,,-999,-999.0,-999,-999
projectseed-bds-production,BackwardsDigitSpan-v2.0,16,1,2025-08-18 22:02:03 (Central Daylight Time),"Mozilla/5.0 (Macintosh; Intel Mac OS X 10_15_7) AppleWebKit/605.1.15 (KHTML, like Gecko) Version/18.6 Safari/605.1.15",1df70667-720c-4e13-9d71-ef541bbe962e,1376,1032,eng,-999.0,2025-08-18 22:02:16 (Central Daylight Time),12966,2,51.0,15,0.0,True,2345.0,868.0,15,0.0,adolescent,2025-08-11,training,8,,6,5.6667,4,3
projectseed-bds-production,BackwardsDigitSpan-v2.0,16,1,2025-08-18 22:02:03 (Central Daylight Time),"Mozilla/5.0 (Macintosh; Intel Mac OS X 10_15_7) AppleWebKit/605.1.15 (KHTML, like Gecko) Version/18.6 Safari/605.1.15",1df70667-720c-4e13-9d71-ef541bbe962e,1376,1032,eng,-999.0,2025-08-18 22:02:27 (Central Daylight Time),24033,2,35.0,53,0.0,True,6893.0,732.0,53,1.0,adolescent,2025-08-11,training,8,,6,5.6667,4,3
projectseed-bds-production,BackwardsDigitSpan-v2.0,16,1,2025-08-18 22:02:03 (Central Daylight Time),"Mozilla/5.0 (Macintosh; Intel Mac OS X 10_15_7) AppleWebKit/605.1.15 (KHTML, like Gecko) Version/18.6 Safari/605.1.15",1df70667-720c-4e13-9d71-ef541bbe962e,1376,1032,eng,-999.0,2025-08-18 22:02:35 (Central Daylight Time),32799,3,123.0,321,0.0,False,3159.0,2333.0,313,2.0,adolescent,2025-08-11,training,8,,6,5.6667,4,3
projectseed-bds-production,BackwardsDigitSpan-v2.0,16,1,2025-08-18 22:02:03 (Central Daylight Time),"Mozilla/5.0 (Macintosh; Intel Mac OS X 10_15_7) AppleWebKit/605.1.15 (KHTML, like Gecko) Version/18.6 Safari/605.1.15",1df70667-720c-4e13-9d71-ef541bbe962e,1376,1032,eng,-999.0,2025-08-18 22:02:43 (Central Daylight Time),39949,2,24.0,42,0.0,True,3145.0,734.0,42,1.0,adolescent,2025-08-11,training,8,,6,5.6667,4,3
projectseed-bds-production,BackwardsDigitSpan-v2.0,16,1,2025-08-18 22:02:03 (Central Daylight Time),"Mozilla/5.0 (Macintosh; Intel Mac OS X 10_15_7) AppleWebKit/605.1.15 (KHTML, like Gecko) Version/18.6 Safari/605.1.15",1df70667-720c-4e13-9d71-ef541bbe962e,1376,1032,eng,-999.0,2025-08-18 22:02:48 (Central Daylight Time),45165,2,78.0,87,0.0,True,1411.0,283.0,87,0.0,adolescent,2025-08-11,training,8,,6,5.6667,4,3
projectseed-bds-production,BackwardsDigitSpan-v2.0,16,1,2025-08-18 22:02:03 (Central Daylight Time),"Mozilla/5.0 (Macintosh; Intel Mac OS X 10_15_7) AppleWebKit/605.1.15 (KHTML, like Gecko) Version/18.6 Safari/605.1.15",1df70667-720c-4e13-9d71-ef541bbe962e,1376,1032,eng,1.0,2025-08-18 22:02:53 (Central Daylight Time),50815,2,71.0,17,1.0,True,1744.0,349.0,17,1.0,adolescent,2025-08-11,test,8,,6,5.6667,4,3
projectseed-bds-production,BackwardsDigitSpan-v2.0,16,1,2025-08-18 22:02:03 (Central Daylight Time),"Mozilla/5.0 (Macintosh; Intel Mac OS X 10_15_7) AppleWebKit/605.1.15 (KHTML, like Gecko) Version/18.6 Safari/605.1.15",1df70667-720c-4e13-9d71-ef541bbe962e,1376,1032,eng,2.0,2025-08-18 22:03:02 (Central Daylight Time),59666,3,893.0,398,1.0,True,4845.0,717.0,398,0.0,adolescent,2025-08-11,test,8,,6,5.6667,4,3
projectseed-bds-production,BackwardsDigitSpan-v2.0,16,1,2025-08-18 22:02:03 (Central Daylight Time),"Mozilla/5.0 (Macintosh; Intel Mac OS X 10_15_7) AppleWebKit/605.1.15 (KHTML, like Gecko) Version/18.6 Safari/605.1.15",1df70667-720c-4e13-9d71-ef541bbe962e,1376,1032,eng,3.0,2025-08-18 22:03:12 (Central Daylight Time),69699,4,5782.0,2875,1.0,True,5026.0,2150.0,2875,0.0,adolescent,2025-08-11,test,8,,6,5.6667,4,3
projectseed-bds-production,BackwardsDigitSpan-v2.0,16,1,2025-08-18 22:02:03 (Central Daylight Time),"Mozilla/5.0 (Macintosh; Intel Mac OS X 10_15_7) AppleWebKit/605.1.15 (KHTML, like Gecko) Version/18.6 Safari/605.1.15",1df70667-720c-4e13-9d71-ef541bbe962e,1376,1032,eng,4.0,2025-08-18 22:03:22 (Central Daylight Time),79399,5,72453.0,35427,1.0,False,3692.0,2417.0,35472,1.0,adolescent,2025-08-11,test,8,,6,5.6667,4,3
projectseed-bds-production,BackwardsDigitSpan-v2.0,16,1,2025-08-18 22:02:03 (Central Daylight Time),"Mozilla/5.0 (Macintosh; Intel Mac OS X 10_15_7) AppleWebKit/605.1.15 (KHTML, like Gecko) Version/18.6 Safari/605.1.15",1df70667-720c-4e13-9d71-ef541bbe962e,1376,1032,eng,5.0,2025-08-18 22:03:35 (Central Daylight Time),91938,5,83529.0,92538,1.0,False,6527.0,5085.0,92537,2.0,adolescent,2025-08-11,test,8,,6,5.6667,4,3
projectseed-bds-production,BackwardsDigitSpan-v2.0,16,1,2025-08-18 22:02:03 (Central Daylight Time),"Mozilla/5.0 (Macintosh; Intel Mac OS X 10_15_7) AppleWebKit/605.1.15 (KHTML, like Gecko) Version/18.6 Safari/605.1.15",1df70667-720c-4e13-9d71-ef541bbe962e,1376,1032,eng,6.0,2025-08-18 22:03:49 (Central Daylight Time),105958,4,1892.0,2981,1.0,True,9011.0,3034.0,2981,1.999999999985448,adolescent,2025-08-11,test,8,,6,5.6667,4,3
projectseed-bds-production,BackwardsDigitSpan-v2.0,16,1,2025-08-18 22:02:03 (Central Daylight Time),"Mozilla/5.0 (Macintosh; Intel Mac OS X 10_15_7) AppleWebKit/605.1.15 (KHTML, like Gecko) Version/18.6 Safari/605.1.15",1df70667-720c-4e13-9d71-ef541bbe962e,1376,1032,eng,7.0,2025-08-18 22:04:12 (Central Daylight Time),129810,5,61409.0,90416,1.0,False,17844.0,14018.0,90146,1.0,adolescent,2025-08-11,test,8,,6,5.6667,4,3
projectseed-bds-production,BackwardsDigitSpan-v2.0,16,1,2025-08-18 22:02:03 (Central Daylight Time),"Mozilla/5.0 (Macintosh; Intel Mac OS X 10_15_7) AppleWebKit/605.1.15 (KHTML, like Gecko) Version/18.6 Safari/605.1.15",1df70667-720c-4e13-9d71-ef541bbe962e,1376,1032,eng,8.0,2025-08-18 22:04:32 (Central Daylight Time),149760,5,46753.0,35764,1.0,False,13941.0,8983.0,37654,2.0,adolescent,2025-08-11,test,8,,6,5.6667,4,3
projectseed-bds-production,BackwardsDigitSpan-v2.0,16,1,2025-08-18 22:02:03 (Central Daylight Time),"Mozilla/5.0 (Macintosh; Intel Mac OS X 10_15_7) AppleWebKit/605.1.15 (KHTML, like Gecko) Version/18.6 Safari/605.1.15",1df70667-720c-4e13-9d71-ef541bbe962e,1376,1032,eng,9.0,2025-08-18 22:04:45 (Central Daylight Time),162492,4,3986.0,6893,1.0,True,7725.0,1299.0,6893,0.0,adolescent,2025-08-11,test,8,,6,5.6667,4,3
projectseed-bds-production,BackwardsDigitSpan-v2.0,16,1,2025-08-18 22:02:03 (Central Daylight Time),"Mozilla/5.0 (Macintosh; Intel Mac OS X 10_15_7) AppleWebKit/605.1.15 (KHTML, like Gecko) Version/18.6 Safari/605.1.15",1df70667-720c-4e13-9d71-ef541bbe962e,1376,1032,eng,10.0,2025-08-18 22:05:00 (Central Daylight Time),177209,5,82394.0,49328,1.0,False,8708.0,5698.0,49238,1.0,adolescent,2025-08-11,test,8,,6,5.6667,4,3
projectseed-bds-production,BackwardsDigitSpan-v2.0,16,1,2025-08-18 22:02:03 (Central Daylight Time),"Mozilla/5.0 (Macintosh; Intel Mac OS X 10_15_7) AppleWebKit/605.1.15 (KHTML, like Gecko) Version/18.6 Safari/605.1.15",1df70667-720c-4e13-9d71-ef541bbe962e,1376,1032,eng,11.0,2025-08-18 22:05:11 (Central Daylight Time),188276,5,94023.0,32049,1.0,True,5059.0,2749.0,32049,2.999999999970896,adolescent,2025-08-11,test,8,,6,5.6667,4,3
projectseed-bds-production,BackwardsDigitSpan-v2.0,16,1,2025-08-18 22:02:03 (Central Daylight Time),"Mozilla/5.0 (Macintosh; Intel Mac OS X 10_15_7) AppleWebKit/605.1.15 (KHTML, like Gecko) Version/18.6 Safari/605.1.15",1df70667-720c-4e13-9d71-ef541bbe962e,1376,1032,eng,12.0,2025-08-18 22:05:25 (Central Daylight Time),201909,6,503827.0,728305,1.0,True,6622.0,5299.0,728305,0.0,adolescent,2025-08-11,test,8,,6,5.6667,4,3
projectseed-bds-production,BackwardsDigitSpan-v2.0,16,1,2025-08-18 22:02:03 (Central Daylight Time),"Mozilla/5.0 (Macintosh; Intel Mac OS X 10_15_7) AppleWebKit/605.1.15 (KHTML, like Gecko) Version/18.6 Safari/605.1.15",1df70667-720c-4e13-9d71-ef541bbe962e,1376,1032,eng,13.0,2025-08-18 22:05:41 (Central Daylight Time),218693,7,7053418.0,8143507,1.0,False,8772.0,7600.0,8143053,0.9999999999708962,adolescent,2025-08-11,test,8,,6,5.6667,4,3
projectseed-bds-production,BackwardsDigitSpan-v2.0,16,1,2025-08-18 22:02:03 (Central Daylight Time),"Mozilla/5.0 (Macintosh; Intel Mac OS X 10_15_7) AppleWebKit/605.1.15 (KHTML, like Gecko) Version/18.6 Safari/605.1.15",1df70667-720c-4e13-9d71-ef541bbe962e,1376,1032,eng,14.0,2025-08-18 22:05:58 (Central Daylight Time),235493,7,7384296.0,6924837,1.0,False,8790.0,6232.0,6923847,1.0000000000291038,adolescent,2025-08-11,test,8,,6,5.6667,4,3
projectseed-bds-production,BackwardsDigitSpan-v2.0,16,1,2025-08-19 23:13:23 (Central Daylight Time),"Mozilla/5.0 (Macintosh; Intel Mac OS X 10_15_7) AppleWebKit/605.1.15 (KHTML, like Gecko) Version/18.6 Safari/605.1.15",94cfb690-c903-454d-af0f-61eb8b1f1dd3,1376,1032,eng,-999.0,2025-08-19 23:13:36 (Central Daylight Time),13279,2,38.0,83,0.0,False,2876.0,282.0,12,1.0,adolescent,2025-08-11,training,9,,7,5.5833,7,9
projectseed-bds-production,BackwardsDigitSpan-v2.0,16,1,2025-08-19 23:13:23 (Central Daylight Time),"Mozilla/5.0 (Macintosh; Intel Mac OS X 10_15_7) AppleWebKit/605.1.15 (KHTML, like Gecko) Version/18.6 Safari/605.1.15",94cfb690-c903-454d-af0f-61eb8b1f1dd3,1376,1032,eng,-999.0,2025-08-19 23:13:42 (Central Daylight Time),18979,2,24.0,42,0.0,False,1576.0,333.0,24,2.999999999996362,adolescent,2025-08-11,training,9,,7,5.5833,7,9
projectseed-bds-production,BackwardsDigitSpan-v2.0,16,1,2025-08-19 23:13:23 (Central Daylight Time),"Mozilla/5.0 (Macintosh; Intel Mac OS X 10_15_7) AppleWebKit/605.1.15 (KHTML, like Gecko) Version/18.6 Safari/605.1.15",94cfb690-c903-454d-af0f-61eb8b1f1dd3,1376,1032,eng,-999.0,2025-08-19 23:13:50 (Central Daylight Time),26946,3,678.0,876,0.0,True,2810.0,482.0,876,2.0,adolescent,2025-08-11,training,9,,7,5.5833,7,9
projectseed-bds-production,BackwardsDigitSpan-v2.0,16,1,2025-08-19 23:13:23 (Central Daylight Time),"Mozilla/5.0 (Macintosh; Intel Mac OS X 10_15_7) AppleWebKit/605.1.15 (KHTML, like Gecko) Version/18.6 Safari/605.1.15",94cfb690-c903-454d-af0f-61eb8b1f1dd3,1376,1032,eng,-999.0,2025-08-19 23:13:55 (Central Daylight Time),32179,2,12.0,21,0.0,True,1228.0,200.0,21,0.0,adolescent,2025-08-11,training,9,,7,5.5833,7,9
projectseed-bds-production,BackwardsDigitSpan-v2.0,16,1,2025-08-19 23:13:23 (Central Daylight Time),"Mozilla/5.0 (Macintosh; Intel Mac OS X 10_15_7) AppleWebKit/605.1.15 (KHTML, like Gecko) Version/18.6 Safari/605.1.15",94cfb690-c903-454d-af0f-61eb8b1f1dd3,1376,1032,eng,-999.0,2025-08-19 23:14:01 (Central Daylight Time),38345,2,36.0,63,0.0,True,2278.0,282.0,63,0.0,adolescent,2025-08-11,training,9,,7,5.5833,7,9
projectseed-bds-production,BackwardsDigitSpan-v2.0,16,1,2025-08-19 23:13:23 (Central Daylight Time),"Mozilla/5.0 (Macintosh; Intel Mac OS X 10_15_7) AppleWebKit/605.1.15 (KHTML, like Gecko) Version/18.6 Safari/605.1.15",94cfb690-c903-454d-af0f-61eb8b1f1dd3,1376,1032,eng,-999.0,2025-08-19 23:14:10 (Central Daylight Time),47062,3,296.0,692,0.0,True,3884.0,1188.0,692,1.0,adolescent,2025-08-11,training,9,,7,5.5833,7,9
projectseed-bds-production,BackwardsDigitSpan-v2.0,16,1,2025-08-19 23:13:23 (Central Daylight Time),"Mozilla/5.0 (Macintosh; Intel Mac OS X 10_15_7) AppleWebKit/605.1.15 (KHTML, like Gecko) Version/18.6 Safari/605.1.15",94cfb690-c903-454d-af0f-61eb8b1f1dd3,1376,1032,eng,-999.0,2025-08-19 23:14:15 (Central Daylight Time),52561,2,58.0,85,0.0,True,1729.0,316.0,85,0.0,adolescent,2025-08-11,training,9,,7,5.5833,7,9
projectseed-bds-production,BackwardsDigitSpan-v2.0,16,1,2025-08-19 23:13:23 (Central Daylight Time),"Mozilla/5.0 (Macintosh; Intel Mac OS X 10_15_7) AppleWebKit/605.1.15 (KHTML, like Gecko) Version/18.6 Safari/605.1.15",94cfb690-c903-454d-af0f-61eb8b1f1dd3,1376,1032,eng,-999.0,2025-08-19 23:14:21 (Central Daylight Time),57978,2,27.0,72,0.0,True,1396.0,267.0,72,1.0,adolescent,2025-08-11,training,9,,7,5.5833,7,9
projectseed-bds-production,BackwardsDigitSpan-v2.0,16,1,2025-08-19 23:13:23 (Central Daylight Time),"Mozilla/5.0 (Macintosh; Intel Mac OS X 10_15_7) AppleWebKit/605.1.15 (KHTML, like Gecko) Version/18.6 Safari/605.1.15",94cfb690-c903-454d-af0f-61eb8b1f1dd3,1376,1032,eng,-999.0,2025-08-19 23:14:29 (Central Daylight Time),66145,3,956.0,659,0.0,True,3212.0,933.0,659,1.0,adolescent,2025-08-11,training,9,,7,5.5833,7,9
projectseed-bds-production,BackwardsDigitSpan-v2.0,16,1,2025-08-19 23:13:23 (Central Daylight Time),"Mozilla/5.0 (Macintosh; Intel Mac OS X 10_15_7) AppleWebKit/605.1.15 (KHTML, like Gecko) Version/18.6 Safari/605.1.15",94cfb690-c903-454d-af0f-61eb8b1f1dd3,1376,1032,eng,-999.0,2025-08-19 23:14:38 (Central Daylight Time),75045,2,38.0,83,0.0,True,4530.0,2816.0,83,1.0,adolescent,2025-08-11,training,9,,7,5.5833,7,9
projectseed-bds-production,BackwardsDigitSpan-v2.0,16,1,2025-08-19 23:13:23 (Central Daylight Time),"Mozilla/5.0 (Macintosh; Intel Mac OS X 10_15_7) AppleWebKit/605.1.15 (KHTML, like Gecko) Version/18.6 Safari/605.1.15",94cfb690-c903-454d-af0f-61eb8b1f1dd3,1376,1032,eng,1.0,2025-08-19 23:15:06 (Central Daylight Time),102928,2,35.0,53,1.0,True,1694.0,317.0,53,0.9999999999854481,adolescent,2025-08-11,test,9,,7,5.5833,7,9
projectseed-bds-production,BackwardsDigitSpan-v2.0,16,1,2025-08-19 23:13:23 (Central Daylight Time),"Mozilla/5.0 (Macintosh; Intel Mac OS X 10_15_7) AppleWebKit/605.1.15 (KHTML, like Gecko) Version/18.6 Safari/605.1.15",94cfb690-c903-454d-af0f-61eb8b1f1dd3,1376,1032,eng,2.0,2025-08-19 23:15:14 (Central Daylight Time),110678,3,374.0,473,1.0,True,3744.0,632.0,473,0.0,adolescent,2025-08-11,test,9,,7,5.5833,7,9
projectseed-bds-production,BackwardsDigitSpan-v2.0,16,1,2025-08-19 23:13:23 (Central Daylight Time),"Mozilla/5.0 (Macintosh; Intel Mac OS X 10_15_7) AppleWebKit/605.1.15 (KHTML, like Gecko) Version/18.6 Safari/605.1.15",94cfb690-c903-454d-af0f-61eb8b1f1dd3,1376,1032,eng,3.0,2025-08-19 23:15:27 (Central Daylight Time),123961,4,4279.0,9724,1.0,False,8276.0,5883.0,7942,0.0,adolescent,2025-08-11,test,9,,7,5.5833,7,9
projectseed-bds-production,BackwardsDigitSpan-v2.0,16,1,2025-08-19 23:13:23 (Central Daylight Time),"Mozilla/5.0 (Macintosh; Intel Mac OS X 10_15_7) AppleWebKit/605.1.15 (KHTML, like Gecko) Version/18.6 Safari/605.1.15",94cfb690-c903-454d-af0f-61eb8b1f1dd3,1376,1032,eng,4.0,2025-08-19 23:15:41 (Central Daylight Time),138478,4,1876.0,6781,1.0,True,9509.0,4800.0,6781,1.0,adolescent,2025-08-11,test,9,,7,5.5833,7,9
projectseed-bds-production,BackwardsDigitSpan-v2.0,16,1,2025-08-19 23:13:23 (Central Daylight Time),"Mozilla/5.0 (Macintosh; Intel Mac OS X 10_15_7) AppleWebKit/605.1.15 (KHTML, like Gecko) Version/18.6 Safari/605.1.15",94cfb690-c903-454d-af0f-61eb8b1f1dd3,1376,1032,eng,5.0,2025-08-19 23:16:07 (Central Daylight Time),163977,5,46759.0,95764,1.0,True,19490.0,5399.0,95764,1.0,adolescent,2025-08-11,test,9,,7,5.5833,7,9
projectseed-bds-production,BackwardsDigitSpan-v2.0,16,1,2025-08-19 23:13:23 (Central Daylight Time),"Mozilla/5.0 (Macintosh; Intel Mac OS X 10_15_7) AppleWebKit/605.1.15 (KHTML, like Gecko) Version/18.6 Safari/605.1.15",94cfb690-c903-454d-af0f-61eb8b1f1dd3,1376,1032,eng,6.0,2025-08-19 23:16:20 (Central Daylight Time),177411,6,309156.0,651903,1.0,False,6423.0,4716.0,651943,1.0,adolescent,2025-08-11,test,9,,7,5.5833,7,9
projectseed-bds-production,BackwardsDigitSpan-v2.0,16,1,2025-08-19 23:13:23 (Central Daylight Time),"Mozilla/5.0 (Macintosh; Intel Mac OS X 10_15_7) AppleWebKit/605.1.15 (KHTML, like Gecko) Version/18.6 Safari/605.1.15",94cfb690-c903-454d-af0f-61eb8b1f1dd3,1376,1032,eng,7.0,2025-08-19 23:16:34 (Central Daylight Time),191061,6,873025.0,520378,1.0,True,6640.0,4916.0,520378,1.0,adolescent,2025-08-11,test,9,,7,5.5833,7,9
projectseed-bds-production,BackwardsDigitSpan-v2.0,16,1,2025-08-19 23:13:23 (Central Daylight Time),"Mozilla/5.0 (Macintosh; Intel Mac OS X 10_15_7) AppleWebKit/605.1.15 (KHTML, like Gecko) Version/18.6 Safari/605.1.15",94cfb690-c903-454d-af0f-61eb8b1f1dd3,1376,1032,eng,8.0,2025-08-19 23:16:58 (Central Daylight Time),214699,7,1432769.0,9672341,1.0,False,15626.0,14321.0,9677241,0.0,adolescent,2025-08-11,test,9,,7,5.5833,7,9
projectseed-bds-production,BackwardsDigitSpan-v2.0,16,1,2025-08-19 23:13:23 (Central Daylight Time),"Mozilla/5.0 (Macintosh; Intel Mac OS X 10_15_7) AppleWebKit/605.1.15 (KHTML, like Gecko) Version/18.6 Safari/605.1.15",94cfb690-c903-454d-af0f-61eb8b1f1dd3,1376,1032,eng,9.0,2025-08-19 23:17:19 (Central Daylight Time),235760,7,3715624.0,4265173,1.0,True,13051.0,11849.0,4265173,2.000000000029104,adolescent,2025-08-11,test,9,,7,5.5833,7,9
projectseed-bds-production,BackwardsDigitSpan-v2.0,16,1,2025-08-19 23:13:23 (Central Daylight Time),"Mozilla/5.0 (Macintosh; Intel Mac OS X 10_15_7) AppleWebKit/605.1.15 (KHTML, like Gecko) Version/18.6 Safari/605.1.15",94cfb690-c903-454d-af0f-61eb8b1f1dd3,1376,1032,eng,10.0,2025-08-19 23:17:40 (Central Daylight Time),257426,8,21890365.0,56309812,1.0,False,12653.0,11284.0,56037891,1.0,adolescent,2025-08-11,test,9,,7,5.5833,7,9
projectseed-bds-production,BackwardsDigitSpan-v2.0,16,1,2025-08-19 23:13:23 (Central Daylight Time),"Mozilla/5.0 (Macintosh; Intel Mac OS X 10_15_7) AppleWebKit/605.1.15 (KHTML, like Gecko) Version/18.6 Safari/605.1.15",94cfb690-c903-454d-af0f-61eb8b1f1dd3,1376,1032,eng,11.0,2025-08-19 23:18:08 (Central Daylight Time),284693,8,35412089.0,98021453,1.0,False,18255.0,8466.0,82904873,1.9999999999708962,adolescent,2025-08-11,test,9,,7,5.5833,7,9
projectseed-bds-production,BackwardsDigitSpan-v2.0,16,1,2025-08-19 23:13:23 (Central Daylight Time),"Mozilla/5.0 (Macintosh; Intel Mac OS X 10_15_7) AppleWebKit/605.1.15 (KHTML, like Gecko) Version/18.6 Safari/605.1.15",94cfb690-c903-454d-af0f-61eb8b1f1dd3,1376,1032,eng,12.0,2025-08-19 23:18:21 (Central Daylight Time),298143,7,3801956.0,6591083,1.0,False,5438.0,3717.0,6590381,3.0,adolescent,2025-08-11,test,9,,7,5.5833,7,9
projectseed-bds-production,BackwardsDigitSpan-v2.0,16,1,2025-08-19 23:13:23 (Central Daylight Time),"Mozilla/5.0 (Macintosh; Intel Mac OS X 10_15_7) AppleWebKit/605.1.15 (KHTML, like Gecko) Version/18.6 Safari/605.1.15",94cfb690-c903-454d-af0f-61eb8b1f1dd3,1376,1032,eng,13.0,2025-08-19 23:18:37 (Central Daylight Time),313743,7,7514803.0,3084157,1.0,False,7590.0,6416.0,3087303,1.0,adolescent,2025-08-11,test,9,,7,5.5833,7,9
projectseed-bds-production,BackwardsDigitSpan-v2.0,16,1,2025-08-19 23:13:23 (Central Daylight Time),"Mozilla/5.0 (Macintosh; Intel Mac OS X 10_15_7) AppleWebKit/605.1.15 (KHTML, like Gecko) Version/18.6 Safari/605.1.15",94cfb690-c903-454d-af0f-61eb8b1f1dd3,1376,1032,eng,14.0,2025-08-19 23:18:49 (Central Daylight Time),326375,6,347681.0,186743,1.0,False,5621.0,3532.0,186730,1.0,adolescent,2025-08-11,test,9,,7,5.5833,7,9
projectseed-bds-production,BackwardsDigitSpan-v2.0,16,1,2025-08-20 22:15:50 (Central Daylight Time),"Mozilla/5.0 (iPhone; CPU iPhone OS 18_5 like Mac OS X) AppleWebKit/605.1.15 (KHTML, like Gecko) Version/18.5 Mobile/15E148 Safari/604.1",230620aa-a6cd-4d5b-9f53-833d3c479e83,932,430,eng,-999.0,2025-08-20 22:16:01 (Central Daylight Time),11099,2,18.0,81,0.0,True,2148.0,331.0,81,1.0,adolescent,2025-08-11,training,10,,4,4.3,4,3
projectseed-bds-production,BackwardsDigitSpan-v2.0,16,1,2025-08-20 22:15:50 (Central Daylight Time),"Mozilla/5.0 (iPhone; CPU iPhone OS 18_5 like Mac OS X) AppleWebKit/605.1.15 (KHTML, like Gecko) Version/18.5 Mobile/15E148 Safari/604.1",230620aa-a6cd-4d5b-9f53-833d3c479e83,932,430,eng,-999.0,2025-08-20 22:16:06 (Central Daylight Time),16310,2,49.0,94,0.0,True,1486.0,265.0,94,0.0,adolescent,2025-08-11,training,10,,4,4.3,4,3
projectseed-bds-production,BackwardsDigitSpan-v2.0,16,1,2025-08-20 22:15:50 (Central Daylight Time),"Mozilla/5.0 (iPhone; CPU iPhone OS 18_5 like Mac OS X) AppleWebKit/605.1.15 (KHTML, like Gecko) Version/18.5 Mobile/15E148 Safari/604.1",230620aa-a6cd-4d5b-9f53-833d3c479e83,932,430,eng,-999.0,2025-08-20 22:16:14 (Central Daylight Time),24450,3,382.0,283,0.0,True,3416.0,2195.0,283,1.0,adolescent,2025-08-11,training,10,,4,4.3,4,3
projectseed-bds-production,BackwardsDigitSpan-v2.0,16,1,2025-08-20 22:15:50 (Central Daylight Time),"Mozilla/5.0 (iPhone; CPU iPhone OS 18_5 like Mac OS X) AppleWebKit/605.1.15 (KHTML, like Gecko) Version/18.5 Mobile/15E148 Safari/604.1",230620aa-a6cd-4d5b-9f53-833d3c479e83,932,430,eng,1.0,2025-08-20 22:16:20 (Central Daylight Time),30359,2,63.0,36,1.0,True,2086.0,482.0,36,0.0,adolescent,2025-08-11,test,10,,4,4.3,4,3
projectseed-bds-production,BackwardsDigitSpan-v2.0,16,1,2025-08-20 22:15:50 (Central Daylight Time),"Mozilla/5.0 (iPhone; CPU iPhone OS 18_5 like Mac OS X) AppleWebKit/605.1.15 (KHTML, like Gecko) Version/18.5 Mobile/15E148 Safari/604.1",230620aa-a6cd-4d5b-9f53-833d3c479e83,932,430,eng,2.0,2025-08-20 22:16:27 (Central Daylight Time),36601,3,743.0,347,1.0,True,2234.0,1114.0,347,1.0,adolescent,2025-08-11,test,10,,4,4.3,4,3
projectseed-bds-production,BackwardsDigitSpan-v2.0,16,1,2025-08-20 22:15:50 (Central Daylight Time),"Mozilla/5.0 (iPhone; CPU iPhone OS 18_5 like Mac OS X) AppleWebKit/605.1.15 (KHTML, like Gecko) Version/18.5 Mobile/15E148 Safari/604.1",230620aa-a6cd-4d5b-9f53-833d3c479e83,932,430,eng,3.0,2025-08-20 22:16:36 (Central Daylight Time),46407,4,4816.0,6184,1.0,True,4798.0,1762.0,6184,2.0,adolescent,2025-08-11,test,10,,4,4.3,4,3
projectseed-bds-production,BackwardsDigitSpan-v2.0,16,1,2025-08-20 22:15:50 (Central Daylight Time),"Mozilla/5.0 (iPhone; CPU iPhone OS 18_5 like Mac OS X) AppleWebKit/605.1.15 (KHTML, like Gecko) Version/18.5 Mobile/15E148 Safari/604.1",230620aa-a6cd-4d5b-9f53-833d3c479e83,932,430,eng,4.0,2025-08-20 22:16:52 (Central Daylight Time),62254,5,38725.0,52783,1.0,False,9838.0,5591.0,52763,1.0,adolescent,2025-08-11,test,10,,4,4.3,4,3
projectseed-bds-production,BackwardsDigitSpan-v2.0,16,1,2025-08-20 22:15:50 (Central Daylight Time),"Mozilla/5.0 (iPhone; CPU iPhone OS 18_5 like Mac OS X) AppleWebKit/605.1.15 (KHTML, like Gecko) Version/18.5 Mobile/15E148 Safari/604.1",230620aa-a6cd-4d5b-9f53-833d3c479e83,932,430,eng,5.0,2025-08-20 22:17:06 (Central Daylight Time),75725,5,40627.0,72604,1.0,False,7461.0,3147.0,27604,2.0,adolescent,2025-08-11,test,10,,4,4.3,4,3
projectseed-bds-production,BackwardsDigitSpan-v2.0,16,1,2025-08-20 22:15:50 (Central Daylight Time),"Mozilla/5.0 (iPhone; CPU iPhone OS 18_5 like Mac OS X) AppleWebKit/605.1.15 (KHTML, like Gecko) Version/18.5 Mobile/15E148 Safari/604.1",230620aa-a6cd-4d5b-9f53-833d3c479e83,932,430,eng,6.0,2025-08-20 22:17:15 (Central Daylight Time),85047,4,6481.0,1846,1.0,True,4313.0,2496.0,1846,2.0,adolescent,2025-08-11,test,10,,4,4.3,4,3
projectseed-bds-production,BackwardsDigitSpan-v2.0,16,1,2025-08-20 22:15:50 (Central Daylight Time),"Mozilla/5.0 (iPhone; CPU iPhone OS 18_5 like Mac OS X) AppleWebKit/605.1.15 (KHTML, like Gecko) Version/18.5 Mobile/15E148 Safari/604.1",230620aa-a6cd-4d5b-9f53-833d3c479e83,932,430,eng,7.0,2025-08-20 22:17:27 (Central Daylight Time),97234,5,32548.0,84523,1.0,False,6176.0,4511.0,85423,3.0000000000436557,adolescent,2025-08-11,test,10,,4,4.3,4,3
projectseed-bds-production,BackwardsDigitSpan-v2.0,16,1,2025-08-20 22:15:50 (Central Daylight Time),"Mozilla/5.0 (iPhone; CPU iPhone OS 18_5 like Mac OS X) AppleWebKit/605.1.15 (KHTML, like Gecko) Version/18.5 Mobile/15E148 Safari/604.1",230620aa-a6cd-4d5b-9f53-833d3c479e83,932,430,eng,8.0,2025-08-20 22:17:38 (Central Daylight Time),108123,5,45189.0,98154,1.0,False,4877.0,2746.0,81548,2.0,adolescent,2025-08-11,test,10,,4,4.3,4,3
projectseed-bds-production,BackwardsDigitSpan-v2.0,16,1,2025-08-20 22:15:50 (Central Daylight Time),"Mozilla/5.0 (iPhone; CPU iPhone OS 18_5 like Mac OS X) AppleWebKit/605.1.15 (KHTML, like Gecko) Version/18.5 Mobile/15E148 Safari/604.1",230620aa-a6cd-4d5b-9f53-833d3c479e83,932,430,eng,9.0,2025-08-20 22:17:45 (Central Daylight Time),114897,4,8641.0,1468,1.0,False,1765.0,765.0,8148,2.0,adolescent,2025-08-11,test,10,,4,4.3,4,3
projectseed-bds-production,BackwardsDigitSpan-v2.0,16,1,2025-08-20 22:15:50 (Central Daylight Time),"Mozilla/5.0 (iPhone; CPU iPhone OS 18_5 like Mac OS X) AppleWebKit/605.1.15 (KHTML, like Gecko) Version/18.5 Mobile/15E148 Safari/604.1",230620aa-a6cd-4d5b-9f53-833d3c479e83,932,430,eng,10.0,2025-08-20 22:17:57 (Central Daylight Time),126548,4,2573.0,3752,1.0,True,6643.0,878.0,3752,1.0,adolescent,2025-08-11,test,10,,4,4.3,4,3
projectseed-bds-production,BackwardsDigitSpan-v2.0,16,1,2025-08-20 22:15:50 (Central Daylight Time),"Mozilla/5.0 (iPhone; CPU iPhone OS 18_5 like Mac OS X) AppleWebKit/605.1.15 (KHTML, like Gecko) Version/18.5 Mobile/15E148 Safari/604.1",230620aa-a6cd-4d5b-9f53-833d3c479e83,932,430,eng,11.0,2025-08-20 22:18:07 (Central Daylight Time),136673,5,83276.0,67238,1.0,False,4115.0,2180.0,36547,2.000000000014552,adolescent,2025-08-11,test,10,,4,4.3,4,3
projectseed-bds-production,BackwardsDigitSpan-v2.0,16,1,2025-08-20 22:15:50 (Central Daylight Time),"Mozilla/5.0 (iPhone; CPU iPhone OS 18_5 like Mac OS X) AppleWebKit/605.1.15 (KHTML, like Gecko) Version/18.5 Mobile/15E148 Safari/604.1",230620aa-a6cd-4d5b-9f53-833d3c479e83,932,430,eng,12.0,2025-08-20 22:18:16 (Central Daylight Time),145580,5,87051.0,15078,1.0,False,2897.0,1665.0,17045,2.0,adolescent,2025-08-11,test,10,,4,4.3,4,3
projectseed-bds-production,BackwardsDigitSpan-v2.0,16,1,2025-08-20 22:15:50 (Central Daylight Time),"Mozilla/5.0 (iPhone; CPU iPhone OS 18_5 like Mac OS X) AppleWebKit/605.1.15 (KHTML, like Gecko) Version/18.5 Mobile/15E148 Safari/604.1",230620aa-a6cd-4d5b-9f53-833d3c479e83,932,430,eng,13.0,2025-08-20 22:18:24 (Central Daylight Time),153688,4,2684.0,4862,1.0,True,3098.0,1497.0,4862,0.0,adolescent,2025-08-11,test,10,,4,4.3,4,3
projectseed-bds-production,BackwardsDigitSpan-v2.0,16,1,2025-08-20 22:15:50 (Central Daylight Time),"Mozilla/5.0 (iPhone; CPU iPhone OS 18_5 like Mac OS X) AppleWebKit/605.1.15 (KHTML, like Gecko) Version/18.5 Mobile/15E148 Safari/604.1",230620aa-a6cd-4d5b-9f53-833d3c479e83,932,430,eng,14.0,2025-08-20 22:18:35 (Central Daylight Time),164592,5,32084.0,48023,1.0,False,4893.0,2729.0,48032,2.0,adolescent,2025-08-11,test,10,,4,4.3,4,3
projectseed-bds-production,BackwardsDigitSpan-v2.0,16,1,2025-08-21 22:31:40 (Central Daylight Time),"Mozilla/5.0 (iPhone; CPU iPhone OS 18_5 like Mac OS X) AppleWebKit/605.1.15 (KHTML, like Gecko) Version/18.5 Mobile/15E148 Safari/604.1",dda9c2ce-0f7d-454b-8fc5-f42c4589418b,932,430,eng,-999.0,2025-08-21 22:31:54 (Central Daylight Time),13478,2,76.0,67,0.0,True,2100.0,265.0,67,1.0,adolescent,2025-08-11,training,11,,5,3.6667,5,6
projectseed-bds-production,BackwardsDigitSpan-v2.0,16,1,2025-08-21 22:31:40 (Central Daylight Time),"Mozilla/5.0 (iPhone; CPU iPhone OS 18_5 like Mac OS X) AppleWebKit/605.1.15 (KHTML, like Gecko) Version/18.5 Mobile/15E148 Safari/604.1",dda9c2ce-0f7d-454b-8fc5-f42c4589418b,932,430,eng,-999.0,2025-08-21 22:31:59 (Central Daylight Time),19305,2,13.0,31,0.0,True,2120.0,249.0,31,1.0,adolescent,2025-08-11,training,11,,5,3.6667,5,6
projectseed-bds-production,BackwardsDigitSpan-v2.0,16,1,2025-08-21 22:31:40 (Central Daylight Time),"Mozilla/5.0 (iPhone; CPU iPhone OS 18_5 like Mac OS X) AppleWebKit/605.1.15 (KHTML, like Gecko) Version/18.5 Mobile/15E148 Safari/604.1",dda9c2ce-0f7d-454b-8fc5-f42c4589418b,932,430,eng,-999.0,2025-08-21 22:32:06 (Central Daylight Time),25465,3,731.0,137,0.0,True,1572.0,633.0,137,1.999999999996362,adolescent,2025-08-11,training,11,,5,3.6667,5,6
projectseed-bds-production,BackwardsDigitSpan-v2.0,16,1,2025-08-21 22:31:40 (Central Daylight Time),"Mozilla/5.0 (iPhone; CPU iPhone OS 18_5 like Mac OS X) AppleWebKit/605.1.15 (KHTML, like Gecko) Version/18.5 Mobile/15E148 Safari/604.1",dda9c2ce-0f7d-454b-8fc5-f42c4589418b,932,430,eng,1.0,2025-08-21 22:32:11 (Central Daylight Time),30776,2,13.0,31,1.0,True,1671.0,265.0,31,0.999999999996362,adolescent,2025-08-11,test,11,,5,3.6667,5,6
projectseed-bds-production,BackwardsDigitSpan-v2.0,16,1,2025-08-21 22:31:40 (Central Daylight Time),"Mozilla/5.0 (iPhone; CPU iPhone OS 18_5 like Mac OS X) AppleWebKit/605.1.15 (KHTML, like Gecko) Version/18.5 Mobile/15E148 Safari/604.1",dda9c2ce-0f7d-454b-8fc5-f42c4589418b,932,430,eng,2.0,2025-08-21 22:32:18 (Central Daylight Time),37634,3,291.0,192,1.0,False,2850.0,1214.0,129,1.0,adolescent,2025-08-11,test,11,,5,3.6667,5,6
projectseed-bds-production,BackwardsDigitSpan-v2.0,16,1,2025-08-21 22:31:40 (Central Daylight Time),"Mozilla/5.0 (iPhone; CPU iPhone OS 18_5 like Mac OS X) AppleWebKit/605.1.15 (KHTML, like Gecko) Version/18.5 Mobile/15E148 Safari/604.1",dda9c2ce-0f7d-454b-8fc5-f42c4589418b,932,430,eng,3.0,2025-08-21 22:32:23 (Central Daylight Time),43361,3,289.0,982,1.0,True,1721.0,566.0,982,1.0,adolescent,2025-08-11,test,11,,5,3.6667,5,6
projectseed-bds-production,BackwardsDigitSpan-v2.0,16,1,2025-08-21 22:31:40 (Central Daylight Time),"Mozilla/5.0 (iPhone; CPU iPhone OS 18_5 like Mac OS X) AppleWebKit/605.1.15 (KHTML, like Gecko) Version/18.5 Mobile/15E148 Safari/604.1",dda9c2ce-0f7d-454b-8fc5-f42c4589418b,932,430,eng,4.0,2025-08-21 22:32:30 (Central Daylight Time),50337,4,1724.0,4271,1.0,True,1967.0,998.0,4271,2.0,adolescent,2025-08-11,test,11,,5,3.6667,5,6
projectseed-bds-production,BackwardsDigitSpan-v2.0,16,1,2025-08-21 22:31:40 (Central Daylight Time),"Mozilla/5.0 (iPhone; CPU iPhone OS 18_5 like Mac OS X) AppleWebKit/605.1.15 (KHTML, like Gecko) Version/18.5 Mobile/15E148 Safari/604.1",dda9c2ce-0f7d-454b-8fc5-f42c4589418b,932,430,eng,5.0,2025-08-21 22:32:40 (Central Daylight Time),59774,5,57364.0,46375,1.0,False,3427.0,1911.0,46572,2.999999999992724,adolescent,2025-08-11,test,11,,5,3.6667,5,6
projectseed-bds-production,BackwardsDigitSpan-v2.0,16,1,2025-08-21 22:31:40 (Central Daylight Time),"Mozilla/5.0 (iPhone; CPU iPhone OS 18_5 like Mac OS X) AppleWebKit/605.1.15 (KHTML, like Gecko) Version/18.5 Mobile/15E148 Safari/604.1",dda9c2ce-0f7d-454b-8fc5-f42c4589418b,932,430,eng,6.0,2025-08-21 22:32:48 (Central Daylight Time),67968,5,20713.0,31702,1.0,True,2182.0,1231.0,31702,1.000000000007276,adolescent,2025-08-11,test,11,,5,3.6667,5,6
projectseed-bds-production,BackwardsDigitSpan-v2.0,16,1,2025-08-21 22:31:40 (Central Daylight Time),"Mozilla/5.0 (iPhone; CPU iPhone OS 18_5 like Mac OS X) AppleWebKit/605.1.15 (KHTML, like Gecko) Version/18.5 Mobile/15E148 Safari/604.1",dda9c2ce-0f7d-454b-8fc5-f42c4589418b,932,430,eng,7.0,2025-08-21 22:33:00 (Central Daylight Time),79937,6,601725.0,527106,1.0,False,4957.0,4345.0,964253,1.0,adolescent,2025-08-11,test,11,,5,3.6667,5,6
projectseed-bds-production,BackwardsDigitSpan-v2.0,16,1,2025-08-21 22:31:40 (Central Daylight Time),"Mozilla/5.0 (iPhone; CPU iPhone OS 18_5 like Mac OS X) AppleWebKit/605.1.15 (KHTML, like Gecko) Version/18.5 Mobile/15E148 Safari/604.1",dda9c2ce-0f7d-454b-8fc5-f42c4589418b,932,430,eng,8.0,2025-08-21 22:33:15 (Central Daylight Time),94986,6,584912.0,219485,1.0,False,8036.0,2547.0,349825,1.0,adolescent,2025-08-11,test,11,,5,3.6667,5,6
projectseed-bds-production,BackwardsDigitSpan-v2.0,16,1,2025-08-21 22:31:40 (Central Daylight Time),"Mozilla/5.0 (iPhone; CPU iPhone OS 18_5 like Mac OS X) AppleWebKit/605.1.15 (KHTML, like Gecko) Version/18.5 Mobile/15E148 Safari/604.1",dda9c2ce-0f7d-454b-8fc5-f42c4589418b,932,430,eng,9.0,2025-08-21 22:33:29 (Central Daylight Time),108739,5,74082.0,28047,1.0,False,7743.0,1315.0,95183,0.9999999999854481,adolescent,2025-08-11,test,11,,5,3.6667,5,6
projectseed-bds-production,BackwardsDigitSpan-v2.0,16,1,2025-08-21 22:31:40 (Central Daylight Time),"Mozilla/5.0 (iPhone; CPU iPhone OS 18_5 like Mac OS X) AppleWebKit/605.1.15 (KHTML, like Gecko) Version/18.5 Mobile/15E148 Safari/604.1",dda9c2ce-0f7d-454b-8fc5-f42c4589418b,932,430,eng,10.0,2025-08-21 22:33:41 (Central Daylight Time),120891,5,53681.0,18635,1.0,False,6142.0,5209.0,18678,1.0,adolescent,2025-08-11,test,11,,5,3.6667,5,6
projectseed-bds-production,BackwardsDigitSpan-v2.0,16,1,2025-08-21 22:31:40 (Central Daylight Time),"Mozilla/5.0 (iPhone; CPU iPhone OS 18_5 like Mac OS X) AppleWebKit/605.1.15 (KHTML, like Gecko) Version/18.5 Mobile/15E148 Safari/604.1",dda9c2ce-0f7d-454b-8fc5-f42c4589418b,932,430,eng,11.0,2025-08-21 22:33:49 (Central Daylight Time),128386,4,7608.0,8067,1.0,False,2487.0,1915.0,9321,0.0,adolescent,2025-08-11,test,11,,5,3.6667,5,6
projectseed-bds-production,BackwardsDigitSpan-v2.0,16,1,2025-08-21 22:31:40 (Central Daylight Time),"Mozilla/5.0 (iPhone; CPU iPhone OS 18_5 like Mac OS X) AppleWebKit/605.1.15 (KHTML, like Gecko) Version/18.5 Mobile/15E148 Safari/604.1",dda9c2ce-0f7d-454b-8fc5-f42c4589418b,932,430,eng,12.0,2025-08-21 22:33:56 (Central Daylight Time),135743,4,2145.0,5412,1.0,False,2348.0,1047.0,5421,1.0,adolescent,2025-08-11,test,11,,5,3.6667,5,6
projectseed-bds-production,BackwardsDigitSpan-v2.0,16,1,2025-08-21 22:31:40 (Central Daylight Time),"Mozilla/5.0 (iPhone; CPU iPhone OS 18_5 like Mac OS X) AppleWebKit/605.1.15 (KHTML, like Gecko) Version/18.5 Mobile/15E148 Safari/604.1",dda9c2ce-0f7d-454b-8fc5-f42c4589418b,932,430,eng,13.0,2025-08-21 22:34:02 (Central Daylight Time),142205,3,578.0,875,1.0,True,2453.0,532.0,875,2.0,adolescent,2025-08-11,test,11,,5,3.6667,5,6
projectseed-bds-production,BackwardsDigitSpan-v2.0,16,1,2025-08-21 22:31:40 (Central Daylight Time),"Mozilla/5.0 (iPhone; CPU iPhone OS 18_5 like Mac OS X) AppleWebKit/605.1.15 (KHTML, like Gecko) Version/18.5 Mobile/15E148 Safari/604.1",dda9c2ce-0f7d-454b-8fc5-f42c4589418b,932,430,eng,14.0,2025-08-21 22:34:09 (Central Daylight Time),149378,4,3259.0,9523,1.0,False,2165.0,1048.0,9532,0.0,adolescent,2025-08-11,test,11,,5,3.6667,5,6
projectseed-bds-production,BackwardsDigitSpan-v2.0,16,1,2025-08-22 23:59:23 (Central Daylight Time),"Mozilla/5.0 (iPhone; CPU iPhone OS 18_5 like Mac OS X) AppleWebKit/605.1.15 (KHTML, like Gecko) Version/18.5 Mobile/15E148 Safari/604.1",08125506-c859-4cf3-82d0-4568f5ea1edb,932,430,eng,-999.0,2025-08-22 23:59:40 (Central Daylight Time),17245,2,29.0,92,0.0,True,1647.0,431.0,92,0.0,adolescent,2025-08-11,training,12,,6,5.3333,6,6
projectseed-bds-production,BackwardsDigitSpan-v2.0,16,1,2025-08-22 23:59:23 (Central Daylight Time),"Mozilla/5.0 (iPhone; CPU iPhone OS 18_5 like Mac OS X) AppleWebKit/605.1.15 (KHTML, like Gecko) Version/18.5 Mobile/15E148 Safari/604.1",08125506-c859-4cf3-82d0-4568f5ea1edb,932,430,eng,-999.0,2025-08-22 23:59:45 (Central Daylight Time),22122,2,37.0,73,0.0,True,1220.0,315.0,73,1.999999999996362,adolescent,2025-08-11,training,12,,6,5.3333,6,6
projectseed-bds-production,BackwardsDigitSpan-v2.0,16,1,2025-08-22 23:59:23 (Central Daylight Time),"Mozilla/5.0 (iPhone; CPU iPhone OS 18_5 like Mac OS X) AppleWebKit/605.1.15 (KHTML, like Gecko) Version/18.5 Mobile/15E148 Safari/604.1",08125506-c859-4cf3-82d0-4568f5ea1edb,932,430,eng,-999.0,2025-08-22 23:59:52 (Central Daylight Time),28964,3,465.0,564,0.0,False,1952.0,350.0,654,2.000000000007276,adolescent,2025-08-11,training,12,,6,5.3333,6,6
projectseed-bds-production,BackwardsDigitSpan-v2.0,16,1,2025-08-22 23:59:23 (Central Daylight Time),"Mozilla/5.0 (iPhone; CPU iPhone OS 18_5 like Mac OS X) AppleWebKit/605.1.15 (KHTML, like Gecko) Version/18.5 Mobile/15E148 Safari/604.1",08125506-c859-4cf3-82d0-4568f5ea1edb,932,430,eng,-999.0,2025-08-22 23:59:57 (Central Daylight Time),34290,2,71.0,17,0.0,True,1670.0,348.0,17,1.000000000003638,adolescent,2025-08-11,training,12,,6,5.3333,6,6
projectseed-bds-production,BackwardsDigitSpan-v2.0,16,1,2025-08-22 23:59:23 (Central Daylight Time),"Mozilla/5.0 (iPhone; CPU iPhone OS 18_5 like Mac OS X) AppleWebKit/605.1.15 (KHTML, like Gecko) Version/18.5 Mobile/15E148 Safari/604.1",08125506-c859-4cf3-82d0-4568f5ea1edb,932,430,eng,-999.0,2025-08-23 00:00:03 (Central Daylight Time),39701,2,85.0,58,0.0,True,1755.0,315.0,58,2.0,adolescent,2025-08-11,training,12,,6,5.3333,6,6
projectseed-bds-production,BackwardsDigitSpan-v2.0,16,1,2025-08-22 23:59:23 (Central Daylight Time),"Mozilla/5.0 (iPhone; CPU iPhone OS 18_5 like Mac OS X) AppleWebKit/605.1.15 (KHTML, like Gecko) Version/18.5 Mobile/15E148 Safari/604.1",08125506-c859-4cf3-82d0-4568f5ea1edb,932,430,eng,1.0,2025-08-23 00:00:09 (Central Daylight Time),45859,2,27.0,72,1.0,True,1538.0,298.0,72,0.0,adolescent,2025-08-11,test,12,,6,5.3333,6,6
projectseed-bds-production,BackwardsDigitSpan-v2.0,16,1,2025-08-22 23:59:23 (Central Daylight Time),"Mozilla/5.0 (iPhone; CPU iPhone OS 18_5 like Mac OS X) AppleWebKit/605.1.15 (KHTML, like Gecko) Version/18.5 Mobile/15E148 Safari/604.1",08125506-c859-4cf3-82d0-4568f5ea1edb,932,430,eng,2.0,2025-08-23 00:00:14 (Central Daylight Time),51503,3,254.0,452,1.0,True,1637.0,648.0,452,2.0,adolescent,2025-08-11,test,12,,6,5.3333,6,6
projectseed-bds-production,BackwardsDigitSpan-v2.0,16,1,2025-08-22 23:59:23 (Central Daylight Time),"Mozilla/5.0 (iPhone; CPU iPhone OS 18_5 like Mac OS X) AppleWebKit/605.1.15 (KHTML, like Gecko) Version/18.5 Mobile/15E148 Safari/604.1",08125506-c859-4cf3-82d0-4568f5ea1edb,932,430,eng,3.0,2025-08-23 00:00:25 (Central Daylight Time),62040,4,9126.0,6219,1.0,True,5529.0,4194.0,6219,2.0,adolescent,2025-08-11,test,12,,6,5.3333,6,6
projectseed-bds-production,BackwardsDigitSpan-v2.0,16,1,2025-08-22 23:59:23 (Central Daylight Time),"Mozilla/5.0 (iPhone; CPU iPhone OS 18_5 like Mac OS X) AppleWebKit/605.1.15 (KHTML, like Gecko) Version/18.5 Mobile/15E148 Safari/604.1",08125506-c859-4cf3-82d0-4568f5ea1edb,932,430,eng,4.0,2025-08-23 00:00:35 (Central Daylight Time),71728,5,63897.0,79836,1.0,True,3677.0,2447.0,79836,3.0,adolescent,2025-08-11,test,12,,6,5.3333,6,6
projectseed-bds-production,BackwardsDigitSpan-v2.0,16,1,2025-08-22 23:59:23 (Central Daylight Time),"Mozilla/5.0 (iPhone; CPU iPhone OS 18_5 like Mac OS X) AppleWebKit/605.1.15 (KHTML, like Gecko) Version/18.5 Mobile/15E148 Safari/604.1",08125506-c859-4cf3-82d0-4568f5ea1edb,932,430,eng,5.0,2025-08-23 00:00:45 (Central Daylight Time),82249,6,963428.0,824369,1.0,False,3508.0,2362.0,824397,2.0,adolescent,2025-08-11,test,12,,6,5.3333,6,6
projectseed-bds-production,BackwardsDigitSpan-v2.0,16,1,2025-08-22 23:59:23 (Central Daylight Time),"Mozilla/5.0 (iPhone; CPU iPhone OS 18_5 like Mac OS X) AppleWebKit/605.1.15 (KHTML, like Gecko) Version/18.5 Mobile/15E148 Safari/604.1",08125506-c859-4cf3-82d0-4568f5ea1edb,932,430,eng,6.0,2025-08-23 00:00:56 (Central Daylight Time),93170,6,754623.0,326457,1.0,True,3909.0,2947.0,326457,1.0,adolescent,2025-08-11,test,12,,6,5.3333,6,6
projectseed-bds-production,BackwardsDigitSpan-v2.0,16,1,2025-08-22 23:59:23 (Central Daylight Time),"Mozilla/5.0 (iPhone; CPU iPhone OS 18_5 like Mac OS X) AppleWebKit/605.1.15 (KHTML, like Gecko) Version/18.5 Mobile/15E148 Safari/604.1",08125506-c859-4cf3-82d0-4568f5ea1edb,932,430,eng,7.0,2025-08-23 00:01:08 (Central Daylight Time),105372,7,8497152.0,2517948,1.0,False,4189.0,3013.0,2176547,2.0,adolescent,2025-08-11,test,12,,6,5.3333,6,6
projectseed-bds-production,BackwardsDigitSpan-v2.0,16,1,2025-08-22 23:59:23 (Central Daylight Time),"Mozilla/5.0 (iPhone; CPU iPhone OS 18_5 like Mac OS X) AppleWebKit/605.1.15 (KHTML, like Gecko) Version/18.5 Mobile/15E148 Safari/604.1",08125506-c859-4cf3-82d0-4568f5ea1edb,932,430,eng,8.0,2025-08-23 00:01:20 (Central Daylight Time),117591,7,7894235.0,5324987,1.0,False,4205.0,2980.0,5324678,2.0,adolescent,2025-08-11,test,12,,6,5.3333,6,6
projectseed-bds-production,BackwardsDigitSpan-v2.0,16,1,2025-08-22 23:59:23 (Central Daylight Time),"Mozilla/5.0 (iPhone; CPU iPhone OS 18_5 like Mac OS X) AppleWebKit/605.1.15 (KHTML, like Gecko) Version/18.5 Mobile/15E148 Safari/604.1",08125506-c859-4cf3-82d0-4568f5ea1edb,932,430,eng,9.0,2025-08-23 00:01:30 (Central Daylight Time),127213,6,243089.0,980342,1.0,False,2610.0,1580.0,908763,1.000000000014552,adolescent,2025-08-11,test,12,,6,5.3333,6,6
projectseed-bds-production,BackwardsDigitSpan-v2.0,16,1,2025-08-22 23:59:23 (Central Daylight Time),"Mozilla/5.0 (iPhone; CPU iPhone OS 18_5 like Mac OS X) AppleWebKit/605.1.15 (KHTML, like Gecko) Version/18.5 Mobile/15E148 Safari/604.1",08125506-c859-4cf3-82d0-4568f5ea1edb,932,430,eng,10.0,2025-08-23 00:01:41 (Central Daylight Time),137884,6,802134.0,431208,1.0,False,3660.0,2779.0,430123,2.000000000014552,adolescent,2025-08-11,test,12,,6,5.3333,6,6
projectseed-bds-production,BackwardsDigitSpan-v2.0,16,1,2025-08-22 23:59:23 (Central Daylight Time),"Mozilla/5.0 (iPhone; CPU iPhone OS 18_5 like Mac OS X) AppleWebKit/605.1.15 (KHTML, like Gecko) Version/18.5 Mobile/15E148 Safari/604.1",08125506-c859-4cf3-82d0-4568f5ea1edb,932,430,eng,11.0,2025-08-23 00:01:50 (Central Daylight Time),146924,5,17586.0,68571,1.0,False,3030.0,1515.0,65321,0.9999999999708962,adolescent,2025-08-11,test,12,,6,5.3333,6,6
projectseed-bds-production,BackwardsDigitSpan-v2.0,16,1,2025-08-22 23:59:23 (Central Daylight Time),"Mozilla/5.0 (iPhone; CPU iPhone OS 18_5 like Mac OS X) AppleWebKit/605.1.15 (KHTML, like Gecko) Version/18.5 Mobile/15E148 Safari/604.1",08125506-c859-4cf3-82d0-4568f5ea1edb,932,430,eng,12.0,2025-08-23 00:01:58 (Central Daylight Time),155563,5,64018.0,81046,1.0,True,2630.0,1763.0,81046,1.0,adolescent,2025-08-11,test,12,,6,5.3333,6,6
projectseed-bds-production,BackwardsDigitSpan-v2.0,16,1,2025-08-22 23:59:23 (Central Daylight Time),"Mozilla/5.0 (iPhone; CPU iPhone OS 18_5 like Mac OS X) AppleWebKit/605.1.15 (KHTML, like Gecko) Version/18.5 Mobile/15E148 Safari/604.1",08125506-c859-4cf3-82d0-4568f5ea1edb,932,430,eng,13.0,2025-08-23 00:02:09 (Central Daylight Time),165968,6,960832.0,238069,1.0,False,3394.0,2646.0,970264,1.0,adolescent,2025-08-11,test,12,,6,5.3333,6,6
projectseed-bds-production,BackwardsDigitSpan-v2.0,16,1,2025-08-22 23:59:23 (Central Daylight Time),"Mozilla/5.0 (iPhone; CPU iPhone OS 18_5 like Mac OS X) AppleWebKit/605.1.15 (KHTML, like Gecko) Version/18.5 Mobile/15E148 Safari/604.1",08125506-c859-4cf3-82d0-4568f5ea1edb,932,430,eng,14.0,2025-08-23 00:02:19 (Central Daylight Time),176123,6,235809.0,908532,1.0,False,3139.0,2179.0,908763,3.0,adolescent,2025-08-11,test,12,,6,5.3333,6,6
projectseed-bds-production,BackwardsDigitSpan-v2.0,16,1,2025-08-23 19:40:37 (Central Daylight Time),"Mozilla/5.0 (iPhone; CPU iPhone OS 18_5 like Mac OS X) AppleWebKit/605.1.15 (KHTML, like Gecko) Version/18.5 Mobile/15E148 Safari/604.1",0c4dc38e-c2b0-4265-a534-cd4f7bfad173,932,430,eng,-999.0,2025-08-23 19:40:47 (Central Daylight Time),9406,2,98.0,89,0.0,True,1118.0,163.0,89,1.0,adolescent,2025-08-11,training,13,,4,3.7857,4,3
projectseed-bds-production,BackwardsDigitSpan-v2.0,16,1,2025-08-23 19:40:37 (Central Daylight Time),"Mozilla/5.0 (iPhone; CPU iPhone OS 18_5 like Mac OS X) AppleWebKit/605.1.15 (KHTML, like Gecko) Version/18.5 Mobile/15E148 Safari/604.1",0c4dc38e-c2b0-4265-a534-cd4f7bfad173,932,430,eng,-999.0,2025-08-23 19:40:52 (Central Daylight Time),14932,2,82.0,28,0.0,True,1870.0,483.0,28,1.0,adolescent,2025-08-11,training,13,,4,3.7857,4,3
projectseed-bds-production,BackwardsDigitSpan-v2.0,16,1,2025-08-23 19:40:37 (Central Daylight Time),"Mozilla/5.0 (iPhone; CPU iPhone OS 18_5 like Mac OS X) AppleWebKit/605.1.15 (KHTML, like Gecko) Version/18.5 Mobile/15E148 Safari/604.1",0c4dc38e-c2b0-4265-a534-cd4f7bfad173,932,430,eng,-999.0,2025-08-23 19:40:58 (Central Daylight Time),20991,3,489.0,984,0.0,True,1319.0,485.0,984,0.0,adolescent,2025-08-11,training,13,,4,3.7857,4,3
projectseed-bds-production,BackwardsDigitSpan-v2.0,16,1,2025-08-23 19:40:37 (Central Daylight Time),"Mozilla/5.0 (iPhone; CPU iPhone OS 18_5 like Mac OS X) AppleWebKit/605.1.15 (KHTML, like Gecko) Version/18.5 Mobile/15E148 Safari/604.1",0c4dc38e-c2b0-4265-a534-cd4f7bfad173,932,430,eng,1.0,2025-08-23 19:41:07 (Central Daylight Time),29731,2,46.0,64,1.0,True,1993.0,268.0,64,0.0,adolescent,2025-08-11,test,13,,4,3.7857,4,3
projectseed-bds-production,BackwardsDigitSpan-v2.0,16,1,2025-08-23 19:40:37 (Central Daylight Time),"Mozilla/5.0 (iPhone; CPU iPhone OS 18_5 like Mac OS X) AppleWebKit/605.1.15 (KHTML, like Gecko) Version/18.5 Mobile/15E148 Safari/604.1",0c4dc38e-c2b0-4265-a534-cd4f7bfad173,932,430,eng,2.0,2025-08-23 19:41:13 (Central Daylight Time),35189,3,907.0,709,1.0,True,1449.0,432.0,709,0.0,adolescent,2025-08-11,test,13,,4,3.7857,4,3
projectseed-bds-production,BackwardsDigitSpan-v2.0,16,1,2025-08-23 19:40:37 (Central Daylight Time),"Mozilla/5.0 (iPhone; CPU iPhone OS 18_5 like Mac OS X) AppleWebKit/605.1.15 (KHTML, like Gecko) Version/18.5 Mobile/15E148 Safari/604.1",0c4dc38e-c2b0-4265-a534-cd4f7bfad173,932,430,eng,3.0,2025-08-23 19:41:22 (Central Daylight Time),44062,4,2139.0,9312,1.0,True,3865.0,2563.0,9312,1.0,adolescent,2025-08-11,test,13,,4,3.7857,4,3
projectseed-bds-production,BackwardsDigitSpan-v2.0,16,1,2025-08-23 19:40:37 (Central Daylight Time),"Mozilla/5.0 (iPhone; CPU iPhone OS 18_5 like Mac OS X) AppleWebKit/605.1.15 (KHTML, like Gecko) Version/18.5 Mobile/15E148 Safari/604.1",0c4dc38e-c2b0-4265-a534-cd4f7bfad173,932,430,eng,4.0,2025-08-23 19:41:38 (Central Daylight Time),60675,5,37892.0,29873,1.0,False,10603.0,1484.0,78291,2.0,adolescent,2025-08-11,test,13,,4,3.7857,4,3
projectseed-bds-production,BackwardsDigitSpan-v2.0,16,1,2025-08-23 19:40:37 (Central Daylight Time),"Mozilla/5.0 (iPhone; CPU iPhone OS 18_5 like Mac OS X) AppleWebKit/605.1.15 (KHTML, like Gecko) Version/18.5 Mobile/15E148 Safari/604.1",0c4dc38e-c2b0-4265-a534-cd4f7bfad173,932,430,eng,5.0,2025-08-23 19:41:49 (Central Daylight Time),71196,5,13596.0,69531,1.0,False,4506.0,3186.0,69754,1.000000000007276,adolescent,2025-08-11,test,13,,4,3.7857,4,3
projectseed-bds-production,BackwardsDigitSpan-v2.0,16,1,2025-08-23 19:40:37 (Central Daylight Time),"Mozilla/5.0 (iPhone; CPU iPhone OS 18_5 like Mac OS X) AppleWebKit/605.1.15 (KHTML, like Gecko) Version/18.5 Mobile/15E148 Safari/604.1",0c4dc38e-c2b0-4265-a534-cd4f7bfad173,932,430,eng,6.0,2025-08-23 19:41:59 (Central Daylight Time),81832,4,1754.0,4571,1.0,False,5629.0,4413.0,4570,0.9999999999854481,adolescent,2025-08-11,test,13,,4,3.7857,4,3
projectseed-bds-production,BackwardsDigitSpan-v2.0,16,1,2025-08-23 19:40:37 (Central Daylight Time),"Mozilla/5.0 (iPhone; CPU iPhone OS 18_5 like Mac OS X) AppleWebKit/605.1.15 (KHTML, like Gecko) Version/18.5 Mobile/15E148 Safari/604.1",0c4dc38e-c2b0-4265-a534-cd4f7bfad173,932,430,eng,7.0,2025-08-23 19:42:07 (Central Daylight Time),89456,4,4608.0,8064,1.0,False,2614.0,1012.0,9078,1.000000000014552,adolescent,2025-08-11,test,13,,4,3.7857,4,3
projectseed-bds-production,BackwardsDigitSpan-v2.0,16,1,2025-08-23 19:40:37 (Central Daylight Time),"Mozilla/5.0 (iPhone; CPU iPhone OS 18_5 like Mac OS X) AppleWebKit/605.1.15 (KHTML, like Gecko) Version/18.5 Mobile/15E148 Safari/604.1",0c4dc38e-c2b0-4265-a534-cd4f7bfad173,932,430,eng,8.0,2025-08-23 19:42:12 (Central Daylight Time),95003,3,157.0,751,1.0,True,1540.0,418.0,751,1.000000000014552,adolescent,2025-08-11,test,13,,4,3.7857,4,3
projectseed-bds-production,BackwardsDigitSpan-v2.0,16,1,2025-08-23 19:40:37 (Central Daylight Time),"Mozilla/5.0 (iPhone; CPU iPhone OS 18_5 like Mac OS X) AppleWebKit/605.1.15 (KHTML, like Gecko) Version/18.5 Mobile/15E148 Safari/604.1",0c4dc38e-c2b0-4265-a534-cd4f7bfad173,932,430,eng,9.0,2025-08-23 19:42:19 (Central Daylight Time),101872,4,9841.0,1489,1.0,False,1862.0,1045.0,1845,1.0,adolescent,2025-08-11,test,13,,4,3.7857,4,3
projectseed-bds-production,BackwardsDigitSpan-v2.0,16,1,2025-08-23 19:40:37 (Central Daylight Time),"Mozilla/5.0 (iPhone; CPU iPhone OS 18_5 like Mac OS X) AppleWebKit/605.1.15 (KHTML, like Gecko) Version/18.5 Mobile/15E148 Safari/604.1",0c4dc38e-c2b0-4265-a534-cd4f7bfad173,932,430,eng,10.0,2025-08-23 19:42:27 (Central Daylight Time),109468,4,3468.0,8643,1.0,False,2587.0,512.0,6891,2.0,adolescent,2025-08-11,test,13,,4,3.7857,4,3
projectseed-bds-production,BackwardsDigitSpan-v2.0,16,1,2025-08-23 19:40:37 (Central Daylight Time),"Mozilla/5.0 (iPhone; CPU iPhone OS 18_5 like Mac OS X) AppleWebKit/605.1.15 (KHTML, like Gecko) Version/18.5 Mobile/15E148 Safari/604.1",0c4dc38e-c2b0-4265-a534-cd4f7bfad173,932,430,eng,11.0,2025-08-23 19:42:33 (Central Daylight Time),115495,3,412.0,214,1.0,True,2021.0,631.0,214,0.9999999999854481,adolescent,2025-08-11,test,13,,4,3.7857,4,3
projectseed-bds-production,BackwardsDigitSpan-v2.0,16,1,2025-08-23 19:40:37 (Central Daylight Time),"Mozilla/5.0 (iPhone; CPU iPhone OS 18_5 like Mac OS X) AppleWebKit/605.1.15 (KHTML, like Gecko) Version/18.5 Mobile/15E148 Safari/604.1",0c4dc38e-c2b0-4265-a534-cd4f7bfad173,932,430,eng,12.0,2025-08-23 19:42:40 (Central Daylight Time),122234,4,8615.0,5168,1.0,False,1731.0,846.0,5164,1.9999999999708962,adolescent,2025-08-11,test,13,,4,3.7857,4,3
projectseed-bds-production,BackwardsDigitSpan-v2.0,16,1,2025-08-23 19:40:37 (Central Daylight Time),"Mozilla/5.0 (iPhone; CPU iPhone OS 18_5 like Mac OS X) AppleWebKit/605.1.15 (KHTML, like Gecko) Version/18.5 Mobile/15E148 Safari/604.1",0c4dc38e-c2b0-4265-a534-cd4f7bfad173,932,430,eng,13.0,2025-08-23 19:42:47 (Central Daylight Time),129278,4,4567.0,7654,1.0,True,2033.0,798.0,7654,1.999999999985448,adolescent,2025-08-11,test,13,,4,3.7857,4,3
projectseed-bds-production,BackwardsDigitSpan-v2.0,16,1,2025-08-23 19:40:37 (Central Daylight Time),"Mozilla/5.0 (iPhone; CPU iPhone OS 18_5 like Mac OS X) AppleWebKit/605.1.15 (KHTML, like Gecko) Version/18.5 Mobile/15E148 Safari/604.1",0c4dc38e-c2b0-4265-a534-cd4f7bfad173,932,430,eng,14.0,2025-08-23 19:42:55 (Central Daylight Time),137681,5,27146.0,64172,1.0,False,2392.0,1281.0,64132,1.9999999999708962,adolescent,2025-08-11,test,13,,4,3.7857,4,3
projectseed-bds-production,BackwardsDigitSpan-v2.0,16,1,2025-08-24 22:17:38 (Central Daylight Time),"Mozilla/5.0 (iPhone; CPU iPhone OS 18_5 like Mac OS X) AppleWebKit/605.1.15 (KHTML, like Gecko) Version/18.5 Mobile/15E148 Safari/604.1",4b79fe09-22a9-484b-90aa-e8807218212a,932,430,eng,-999.0,2025-08-24 22:17:48 (Central Daylight Time),9810,2,62.0,26,0.0,True,1149.0,296.0,26,0.0,adolescent,2025-08-11,training,14,,6,4.5,6,5
projectseed-bds-production,BackwardsDigitSpan-v2.0,16,1,2025-08-24 22:17:38 (Central Daylight Time),"Mozilla/5.0 (iPhone; CPU iPhone OS 18_5 like Mac OS X) AppleWebKit/605.1.15 (KHTML, like Gecko) Version/18.5 Mobile/15E148 Safari/604.1",4b79fe09-22a9-484b-90aa-e8807218212a,932,430,eng,-999.0,2025-08-24 22:17:53 (Central Daylight Time),14934,2,57.0,75,0.0,True,1386.0,431.0,75,1.0,adolescent,2025-08-11,training,14,,6,4.5,6,5
projectseed-bds-production,BackwardsDigitSpan-v2.0,16,1,2025-08-24 22:17:38 (Central Daylight Time),"Mozilla/5.0 (iPhone; CPU iPhone OS 18_5 like Mac OS X) AppleWebKit/605.1.15 (KHTML, like Gecko) Version/18.5 Mobile/15E148 Safari/604.1",4b79fe09-22a9-484b-90aa-e8807218212a,932,430,eng,-999.0,2025-08-24 22:17:59 (Central Daylight Time),21411,3,179.0,971,0.0,True,1655.0,566.0,971,1.0,adolescent,2025-08-11,training,14,,6,4.5,6,5
projectseed-bds-production,BackwardsDigitSpan-v2.0,16,1,2025-08-24 22:17:38 (Central Daylight Time),"Mozilla/5.0 (iPhone; CPU iPhone OS 18_5 like Mac OS X) AppleWebKit/605.1.15 (KHTML, like Gecko) Version/18.5 Mobile/15E148 Safari/604.1",4b79fe09-22a9-484b-90aa-e8807218212a,932,430,eng,1.0,2025-08-24 22:18:18 (Central Daylight Time),39954,2,26.0,62,1.0,True,1484.0,499.0,62,0.0,adolescent,2025-08-11,test,14,,6,4.5,6,5
projectseed-bds-production,BackwardsDigitSpan-v2.0,16,1,2025-08-24 22:17:38 (Central Daylight Time),"Mozilla/5.0 (iPhone; CPU iPhone OS 18_5 like Mac OS X) AppleWebKit/605.1.15 (KHTML, like Gecko) Version/18.5 Mobile/15E148 Safari/604.1",4b79fe09-22a9-484b-90aa-e8807218212a,932,430,eng,2.0,2025-08-24 22:18:24 (Central Daylight Time),45646,3,372.0,273,1.0,True,1685.0,782.0,273,0.0,adolescent,2025-08-11,test,14,,6,4.5,6,5
projectseed-bds-production,BackwardsDigitSpan-v2.0,16,1,2025-08-24 22:17:38 (Central Daylight Time),"Mozilla/5.0 (iPhone; CPU iPhone OS 18_5 like Mac OS X) AppleWebKit/605.1.15 (KHTML, like Gecko) Version/18.5 Mobile/15E148 Safari/604.1",4b79fe09-22a9-484b-90aa-e8807218212a,932,430,eng,3.0,2025-08-24 22:18:33 (Central Daylight Time),54701,4,1637.0,7361,1.0,True,4047.0,1264.0,7361,2.0,adolescent,2025-08-11,test,14,,6,4.5,6,5
projectseed-bds-production,BackwardsDigitSpan-v2.0,16,1,2025-08-24 22:17:38 (Central Daylight Time),"Mozilla/5.0 (iPhone; CPU iPhone OS 18_5 like Mac OS X) AppleWebKit/605.1.15 (KHTML, like Gecko) Version/18.5 Mobile/15E148 Safari/604.1",4b79fe09-22a9-484b-90aa-e8807218212a,932,430,eng,4.0,2025-08-24 22:18:43 (Central Daylight Time),65504,5,97032.0,23079,1.0,True,4792.0,3795.0,23079,2.000000000014552,adolescent,2025-08-11,test,14,,6,4.5,6,5
projectseed-bds-production,BackwardsDigitSpan-v2.0,16,1,2025-08-24 22:17:38 (Central Daylight Time),"Mozilla/5.0 (iPhone; CPU iPhone OS 18_5 like Mac OS X) AppleWebKit/605.1.15 (KHTML, like Gecko) Version/18.5 Mobile/15E148 Safari/604.1",4b79fe09-22a9-484b-90aa-e8807218212a,932,430,eng,5.0,2025-08-24 22:18:55 (Central Daylight Time),76740,6,902316.0,613209,1.0,True,4224.0,2330.0,613209,3.0,adolescent,2025-08-11,test,14,,6,4.5,6,5
projectseed-bds-production,BackwardsDigitSpan-v2.0,16,1,2025-08-24 22:17:38 (Central Daylight Time),"Mozilla/5.0 (iPhone; CPU iPhone OS 18_5 like Mac OS X) AppleWebKit/605.1.15 (KHTML, like Gecko) Version/18.5 Mobile/15E148 Safari/604.1",4b79fe09-22a9-484b-90aa-e8807218212a,932,430,eng,6.0,2025-08-24 22:19:07 (Central Daylight Time),88826,7,1872056.0,6502781,1.0,False,4074.0,2780.0,6501432,2.0,adolescent,2025-08-11,test,14,,6,4.5,6,5
projectseed-bds-production,BackwardsDigitSpan-v2.0,16,1,2025-08-24 22:17:38 (Central Daylight Time),"Mozilla/5.0 (iPhone; CPU iPhone OS 18_5 like Mac OS X) AppleWebKit/605.1.15 (KHTML, like Gecko) Version/18.5 Mobile/15E148 Safari/604.1",4b79fe09-22a9-484b-90aa-e8807218212a,932,430,eng,7.0,2025-08-24 22:19:20 (Central Daylight Time),102225,7,3076218.0,8126703,1.0,False,5386.0,4377.0,8126935,3.0,adolescent,2025-08-11,test,14,,6,4.5,6,5
projectseed-bds-production,BackwardsDigitSpan-v2.0,16,1,2025-08-24 22:17:38 (Central Daylight Time),"Mozilla/5.0 (iPhone; CPU iPhone OS 18_5 like Mac OS X) AppleWebKit/605.1.15 (KHTML, like Gecko) Version/18.5 Mobile/15E148 Safari/604.1",4b79fe09-22a9-484b-90aa-e8807218212a,932,430,eng,8.0,2025-08-24 22:19:30 (Central Daylight Time),112230,6,615904.0,409516,1.0,False,2991.0,2146.0,340951,3.0,adolescent,2025-08-11,test,14,,6,4.5,6,5
projectseed-bds-production,BackwardsDigitSpan-v2.0,16,1,2025-08-24 22:17:38 (Central Daylight Time),"Mozilla/5.0 (iPhone; CPU iPhone OS 18_5 like Mac OS X) AppleWebKit/605.1.15 (KHTML, like Gecko) Version/18.5 Mobile/15E148 Safari/604.1",4b79fe09-22a9-484b-90aa-e8807218212a,932,430,eng,9.0,2025-08-24 22:19:41 (Central Daylight Time),122900,6,975013.0,310579,1.0,False,3660.0,2679.0,314502,3.0,adolescent,2025-08-11,test,14,,6,4.5,6,5
projectseed-bds-production,BackwardsDigitSpan-v2.0,16,1,2025-08-24 22:17:38 (Central Daylight Time),"Mozilla/5.0 (iPhone; CPU iPhone OS 18_5 like Mac OS X) AppleWebKit/605.1.15 (KHTML, like Gecko) Version/18.5 Mobile/15E148 Safari/604.1",4b79fe09-22a9-484b-90aa-e8807218212a,932,430,eng,10.0,2025-08-24 22:19:50 (Central Daylight Time),131707,5,50632.0,23605,1.0,False,2798.0,1748.0,23051,1.0,adolescent,2025-08-11,test,14,,6,4.5,6,5
projectseed-bds-production,BackwardsDigitSpan-v2.0,16,1,2025-08-24 22:17:38 (Central Daylight Time),"Mozilla/5.0 (iPhone; CPU iPhone OS 18_5 like Mac OS X) AppleWebKit/605.1.15 (KHTML, like Gecko) Version/18.5 Mobile/15E148 Safari/604.1",4b79fe09-22a9-484b-90aa-e8807218212a,932,430,eng,11.0,2025-08-24 22:20:01 (Central Daylight Time),143359,5,98157.0,75189,1.0,False,5643.0,4561.0,75180,2.0,adolescent,2025-08-11,test,14,,6,4.5,6,5
projectseed-bds-production,BackwardsDigitSpan-v2.0,16,1,2025-08-24 22:17:38 (Central Daylight Time),"Mozilla/5.0 (iPhone; CPU iPhone OS 18_5 like Mac OS X) AppleWebKit/605.1.15 (KHTML, like Gecko) Version/18.5 Mobile/15E148 Safari/604.1",4b79fe09-22a9-484b-90aa-e8807218212a,932,430,eng,12.0,2025-08-24 22:20:09 (Central Daylight Time),150917,4,2685.0,5862,1.0,False,2548.0,1348.0,5681,2.0,adolescent,2025-08-11,test,14,,6,4.5,6,5
projectseed-bds-production,BackwardsDigitSpan-v2.0,16,1,2025-08-24 22:17:38 (Central Daylight Time),"Mozilla/5.0 (iPhone; CPU iPhone OS 18_5 like Mac OS X) AppleWebKit/605.1.15 (KHTML, like Gecko) Version/18.5 Mobile/15E148 Safari/604.1",4b79fe09-22a9-484b-90aa-e8807218212a,932,430,eng,13.0,2025-08-24 22:20:16 (Central Daylight Time),158273,4,8063.0,3608,1.0,False,2349.0,1165.0,3063,0.9999999999708962,adolescent,2025-08-11,test,14,,6,4.5,6,5
projectseed-bds-production,BackwardsDigitSpan-v2.0,16,1,2025-08-24 22:17:38 (Central Daylight Time),"Mozilla/5.0 (iPhone; CPU iPhone OS 18_5 like Mac OS X) AppleWebKit/605.1.15 (KHTML, like Gecko) Version/18.5 Mobile/15E148 Safari/604.1",4b79fe09-22a9-484b-90aa-e8807218212a,932,430,eng,14.0,2025-08-24 22:20:22 (Central Daylight Time),164166,3,981.0,189,1.0,True,1885.0,698.0,189,0.0,adolescent,2025-08-11,test,14,,6,4.5,6,5
projectseed-bds-production,BackwardsDigitSpan-v2.0,17,1,2025-08-10 13:50:27 (Central Daylight Time),"Mozilla/5.0 (iPhone; CPU iPhone OS 18_5 like Mac OS X) AppleWebKit/605.1.15 (KHTML, like Gecko) Version/18.5 Mobile/15E148 Safari/604.1",e8cc285c-7c59-4082-a776-c6fb45796991,844,390,eng,-999.0,2025-08-10 13:50:57 (Central Daylight Time),29817,2,32.0,23,0.0,True,1852.0,398.0,23,1.0,adolescent,2025-06-16,training,0,,-999,-999.0,-999,-999
projectseed-bds-production,BackwardsDigitSpan-v2.0,17,1,2025-08-10 13:50:27 (Central Daylight Time),"Mozilla/5.0 (iPhone; CPU iPhone OS 18_5 like Mac OS X) AppleWebKit/605.1.15 (KHTML, like Gecko) Version/18.5 Mobile/15E148 Safari/604.1",e8cc285c-7c59-4082-a776-c6fb45796991,844,390,eng,-999.0,2025-08-10 13:51:02 (Central Daylight Time),35352,2,91.0,19,0.0,True,1510.0,499.0,19,1.0,adolescent,2025-06-16,training,0,,-999,-999.0,-999,-999
projectseed-bds-production,BackwardsDigitSpan-v2.0,17,1,2025-08-10 13:50:27 (Central Daylight Time),"Mozilla/5.0 (iPhone; CPU iPhone OS 18_5 like Mac OS X) AppleWebKit/605.1.15 (KHTML, like Gecko) Version/18.5 Mobile/15E148 Safari/604.1",e8cc285c-7c59-4082-a776-c6fb45796991,844,390,eng,-999.0,2025-08-10 13:51:09 (Central Daylight Time),42368,3,824.0,428,0.0,True,2109.0,483.0,428,1.000000000007276,adolescent,2025-06-16,training,0,,-999,-999.0,-999,-999
projectseed-bds-production,BackwardsDigitSpan-v2.0,17,1,2025-08-19 02:27:09 (Central Daylight Time),"Mozilla/5.0 (iPhone; CPU iPhone OS 18_5 like Mac OS X) AppleWebKit/605.1.15 (KHTML, like Gecko) Version/18.5 Mobile/15E148 Safari/604.1",da06b8ae-3fd2-4f54-acd9-441f0c4122ea,844,390,eng,-999.0,2025-08-19 02:27:32 (Central Daylight Time),23014,2,51.0,15,0.0,True,1439.0,464.0,15,1.999999999992724,adolescent,2025-08-11,training,8,,9,7.8333,9,11
projectseed-bds-production,BackwardsDigitSpan-v2.0,17,1,2025-08-19 02:27:09 (Central Daylight Time),"Mozilla/5.0 (iPhone; CPU iPhone OS 18_5 like Mac OS X) AppleWebKit/605.1.15 (KHTML, like Gecko) Version/18.5 Mobile/15E148 Safari/604.1",da06b8ae-3fd2-4f54-acd9-441f0c4122ea,844,390,eng,-999.0,2025-08-19 02:27:41 (Central Daylight Time),32429,2,35.0,53,0.0,True,1742.0,215.0,53,0.0,adolescent,2025-08-11,training,8,,9,7.8333,9,11
projectseed-bds-production,BackwardsDigitSpan-v2.0,17,1,2025-08-19 02:27:09 (Central Daylight Time),"Mozilla/5.0 (iPhone; CPU iPhone OS 18_5 like Mac OS X) AppleWebKit/605.1.15 (KHTML, like Gecko) Version/18.5 Mobile/15E148 Safari/604.1",da06b8ae-3fd2-4f54-acd9-441f0c4122ea,844,390,eng,-999.0,2025-08-19 02:27:47 (Central Daylight Time),38448,3,123.0,321,0.0,True,1192.0,446.0,321,0.0,adolescent,2025-08-11,training,8,,9,7.8333,9,11
projectseed-bds-production,BackwardsDigitSpan-v2.0,17,1,2025-08-19 02:27:09 (Central Daylight Time),"Mozilla/5.0 (iPhone; CPU iPhone OS 18_5 like Mac OS X) AppleWebKit/605.1.15 (KHTML, like Gecko) Version/18.5 Mobile/15E148 Safari/604.1",da06b8ae-3fd2-4f54-acd9-441f0c4122ea,844,390,eng,1.0,2025-08-19 02:27:55 (Central Daylight Time),46593,2,71.0,17,1.0,True,1350.0,262.0,17,1.0,adolescent,2025-08-11,test,8,,9,7.8333,9,11
projectseed-bds-production,BackwardsDigitSpan-v2.0,17,1,2025-08-19 02:27:09 (Central Daylight Time),"Mozilla/5.0 (iPhone; CPU iPhone OS 18_5 like Mac OS X) AppleWebKit/605.1.15 (KHTML, like Gecko) Version/18.5 Mobile/15E148 Safari/604.1",da06b8ae-3fd2-4f54-acd9-441f0c4122ea,844,390,eng,2.0,2025-08-19 02:28:01 (Central Daylight Time),51978,3,893.0,398,1.0,True,1377.0,496.0,398,1.999999999992724,adolescent,2025-08-11,test,8,,9,7.8333,9,11
projectseed-bds-production,BackwardsDigitSpan-v2.0,17,1,2025-08-19 02:27:09 (Central Daylight Time),"Mozilla/5.0 (iPhone; CPU iPhone OS 18_5 like Mac OS X) AppleWebKit/605.1.15 (KHTML, like Gecko) Version/18.5 Mobile/15E148 Safari/604.1",da06b8ae-3fd2-4f54-acd9-441f0c4122ea,844,390,eng,3.0,2025-08-19 02:28:10 (Central Daylight Time),61347,4,5782.0,2875,1.0,True,4363.0,885.0,2875,0.999999999992724,adolescent,2025-08-11,test,8,,9,7.8333,9,11
projectseed-bds-production,BackwardsDigitSpan-v2.0,17,1,2025-08-19 02:27:09 (Central Daylight Time),"Mozilla/5.0 (iPhone; CPU iPhone OS 18_5 like Mac OS X) AppleWebKit/605.1.15 (KHTML, like Gecko) Version/18.5 Mobile/15E148 Safari/604.1",da06b8ae-3fd2-4f54-acd9-441f0c4122ea,844,390,eng,4.0,2025-08-19 02:28:22 (Central Daylight Time),72997,5,72453.0,35427,1.0,False,5640.0,3867.0,35472,4.000000000014552,adolescent,2025-08-11,test,8,,9,7.8333,9,11
projectseed-bds-production,BackwardsDigitSpan-v2.0,17,1,2025-08-19 02:27:09 (Central Daylight Time),"Mozilla/5.0 (iPhone; CPU iPhone OS 18_5 like Mac OS X) AppleWebKit/605.1.15 (KHTML, like Gecko) Version/18.5 Mobile/15E148 Safari/604.1",da06b8ae-3fd2-4f54-acd9-441f0c4122ea,844,390,eng,5.0,2025-08-19 02:28:37 (Central Daylight Time),88432,5,83529.0,92538,1.0,True,9425.0,6250.0,92538,2.0,adolescent,2025-08-11,test,8,,9,7.8333,9,11
projectseed-bds-production,BackwardsDigitSpan-v2.0,17,1,2025-08-19 02:27:09 (Central Daylight Time),"Mozilla/5.0 (iPhone; CPU iPhone OS 18_5 like Mac OS X) AppleWebKit/605.1.15 (KHTML, like Gecko) Version/18.5 Mobile/15E148 Safari/604.1",da06b8ae-3fd2-4f54-acd9-441f0c4122ea,844,390,eng,6.0,2025-08-19 02:28:50 (Central Daylight Time),100750,6,503827.0,728305,1.0,True,5306.0,3317.0,728305,1.0,adolescent,2025-08-11,test,8,,9,7.8333,9,11
projectseed-bds-production,BackwardsDigitSpan-v2.0,17,1,2025-08-19 02:27:09 (Central Daylight Time),"Mozilla/5.0 (iPhone; CPU iPhone OS 18_5 like Mac OS X) AppleWebKit/605.1.15 (KHTML, like Gecko) Version/18.5 Mobile/15E148 Safari/604.1",da06b8ae-3fd2-4f54-acd9-441f0c4122ea,844,390,eng,7.0,2025-08-19 02:29:06 (Central Daylight Time),116719,7,7053418.0,8143507,1.0,False,7957.0,6519.0,8135077,3.0,adolescent,2025-08-11,test,8,,9,7.8333,9,11
projectseed-bds-production,BackwardsDigitSpan-v2.0,17,1,2025-08-19 02:27:09 (Central Daylight Time),"Mozilla/5.0 (iPhone; CPU iPhone OS 18_5 like Mac OS X) AppleWebKit/605.1.15 (KHTML, like Gecko) Version/18.5 Mobile/15E148 Safari/604.1",da06b8ae-3fd2-4f54-acd9-441f0c4122ea,844,390,eng,8.0,2025-08-19 02:29:26 (Central Daylight Time),137033,7,7384296.0,6924837,1.0,True,12302.0,8130.0,6924837,1.999999999985448,adolescent,2025-08-11,test,8,,9,7.8333,9,11
projectseed-bds-production,BackwardsDigitSpan-v2.0,17,1,2025-08-19 02:27:09 (Central Daylight Time),"Mozilla/5.0 (iPhone; CPU iPhone OS 18_5 like Mac OS X) AppleWebKit/605.1.15 (KHTML, like Gecko) Version/18.5 Mobile/15E148 Safari/604.1",da06b8ae-3fd2-4f54-acd9-441f0c4122ea,844,390,eng,9.0,2025-08-19 02:29:46 (Central Daylight Time),156936,8,79830215.0,51203897,1.0,True,10889.0,7733.0,51203897,2.0,adolescent,2025-08-11,test,8,,9,7.8333,9,11
projectseed-bds-production,BackwardsDigitSpan-v2.0,17,1,2025-08-19 02:27:09 (Central Daylight Time),"Mozilla/5.0 (iPhone; CPU iPhone OS 18_5 like Mac OS X) AppleWebKit/605.1.15 (KHTML, like Gecko) Version/18.5 Mobile/15E148 Safari/604.1",da06b8ae-3fd2-4f54-acd9-441f0c4122ea,844,390,eng,10.0,2025-08-19 02:30:10 (Central Daylight Time),181254,9,430629815.0,518926034,1.0,False,14302.0,11733.0,518960344,5.000000000029104,adolescent,2025-08-11,test,8,,9,7.8333,9,11
projectseed-bds-production,BackwardsDigitSpan-v2.0,17,1,2025-08-19 02:27:09 (Central Daylight Time),"Mozilla/5.0 (iPhone; CPU iPhone OS 18_5 like Mac OS X) AppleWebKit/605.1.15 (KHTML, like Gecko) Version/18.5 Mobile/15E148 Safari/604.1",da06b8ae-3fd2-4f54-acd9-441f0c4122ea,844,390,eng,11.0,2025-08-19 02:30:31 (Central Daylight Time),202171,9,729451806.0,608154927,1.0,True,10902.0,6248.0,608154927,3.0,adolescent,2025-08-11,test,8,,9,7.8333,9,11
projectseed-bds-production,BackwardsDigitSpan-v2.0,17,1,2025-08-19 02:27:09 (Central Daylight Time),"Mozilla/5.0 (iPhone; CPU iPhone OS 18_5 like Mac OS X) AppleWebKit/605.1.15 (KHTML, like Gecko) Version/18.5 Mobile/15E148 Safari/604.1",da06b8ae-3fd2-4f54-acd9-441f0c4122ea,844,390,eng,12.0,2025-08-19 02:30:55 (Central Daylight Time),226322,10,1034925867.0,7685294301,1.0,False,13135.0,11798.0,7685294307,5.000000000058208,adolescent,2025-08-11,test,8,,9,7.8333,9,11
projectseed-bds-production,BackwardsDigitSpan-v2.0,17,1,2025-08-19 02:27:09 (Central Daylight Time),"Mozilla/5.0 (iPhone; CPU iPhone OS 18_5 like Mac OS X) AppleWebKit/605.1.15 (KHTML, like Gecko) Version/18.5 Mobile/15E148 Safari/604.1",da06b8ae-3fd2-4f54-acd9-441f0c4122ea,844,390,eng,13.0,2025-08-19 02:31:28 (Central Daylight Time),259593,10,9508237416.0,6147328059,1.0,False,22253.0,20983.0,6147328508,3.000000000029104,adolescent,2025-08-11,test,8,,9,7.8333,9,11
projectseed-bds-production,BackwardsDigitSpan-v2.0,17,1,2025-08-19 02:27:09 (Central Daylight Time),"Mozilla/5.0 (iPhone; CPU iPhone OS 18_5 like Mac OS X) AppleWebKit/605.1.15 (KHTML, like Gecko) Version/18.5 Mobile/15E148 Safari/604.1",da06b8ae-3fd2-4f54-acd9-441f0c4122ea,844,390,eng,14.0,2025-08-19 02:31:58 (Central Daylight Time),288709,9,829416703.0,307614928,1.0,False,19099.0,17983.0,367014928,5.000000000029104,adolescent,2025-08-11,test,8,,9,7.8333,9,11
projectseed-bds-production,BackwardsDigitSpan-v2.0,17,1,2025-08-20 01:08:11 (Central Daylight Time),"Mozilla/5.0 (iPhone; CPU iPhone OS 18_5 like Mac OS X) AppleWebKit/605.1.15 (KHTML, like Gecko) Version/18.5 Mobile/15E148 Safari/604.1",322a52f2-68f6-4eb8-ad3c-5e916825f747,844,390,eng,-999.0,2025-08-20 01:08:22 (Central Daylight Time),10501,2,38.0,83,0.0,True,1360.0,204.0,83,2.0000000000009095,adolescent,2025-08-11,training,9,,13,13.0,-999,-999
projectseed-bds-production,BackwardsDigitSpan-v2.0,17,1,2025-08-20 01:08:11 (Central Daylight Time),"Mozilla/5.0 (iPhone; CPU iPhone OS 18_5 like Mac OS X) AppleWebKit/605.1.15 (KHTML, like Gecko) Version/18.5 Mobile/15E148 Safari/604.1",322a52f2-68f6-4eb8-ad3c-5e916825f747,844,390,eng,-999.0,2025-08-20 01:08:27 (Central Daylight Time),15786,2,24.0,42,0.0,True,1677.0,266.0,42,1.000000000001819,adolescent,2025-08-11,training,9,,13,13.0,-999,-999
projectseed-bds-production,BackwardsDigitSpan-v2.0,17,1,2025-08-20 01:08:11 (Central Daylight Time),"Mozilla/5.0 (iPhone; CPU iPhone OS 18_5 like Mac OS X) AppleWebKit/605.1.15 (KHTML, like Gecko) Version/18.5 Mobile/15E148 Safari/604.1",322a52f2-68f6-4eb8-ad3c-5e916825f747,844,390,eng,-999.0,2025-08-20 01:08:33 (Central Daylight Time),21586,3,678.0,876,0.0,True,1225.0,366.0,876,1.0,adolescent,2025-08-11,training,9,,13,13.0,-999,-999
projectseed-bds-production,BackwardsDigitSpan-v2.0,17,1,2025-08-20 01:08:11 (Central Daylight Time),"Mozilla/5.0 (iPhone; CPU iPhone OS 18_5 like Mac OS X) AppleWebKit/605.1.15 (KHTML, like Gecko) Version/18.5 Mobile/15E148 Safari/604.1",322a52f2-68f6-4eb8-ad3c-5e916825f747,844,390,eng,1.0,2025-08-20 01:08:39 (Central Daylight Time),27720,2,35.0,53,1.0,True,2126.0,432.0,53,1.0,adolescent,2025-08-11,test,9,,13,13.0,-999,-999
projectseed-bds-production,BackwardsDigitSpan-v2.0,17,1,2025-08-20 01:08:11 (Central Daylight Time),"Mozilla/5.0 (iPhone; CPU iPhone OS 18_5 like Mac OS X) AppleWebKit/605.1.15 (KHTML, like Gecko) Version/18.5 Mobile/15E148 Safari/604.1",322a52f2-68f6-4eb8-ad3c-5e916825f747,844,390,eng,2.0,2025-08-20 01:08:47 (Central Daylight Time),35718,3,374.0,473,1.0,True,3990.0,797.0,473,1.000000000003638,adolescent,2025-08-11,test,9,,13,13.0,-999,-999
projectseed-bds-production,BackwardsDigitSpan-v2.0,17,1,2025-08-20 01:08:11 (Central Daylight Time),"Mozilla/5.0 (iPhone; CPU iPhone OS 18_5 like Mac OS X) AppleWebKit/605.1.15 (KHTML, like Gecko) Version/18.5 Mobile/15E148 Safari/604.1",322a52f2-68f6-4eb8-ad3c-5e916825f747,844,390,eng,3.0,2025-08-20 01:08:56 (Central Daylight Time),44651,4,4279.0,9724,1.0,True,3925.0,861.0,9724,1.0,adolescent,2025-08-11,test,9,,13,13.0,-999,-999
projectseed-bds-production,BackwardsDigitSpan-v2.0,17,1,2025-08-20 01:08:11 (Central Daylight Time),"Mozilla/5.0 (iPhone; CPU iPhone OS 18_5 like Mac OS X) AppleWebKit/605.1.15 (KHTML, like Gecko) Version/18.5 Mobile/15E148 Safari/604.1",322a52f2-68f6-4eb8-ad3c-5e916825f747,844,390,eng,4.0,2025-08-20 01:09:07 (Central Daylight Time),55669,5,46759.0,95764,1.0,True,5007.0,1195.0,95764,1.0,adolescent,2025-08-11,test,9,,13,13.0,-999,-999
projectseed-bds-production,BackwardsDigitSpan-v2.0,17,1,2025-08-20 01:08:11 (Central Daylight Time),"Mozilla/5.0 (iPhone; CPU iPhone OS 18_5 like Mac OS X) AppleWebKit/605.1.15 (KHTML, like Gecko) Version/18.5 Mobile/15E148 Safari/604.1",322a52f2-68f6-4eb8-ad3c-5e916825f747,844,390,eng,5.0,2025-08-20 01:09:19 (Central Daylight Time),68207,6,309156.0,651903,1.0,True,5527.0,2134.0,651903,0.999999999992724,adolescent,2025-08-11,test,9,,13,13.0,-999,-999
projectseed-bds-production,BackwardsDigitSpan-v2.0,17,1,2025-08-20 01:08:11 (Central Daylight Time),"Mozilla/5.0 (iPhone; CPU iPhone OS 18_5 like Mac OS X) AppleWebKit/605.1.15 (KHTML, like Gecko) Version/18.5 Mobile/15E148 Safari/604.1",322a52f2-68f6-4eb8-ad3c-5e916825f747,844,390,eng,6.0,2025-08-20 01:09:33 (Central Daylight Time),82059,7,1432769.0,9672341,1.0,True,5840.0,2049.0,9672341,0.9999999999854481,adolescent,2025-08-11,test,9,,13,13.0,-999,-999
projectseed-bds-production,BackwardsDigitSpan-v2.0,17,1,2025-08-20 01:08:11 (Central Daylight Time),"Mozilla/5.0 (iPhone; CPU iPhone OS 18_5 like Mac OS X) AppleWebKit/605.1.15 (KHTML, like Gecko) Version/18.5 Mobile/15E148 Safari/604.1",322a52f2-68f6-4eb8-ad3c-5e916825f747,844,390,eng,7.0,2025-08-20 01:09:51 (Central Daylight Time),99324,8,21890365.0,56309812,1.0,True,8249.0,3915.0,56309812,3.0,adolescent,2025-08-11,test,9,,13,13.0,-999,-999
projectseed-bds-production,BackwardsDigitSpan-v2.0,17,1,2025-08-20 01:08:11 (Central Daylight Time),"Mozilla/5.0 (iPhone; CPU iPhone OS 18_5 like Mac OS X) AppleWebKit/605.1.15 (KHTML, like Gecko) Version/18.5 Mobile/15E148 Safari/604.1",322a52f2-68f6-4eb8-ad3c-5e916825f747,844,390,eng,8.0,2025-08-20 01:10:09 (Central Daylight Time),118160,9,386921507.0,705129683,1.0,True,8820.0,5183.0,705129683,2.000000000014552,adolescent,2025-08-11,test,9,,13,13.0,-999,-999
projectseed-bds-production,BackwardsDigitSpan-v2.0,17,1,2025-08-20 01:08:11 (Central Daylight Time),"Mozilla/5.0 (iPhone; CPU iPhone OS 18_5 like Mac OS X) AppleWebKit/605.1.15 (KHTML, like Gecko) Version/18.5 Mobile/15E148 Safari/604.1",322a52f2-68f6-4eb8-ad3c-5e916825f747,844,390,eng,9.0,2025-08-20 01:10:31 (Central Daylight Time),139411,10,1054938726.0,6278394501,1.0,True,10232.0,5850.0,6278394501,3.0,adolescent,2025-08-11,test,9,,13,13.0,-999,-999
projectseed-bds-production,BackwardsDigitSpan-v2.0,17,1,2025-08-20 01:08:11 (Central Daylight Time),"Mozilla/5.0 (iPhone; CPU iPhone OS 18_5 like Mac OS X) AppleWebKit/605.1.15 (KHTML, like Gecko) Version/18.5 Mobile/15E148 Safari/604.1",322a52f2-68f6-4eb8-ad3c-5e916825f747,844,390,eng,10.0,2025-08-20 01:10:55 (Central Daylight Time),163665,11,60453291207.0,70219235406,1.0,False,12233.0,8767.0,70219354066,3.999999999970896,adolescent,2025-08-11,test,9,,13,13.0,-999,-999
projectseed-bds-production,BackwardsDigitSpan-v2.0,17,1,2025-08-20 01:08:11 (Central Daylight Time),"Mozilla/5.0 (iPhone; CPU iPhone OS 18_5 like Mac OS X) AppleWebKit/605.1.15 (KHTML, like Gecko) Version/18.5 Mobile/15E148 Safari/604.1",322a52f2-68f6-4eb8-ad3c-5e916825f747,844,390,eng,11.0,2025-08-20 01:11:21 (Central Daylight Time),189516,11,85637534262.0,26243573658,1.0,True,13831.0,8150.0,26243573658,4.0,adolescent,2025-08-11,test,9,,13,13.0,-999,-999
projectseed-bds-production,BackwardsDigitSpan-v2.0,17,1,2025-08-20 01:08:11 (Central Daylight Time),"Mozilla/5.0 (iPhone; CPU iPhone OS 18_5 like Mac OS X) AppleWebKit/605.1.15 (KHTML, like Gecko) Version/18.5 Mobile/15E148 Safari/604.1",322a52f2-68f6-4eb8-ad3c-5e916825f747,844,390,eng,12.0,2025-08-20 01:11:49 (Central Daylight Time),218252,12,153463529761.0,167925364351,1.0,True,15715.0,10801.0,167925364351,3.000000000029104,adolescent,2025-08-11,test,9,,13,13.0,-999,-999
projectseed-bds-production,BackwardsDigitSpan-v2.0,17,1,2025-08-20 01:08:11 (Central Daylight Time),"Mozilla/5.0 (iPhone; CPU iPhone OS 18_5 like Mac OS X) AppleWebKit/605.1.15 (KHTML, like Gecko) Version/18.5 Mobile/15E148 Safari/604.1",322a52f2-68f6-4eb8-ad3c-5e916825f747,844,390,eng,13.0,2025-08-20 01:12:19 (Central Daylight Time),247504,13,7643036172981.0,1892716303467,1.0,True,15228.0,10835.0,1892716303467,4.0,adolescent,2025-08-11,test,9,,13,13.0,-999,-999
projectseed-bds-production,BackwardsDigitSpan-v2.0,17,1,2025-08-20 01:08:11 (Central Daylight Time),"Mozilla/5.0 (iPhone; CPU iPhone OS 18_5 like Mac OS X) AppleWebKit/605.1.15 (KHTML, like Gecko) Version/18.5 Mobile/15E148 Safari/604.1",322a52f2-68f6-4eb8-ad3c-5e916825f747,844,390,eng,14.0,2025-08-20 01:12:50 (Central Daylight Time),278405,14,94196475237068.0,86073257469149,1.0,False,15875.0,11815.0,86073357569149,6.000000000029104,adolescent,2025-08-11,test,9,,13,13.0,-999,-999
projectseed-bds-production,BackwardsDigitSpan-v2.0,17,1,2025-08-20 23:33:21 (Central Daylight Time),"Mozilla/5.0 (iPhone; CPU iPhone OS 18_5 like Mac OS X) AppleWebKit/605.1.15 (KHTML, like Gecko) Version/18.5 Mobile/15E148 Safari/604.1",1f1824d7-421a-4efe-8016-d6811bc72e1c,844,390,eng,-999.0,2025-08-20 23:33:32 (Central Daylight Time),10266,2,18.0,81,0.0,True,1210.0,182.0,81,0.0,adolescent,2025-08-11,training,10,,10,8.5,-999,-999
projectseed-bds-production,BackwardsDigitSpan-v2.0,17,1,2025-08-20 23:33:21 (Central Daylight Time),"Mozilla/5.0 (iPhone; CPU iPhone OS 18_5 like Mac OS X) AppleWebKit/605.1.15 (KHTML, like Gecko) Version/18.5 Mobile/15E148 Safari/604.1",1f1824d7-421a-4efe-8016-d6811bc72e1c,844,390,eng,-999.0,2025-08-20 23:33:37 (Central Daylight Time),15716,2,49.0,94,0.0,True,1724.0,199.0,94,1.0,adolescent,2025-08-11,training,10,,10,8.5,-999,-999
projectseed-bds-production,BackwardsDigitSpan-v2.0,17,1,2025-08-20 23:33:21 (Central Daylight Time),"Mozilla/5.0 (iPhone; CPU iPhone OS 18_5 like Mac OS X) AppleWebKit/605.1.15 (KHTML, like Gecko) Version/18.5 Mobile/15E148 Safari/604.1",1f1824d7-421a-4efe-8016-d6811bc72e1c,844,390,eng,-999.0,2025-08-20 23:33:44 (Central Daylight Time),22216,3,382.0,283,0.0,True,1774.0,315.0,283,1.0,adolescent,2025-08-11,training,10,,10,8.5,-999,-999
projectseed-bds-production,BackwardsDigitSpan-v2.0,17,1,2025-08-20 23:33:21 (Central Daylight Time),"Mozilla/5.0 (iPhone; CPU iPhone OS 18_5 like Mac OS X) AppleWebKit/605.1.15 (KHTML, like Gecko) Version/18.5 Mobile/15E148 Safari/604.1",1f1824d7-421a-4efe-8016-d6811bc72e1c,844,390,eng,1.0,2025-08-20 23:33:54 (Central Daylight Time),32175,2,63.0,36,1.0,True,1355.0,567.0,36,1.0,adolescent,2025-08-11,test,10,,10,8.5,-999,-999
projectseed-bds-production,BackwardsDigitSpan-v2.0,17,1,2025-08-20 23:33:21 (Central Daylight Time),"Mozilla/5.0 (iPhone; CPU iPhone OS 18_5 like Mac OS X) AppleWebKit/605.1.15 (KHTML, like Gecko) Version/18.5 Mobile/15E148 Safari/604.1",1f1824d7-421a-4efe-8016-d6811bc72e1c,844,390,eng,2.0,2025-08-20 23:33:59 (Central Daylight Time),37409,3,743.0,347,1.0,True,1226.0,550.0,347,1.0,adolescent,2025-08-11,test,10,,10,8.5,-999,-999
projectseed-bds-production,BackwardsDigitSpan-v2.0,17,1,2025-08-20 23:33:21 (Central Daylight Time),"Mozilla/5.0 (iPhone; CPU iPhone OS 18_5 like Mac OS X) AppleWebKit/605.1.15 (KHTML, like Gecko) Version/18.5 Mobile/15E148 Safari/604.1",1f1824d7-421a-4efe-8016-d6811bc72e1c,844,390,eng,3.0,2025-08-20 23:34:08 (Central Daylight Time),46842,4,4816.0,6184,1.0,True,4424.0,2983.0,6184,2.0,adolescent,2025-08-11,test,10,,10,8.5,-999,-999
projectseed-bds-production,BackwardsDigitSpan-v2.0,17,1,2025-08-20 23:33:21 (Central Daylight Time),"Mozilla/5.0 (iPhone; CPU iPhone OS 18_5 like Mac OS X) AppleWebKit/605.1.15 (KHTML, like Gecko) Version/18.5 Mobile/15E148 Safari/604.1",1f1824d7-421a-4efe-8016-d6811bc72e1c,844,390,eng,4.0,2025-08-20 23:34:19 (Central Daylight Time),57874,5,38725.0,52783,1.0,True,5025.0,1783.0,52783,4.0,adolescent,2025-08-11,test,10,,10,8.5,-999,-999
projectseed-bds-production,BackwardsDigitSpan-v2.0,17,1,2025-08-20 23:33:21 (Central Daylight Time),"Mozilla/5.0 (iPhone; CPU iPhone OS 18_5 like Mac OS X) AppleWebKit/605.1.15 (KHTML, like Gecko) Version/18.5 Mobile/15E148 Safari/604.1",1f1824d7-421a-4efe-8016-d6811bc72e1c,844,390,eng,5.0,2025-08-20 23:34:34 (Central Daylight Time),72294,6,284176.0,671482,1.0,False,7408.0,2366.0,614827,2.000000000007276,adolescent,2025-08-11,test,10,,10,8.5,-999,-999
projectseed-bds-production,BackwardsDigitSpan-v2.0,17,1,2025-08-20 23:33:21 (Central Daylight Time),"Mozilla/5.0 (iPhone; CPU iPhone OS 18_5 like Mac OS X) AppleWebKit/605.1.15 (KHTML, like Gecko) Version/18.5 Mobile/15E148 Safari/604.1",1f1824d7-421a-4efe-8016-d6811bc72e1c,844,390,eng,6.0,2025-08-20 23:34:47 (Central Daylight Time),85326,6,285967.0,769582,1.0,True,6018.0,2448.0,769582,3.0,adolescent,2025-08-11,test,10,,10,8.5,-999,-999
projectseed-bds-production,BackwardsDigitSpan-v2.0,17,1,2025-08-20 23:33:21 (Central Daylight Time),"Mozilla/5.0 (iPhone; CPU iPhone OS 18_5 like Mac OS X) AppleWebKit/605.1.15 (KHTML, like Gecko) Version/18.5 Mobile/15E148 Safari/604.1",1f1824d7-421a-4efe-8016-d6811bc72e1c,844,390,eng,7.0,2025-08-20 23:35:01 (Central Daylight Time),99477,7,4195308.0,8035914,1.0,True,6137.0,3047.0,8035914,2.0,adolescent,2025-08-11,test,10,,10,8.5,-999,-999
projectseed-bds-production,BackwardsDigitSpan-v2.0,17,1,2025-08-20 23:33:21 (Central Daylight Time),"Mozilla/5.0 (iPhone; CPU iPhone OS 18_5 like Mac OS X) AppleWebKit/605.1.15 (KHTML, like Gecko) Version/18.5 Mobile/15E148 Safari/604.1",1f1824d7-421a-4efe-8016-d6811bc72e1c,844,390,eng,8.0,2025-08-20 23:35:18 (Central Daylight Time),116696,8,86173054.0,45037168,1.0,False,8203.0,3816.0,45073168,2.000000000014552,adolescent,2025-08-11,test,10,,10,8.5,-999,-999
projectseed-bds-production,BackwardsDigitSpan-v2.0,17,1,2025-08-20 23:33:21 (Central Daylight Time),"Mozilla/5.0 (iPhone; CPU iPhone OS 18_5 like Mac OS X) AppleWebKit/605.1.15 (KHTML, like Gecko) Version/18.5 Mobile/15E148 Safari/604.1",1f1824d7-421a-4efe-8016-d6811bc72e1c,844,390,eng,9.0,2025-08-20 23:35:41 (Central Daylight Time),139436,8,50931876.0,67813905,1.0,True,13727.0,7022.0,67813905,2.0,adolescent,2025-08-11,test,10,,10,8.5,-999,-999
projectseed-bds-production,BackwardsDigitSpan-v2.0,17,1,2025-08-20 23:33:21 (Central Daylight Time),"Mozilla/5.0 (iPhone; CPU iPhone OS 18_5 like Mac OS X) AppleWebKit/605.1.15 (KHTML, like Gecko) Version/18.5 Mobile/15E148 Safari/604.1",1f1824d7-421a-4efe-8016-d6811bc72e1c,844,390,eng,10.0,2025-08-20 23:36:00 (Central Daylight Time),158242,9,792034651.0,156430297,1.0,False,8793.0,5118.0,165430297,4.000000000058208,adolescent,2025-08-11,test,10,,10,8.5,-999,-999
projectseed-bds-production,BackwardsDigitSpan-v2.0,17,1,2025-08-20 23:33:21 (Central Daylight Time),"Mozilla/5.0 (iPhone; CPU iPhone OS 18_5 like Mac OS X) AppleWebKit/605.1.15 (KHTML, like Gecko) Version/18.5 Mobile/15E148 Safari/604.1",1f1824d7-421a-4efe-8016-d6811bc72e1c,844,390,eng,11.0,2025-08-20 23:36:21 (Central Daylight Time),179677,9,219684537.0,735486912,1.0,True,11419.0,7398.0,735486912,3.0,adolescent,2025-08-11,test,10,,10,8.5,-999,-999
projectseed-bds-production,BackwardsDigitSpan-v2.0,17,1,2025-08-20 23:33:21 (Central Daylight Time),"Mozilla/5.0 (iPhone; CPU iPhone OS 18_5 like Mac OS X) AppleWebKit/605.1.15 (KHTML, like Gecko) Version/18.5 Mobile/15E148 Safari/604.1",1f1824d7-421a-4efe-8016-d6811bc72e1c,844,390,eng,12.0,2025-08-20 23:36:41 (Central Daylight Time),199879,10,6894712305.0,5032174986,1.0,False,9184.0,6316.0,5012374986,2.0,adolescent,2025-08-11,test,10,,10,8.5,-999,-999
projectseed-bds-production,BackwardsDigitSpan-v2.0,17,1,2025-08-20 23:33:21 (Central Daylight Time),"Mozilla/5.0 (iPhone; CPU iPhone OS 18_5 like Mac OS X) AppleWebKit/605.1.15 (KHTML, like Gecko) Version/18.5 Mobile/15E148 Safari/604.1",1f1824d7-421a-4efe-8016-d6811bc72e1c,844,390,eng,13.0,2025-08-20 23:37:05 (Central Daylight Time),223895,10,4850962317.0,7132690584,1.0,True,12999.0,8297.0,7132690584,5.000000000058208,adolescent,2025-08-11,test,10,,10,8.5,-999,-999
projectseed-bds-production,BackwardsDigitSpan-v2.0,17,1,2025-08-20 23:33:21 (Central Daylight Time),"Mozilla/5.0 (iPhone; CPU iPhone OS 18_5 like Mac OS X) AppleWebKit/605.1.15 (KHTML, like Gecko) Version/18.5 Mobile/15E148 Safari/604.1",1f1824d7-421a-4efe-8016-d6811bc72e1c,844,390,eng,14.0,2025-08-20 23:37:31 (Central Daylight Time),249882,11,29716869758.0,85796861792,1.0,False,13968.0,9349.0,85769861792,5.0,adolescent,2025-08-11,test,10,,10,8.5,-999,-999
projectseed-bds-production,BackwardsDigitSpan-v2.0,17,1,2025-08-21 22:37:31 (Central Daylight Time),"Mozilla/5.0 (iPhone; CPU iPhone OS 18_5 like Mac OS X) AppleWebKit/605.1.15 (KHTML, like Gecko) Version/18.5 Mobile/15E148 Safari/604.1",9f196074-6407-4a9f-a5da-ea2a6be82e8e,844,390,eng,-999.0,2025-08-21 22:37:43 (Central Daylight Time),12774,2,76.0,67,0.0,True,1351.0,145.0,67,2.0,adolescent,2025-08-11,training,11,,9,8.1667,9,11
projectseed-bds-production,BackwardsDigitSpan-v2.0,17,1,2025-08-21 22:37:31 (Central Daylight Time),"Mozilla/5.0 (iPhone; CPU iPhone OS 18_5 like Mac OS X) AppleWebKit/605.1.15 (KHTML, like Gecko) Version/18.5 Mobile/15E148 Safari/604.1",9f196074-6407-4a9f-a5da-ea2a6be82e8e,844,390,eng,-999.0,2025-08-21 22:37:48 (Central Daylight Time),17656,2,13.0,31,0.0,True,1239.0,211.0,31,1.0,adolescent,2025-08-11,training,11,,9,8.1667,9,11
projectseed-bds-production,BackwardsDigitSpan-v2.0,17,1,2025-08-21 22:37:31 (Central Daylight Time),"Mozilla/5.0 (iPhone; CPU iPhone OS 18_5 like Mac OS X) AppleWebKit/605.1.15 (KHTML, like Gecko) Version/18.5 Mobile/15E148 Safari/604.1",9f196074-6407-4a9f-a5da-ea2a6be82e8e,844,390,eng,-999.0,2025-08-21 22:37:54 (Central Daylight Time),23673,3,731.0,137,0.0,True,1396.0,516.0,137,0.0,adolescent,2025-08-11,training,11,,9,8.1667,9,11
projectseed-bds-production,BackwardsDigitSpan-v2.0,17,1,2025-08-21 22:37:31 (Central Daylight Time),"Mozilla/5.0 (iPhone; CPU iPhone OS 18_5 like Mac OS X) AppleWebKit/605.1.15 (KHTML, like Gecko) Version/18.5 Mobile/15E148 Safari/604.1",9f196074-6407-4a9f-a5da-ea2a6be82e8e,844,390,eng,1.0,2025-08-21 22:37:59 (Central Daylight Time),28357,2,13.0,31,1.0,True,1108.0,284.0,31,1.0,adolescent,2025-08-11,test,11,,9,8.1667,9,11
projectseed-bds-production,BackwardsDigitSpan-v2.0,17,1,2025-08-21 22:37:31 (Central Daylight Time),"Mozilla/5.0 (iPhone; CPU iPhone OS 18_5 like Mac OS X) AppleWebKit/605.1.15 (KHTML, like Gecko) Version/18.5 Mobile/15E148 Safari/604.1",9f196074-6407-4a9f-a5da-ea2a6be82e8e,844,390,eng,2.0,2025-08-21 22:38:05 (Central Daylight Time),34191,3,291.0,192,1.0,True,1825.0,966.0,192,0.999999999996362,adolescent,2025-08-11,test,11,,9,8.1667,9,11
projectseed-bds-production,BackwardsDigitSpan-v2.0,17,1,2025-08-21 22:37:31 (Central Daylight Time),"Mozilla/5.0 (iPhone; CPU iPhone OS 18_5 like Mac OS X) AppleWebKit/605.1.15 (KHTML, like Gecko) Version/18.5 Mobile/15E148 Safari/604.1",9f196074-6407-4a9f-a5da-ea2a6be82e8e,844,390,eng,3.0,2025-08-21 22:38:12 (Central Daylight Time),40940,4,1724.0,4271,1.0,True,1740.0,679.0,4271,0.999999999992724,adolescent,2025-08-11,test,11,,9,8.1667,9,11
projectseed-bds-production,BackwardsDigitSpan-v2.0,17,1,2025-08-21 22:37:31 (Central Daylight Time),"Mozilla/5.0 (iPhone; CPU iPhone OS 18_5 like Mac OS X) AppleWebKit/605.1.15 (KHTML, like Gecko) Version/18.5 Mobile/15E148 Safari/604.1",9f196074-6407-4a9f-a5da-ea2a6be82e8e,844,390,eng,4.0,2025-08-21 22:38:22 (Central Daylight Time),51692,5,57364.0,46375,1.0,True,4742.0,2949.0,46375,0.0,adolescent,2025-08-11,test,11,,9,8.1667,9,11
projectseed-bds-production,BackwardsDigitSpan-v2.0,17,1,2025-08-21 22:37:31 (Central Daylight Time),"Mozilla/5.0 (iPhone; CPU iPhone OS 18_5 like Mac OS X) AppleWebKit/605.1.15 (KHTML, like Gecko) Version/18.5 Mobile/15E148 Safari/604.1",9f196074-6407-4a9f-a5da-ea2a6be82e8e,844,390,eng,5.0,2025-08-21 22:38:36 (Central Daylight Time),65610,6,601725.0,527106,1.0,True,6906.0,2199.0,527106,1.000000000007276,adolescent,2025-08-11,test,11,,9,8.1667,9,11
projectseed-bds-production,BackwardsDigitSpan-v2.0,17,1,2025-08-21 22:37:31 (Central Daylight Time),"Mozilla/5.0 (iPhone; CPU iPhone OS 18_5 like Mac OS X) AppleWebKit/605.1.15 (KHTML, like Gecko) Version/18.5 Mobile/15E148 Safari/604.1",9f196074-6407-4a9f-a5da-ea2a6be82e8e,844,390,eng,6.0,2025-08-21 22:38:51 (Central Daylight Time),80861,7,1789463.0,3649871,1.0,False,7238.0,2419.0,3648971,1.0,adolescent,2025-08-11,test,11,,9,8.1667,9,11
projectseed-bds-production,BackwardsDigitSpan-v2.0,17,1,2025-08-21 22:37:31 (Central Daylight Time),"Mozilla/5.0 (iPhone; CPU iPhone OS 18_5 like Mac OS X) AppleWebKit/605.1.15 (KHTML, like Gecko) Version/18.5 Mobile/15E148 Safari/604.1",9f196074-6407-4a9f-a5da-ea2a6be82e8e,844,390,eng,7.0,2025-08-21 22:39:06 (Central Daylight Time),95428,7,2698307.0,7038962,1.0,True,6554.0,1982.0,7038962,2.0,adolescent,2025-08-11,test,11,,9,8.1667,9,11
projectseed-bds-production,BackwardsDigitSpan-v2.0,17,1,2025-08-21 22:37:31 (Central Daylight Time),"Mozilla/5.0 (iPhone; CPU iPhone OS 18_5 like Mac OS X) AppleWebKit/605.1.15 (KHTML, like Gecko) Version/18.5 Mobile/15E148 Safari/604.1",9f196074-6407-4a9f-a5da-ea2a6be82e8e,844,390,eng,8.0,2025-08-21 22:39:27 (Central Daylight Time),116256,8,15847203.0,30274851,1.0,False,11813.0,5324.0,30274815,1.9999999999708962,adolescent,2025-08-11,test,11,,9,8.1667,9,11
projectseed-bds-production,BackwardsDigitSpan-v2.0,17,1,2025-08-21 22:37:31 (Central Daylight Time),"Mozilla/5.0 (iPhone; CPU iPhone OS 18_5 like Mac OS X) AppleWebKit/605.1.15 (KHTML, like Gecko) Version/18.5 Mobile/15E148 Safari/604.1",9f196074-6407-4a9f-a5da-ea2a6be82e8e,844,390,eng,9.0,2025-08-21 22:39:45 (Central Daylight Time),134455,8,62350178.0,87105326,1.0,True,9185.0,5682.0,87105326,2.0,adolescent,2025-08-11,test,11,,9,8.1667,9,11
projectseed-bds-production,BackwardsDigitSpan-v2.0,17,1,2025-08-21 22:37:31 (Central Daylight Time),"Mozilla/5.0 (iPhone; CPU iPhone OS 18_5 like Mac OS X) AppleWebKit/605.1.15 (KHTML, like Gecko) Version/18.5 Mobile/15E148 Safari/604.1",9f196074-6407-4a9f-a5da-ea2a6be82e8e,844,390,eng,10.0,2025-08-21 22:40:05 (Central Daylight Time),154009,9,254638109.0,901836452,1.0,False,9537.0,5651.0,901386452,1.0,adolescent,2025-08-11,test,11,,9,8.1667,9,11
projectseed-bds-production,BackwardsDigitSpan-v2.0,17,1,2025-08-21 22:37:31 (Central Daylight Time),"Mozilla/5.0 (iPhone; CPU iPhone OS 18_5 like Mac OS X) AppleWebKit/605.1.15 (KHTML, like Gecko) Version/18.5 Mobile/15E148 Safari/604.1",9f196074-6407-4a9f-a5da-ea2a6be82e8e,844,390,eng,11.0,2025-08-21 22:40:25 (Central Daylight Time),174242,9,543761892.0,298167345,1.0,True,10218.0,5901.0,298167345,1.9999999999708962,adolescent,2025-08-11,test,11,,9,8.1667,9,11
projectseed-bds-production,BackwardsDigitSpan-v2.0,17,1,2025-08-21 22:37:31 (Central Daylight Time),"Mozilla/5.0 (iPhone; CPU iPhone OS 18_5 like Mac OS X) AppleWebKit/605.1.15 (KHTML, like Gecko) Version/18.5 Mobile/15E148 Safari/604.1",9f196074-6407-4a9f-a5da-ea2a6be82e8e,844,390,eng,12.0,2025-08-21 22:40:47 (Central Daylight Time),195976,10,1273485906.0,6095843721,1.0,False,10715.0,6700.0,6059843721,1.0,adolescent,2025-08-11,test,11,,9,8.1667,9,11
projectseed-bds-production,BackwardsDigitSpan-v2.0,17,1,2025-08-21 22:37:31 (Central Daylight Time),"Mozilla/5.0 (iPhone; CPU iPhone OS 18_5 like Mac OS X) AppleWebKit/605.1.15 (KHTML, like Gecko) Version/18.5 Mobile/15E148 Safari/604.1",9f196074-6407-4a9f-a5da-ea2a6be82e8e,844,390,eng,13.0,2025-08-21 22:41:08 (Central Daylight Time),217210,10,5698023174.0,4713208965,1.0,False,10216.0,7015.0,4713209865,2.999999999970896,adolescent,2025-08-11,test,11,,9,8.1667,9,11
projectseed-bds-production,BackwardsDigitSpan-v2.0,17,1,2025-08-21 22:37:31 (Central Daylight Time),"Mozilla/5.0 (iPhone; CPU iPhone OS 18_5 like Mac OS X) AppleWebKit/605.1.15 (KHTML, like Gecko) Version/18.5 Mobile/15E148 Safari/604.1",9f196074-6407-4a9f-a5da-ea2a6be82e8e,844,390,eng,14.0,2025-08-21 22:41:27 (Central Daylight Time),236395,9,534021769.0,967120435,1.0,True,9167.0,5682.0,967120435,2.0,adolescent,2025-08-11,test,11,,9,8.1667,9,11
projectseed-bds-production,BackwardsDigitSpan-v2.0,17,1,2025-08-23 04:21:08 (Central Daylight Time),"Mozilla/5.0 (iPhone; CPU iPhone OS 18_5 like Mac OS X) AppleWebKit/605.1.15 (KHTML, like Gecko) Version/18.5 Mobile/15E148 Safari/604.1",f02040a6-2135-4192-9c6a-f3bc6ab0ab84,844,390,eng,-999.0,2025-08-23 04:21:28 (Central Daylight Time),20881,2,29.0,92,0.0,True,1604.0,299.0,92,1.000000000003638,adolescent,2025-08-11,training,12,,8,7.4167,8,9
projectseed-bds-production,BackwardsDigitSpan-v2.0,17,1,2025-08-23 04:21:08 (Central Daylight Time),"Mozilla/5.0 (iPhone; CPU iPhone OS 18_5 like Mac OS X) AppleWebKit/605.1.15 (KHTML, like Gecko) Version/18.5 Mobile/15E148 Safari/604.1",f02040a6-2135-4192-9c6a-f3bc6ab0ab84,844,390,eng,-999.0,2025-08-23 04:21:34 (Central Daylight Time),26017,2,37.0,73,0.0,True,1227.0,215.0,73,1.000000000003638,adolescent,2025-08-11,training,12,,8,7.4167,8,9
projectseed-bds-production,BackwardsDigitSpan-v2.0,17,1,2025-08-23 04:21:08 (Central Daylight Time),"Mozilla/5.0 (iPhone; CPU iPhone OS 18_5 like Mac OS X) AppleWebKit/605.1.15 (KHTML, like Gecko) Version/18.5 Mobile/15E148 Safari/604.1",f02040a6-2135-4192-9c6a-f3bc6ab0ab84,844,390,eng,-999.0,2025-08-23 04:21:40 (Central Daylight Time),32733,3,465.0,564,0.0,True,2174.0,763.0,564,1.0,adolescent,2025-08-11,training,12,,8,7.4167,8,9
projectseed-bds-production,BackwardsDigitSpan-v2.0,17,1,2025-08-23 04:21:08 (Central Daylight Time),"Mozilla/5.0 (iPhone; CPU iPhone OS 18_5 like Mac OS X) AppleWebKit/605.1.15 (KHTML, like Gecko) Version/18.5 Mobile/15E148 Safari/604.1",f02040a6-2135-4192-9c6a-f3bc6ab0ab84,844,390,eng,1.0,2025-08-23 04:21:45 (Central Daylight Time),37549,2,27.0,72,1.0,True,1142.0,196.0,72,1.0,adolescent,2025-08-11,test,12,,8,7.4167,8,9
projectseed-bds-production,BackwardsDigitSpan-v2.0,17,1,2025-08-23 04:21:08 (Central Daylight Time),"Mozilla/5.0 (iPhone; CPU iPhone OS 18_5 like Mac OS X) AppleWebKit/605.1.15 (KHTML, like Gecko) Version/18.5 Mobile/15E148 Safari/604.1",f02040a6-2135-4192-9c6a-f3bc6ab0ab84,844,390,eng,2.0,2025-08-23 04:21:51 (Central Daylight Time),43101,3,254.0,452,1.0,True,1545.0,482.0,452,1.0,adolescent,2025-08-11,test,12,,8,7.4167,8,9
projectseed-bds-production,BackwardsDigitSpan-v2.0,17,1,2025-08-23 04:21:08 (Central Daylight Time),"Mozilla/5.0 (iPhone; CPU iPhone OS 18_5 like Mac OS X) AppleWebKit/605.1.15 (KHTML, like Gecko) Version/18.5 Mobile/15E148 Safari/604.1",f02040a6-2135-4192-9c6a-f3bc6ab0ab84,844,390,eng,3.0,2025-08-23 04:21:58 (Central Daylight Time),50934,4,9126.0,6219,1.0,True,2824.0,1848.0,6219,1.0,adolescent,2025-08-11,test,12,,8,7.4167,8,9
projectseed-bds-production,BackwardsDigitSpan-v2.0,17,1,2025-08-23 04:21:08 (Central Daylight Time),"Mozilla/5.0 (iPhone; CPU iPhone OS 18_5 like Mac OS X) AppleWebKit/605.1.15 (KHTML, like Gecko) Version/18.5 Mobile/15E148 Safari/604.1",f02040a6-2135-4192-9c6a-f3bc6ab0ab84,844,390,eng,4.0,2025-08-23 04:22:09 (Central Daylight Time),61736,5,63897.0,79836,1.0,True,4791.0,2967.0,79836,0.0,adolescent,2025-08-11,test,12,,8,7.4167,8,9
projectseed-bds-production,BackwardsDigitSpan-v2.0,17,1,2025-08-23 04:21:08 (Central Daylight Time),"Mozilla/5.0 (iPhone; CPU iPhone OS 18_5 like Mac OS X) AppleWebKit/605.1.15 (KHTML, like Gecko) Version/18.5 Mobile/15E148 Safari/604.1",f02040a6-2135-4192-9c6a-f3bc6ab0ab84,844,390,eng,5.0,2025-08-23 04:22:23 (Central Daylight Time),75886,6,963428.0,824369,1.0,True,7138.0,6066.0,824369,2.000000000007276,adolescent,2025-08-11,test,12,,8,7.4167,8,9
projectseed-bds-production,BackwardsDigitSpan-v2.0,17,1,2025-08-23 04:21:08 (Central Daylight Time),"Mozilla/5.0 (iPhone; CPU iPhone OS 18_5 like Mac OS X) AppleWebKit/605.1.15 (KHTML, like Gecko) Version/18.5 Mobile/15E148 Safari/604.1",f02040a6-2135-4192-9c6a-f3bc6ab0ab84,844,390,eng,6.0,2025-08-23 04:22:42 (Central Daylight Time),94736,7,8497152.0,2517948,1.0,False,10835.0,10000.0,2574812,2.0,adolescent,2025-08-11,test,12,,8,7.4167,8,9
projectseed-bds-production,BackwardsDigitSpan-v2.0,17,1,2025-08-23 04:21:08 (Central Daylight Time),"Mozilla/5.0 (iPhone; CPU iPhone OS 18_5 like Mac OS X) AppleWebKit/605.1.15 (KHTML, like Gecko) Version/18.5 Mobile/15E148 Safari/604.1",f02040a6-2135-4192-9c6a-f3bc6ab0ab84,844,390,eng,7.0,2025-08-23 04:23:05 (Central Daylight Time),117222,7,7894235.0,5324987,1.0,True,14473.0,12284.0,5324987,4.0,adolescent,2025-08-11,test,12,,8,7.4167,8,9
projectseed-bds-production,BackwardsDigitSpan-v2.0,17,1,2025-08-23 04:21:08 (Central Daylight Time),"Mozilla/5.0 (iPhone; CPU iPhone OS 18_5 like Mac OS X) AppleWebKit/605.1.15 (KHTML, like Gecko) Version/18.5 Mobile/15E148 Safari/604.1",f02040a6-2135-4192-9c6a-f3bc6ab0ab84,844,390,eng,8.0,2025-08-23 04:23:18 (Central Daylight Time),130805,8,32850971.0,17905823,1.0,False,4567.0,3731.0,17098327,2.0,adolescent,2025-08-11,test,12,,8,7.4167,8,9
projectseed-bds-production,BackwardsDigitSpan-v2.0,17,1,2025-08-23 04:21:08 (Central Daylight Time),"Mozilla/5.0 (iPhone; CPU iPhone OS 18_5 like Mac OS X) AppleWebKit/605.1.15 (KHTML, like Gecko) Version/18.5 Mobile/15E148 Safari/604.1",f02040a6-2135-4192-9c6a-f3bc6ab0ab84,844,390,eng,9.0,2025-08-23 04:23:41 (Central Daylight Time),153191,8,94380657.0,75608349,1.0,True,13370.0,11951.0,75608349,3.0,adolescent,2025-08-11,test,12,,8,7.4167,8,9
projectseed-bds-production,BackwardsDigitSpan-v2.0,17,1,2025-08-23 04:21:08 (Central Daylight Time),"Mozilla/5.0 (iPhone; CPU iPhone OS 18_5 like Mac OS X) AppleWebKit/605.1.15 (KHTML, like Gecko) Version/18.5 Mobile/15E148 Safari/604.1",f02040a6-2135-4192-9c6a-f3bc6ab0ab84,844,390,eng,10.0,2025-08-23 04:24:04 (Central Daylight Time),176225,9,718342069.0,960243817,1.0,False,13017.0,12068.0,960243971,3.0,adolescent,2025-08-11,test,12,,8,7.4167,8,9
projectseed-bds-production,BackwardsDigitSpan-v2.0,17,1,2025-08-23 04:21:08 (Central Daylight Time),"Mozilla/5.0 (iPhone; CPU iPhone OS 18_5 like Mac OS X) AppleWebKit/605.1.15 (KHTML, like Gecko) Version/18.5 Mobile/15E148 Safari/604.1",f02040a6-2135-4192-9c6a-f3bc6ab0ab84,844,390,eng,11.0,2025-08-23 04:24:21 (Central Daylight Time),193142,9,631450297.0,792054136,1.0,False,6899.0,5716.0,709631483,2.0,adolescent,2025-08-11,test,12,,8,7.4167,8,9
projectseed-bds-production,BackwardsDigitSpan-v2.0,17,1,2025-08-23 04:21:08 (Central Daylight Time),"Mozilla/5.0 (iPhone; CPU iPhone OS 18_5 like Mac OS X) AppleWebKit/605.1.15 (KHTML, like Gecko) Version/18.5 Mobile/15E148 Safari/604.1",f02040a6-2135-4192-9c6a-f3bc6ab0ab84,844,390,eng,12.0,2025-08-23 04:24:35 (Central Daylight Time),207791,8,23095816.0,61859032,1.0,False,5633.0,4598.0,69085183,4.000000000029104,adolescent,2025-08-11,test,12,,8,7.4167,8,9
projectseed-bds-production,BackwardsDigitSpan-v2.0,17,1,2025-08-23 04:21:08 (Central Daylight Time),"Mozilla/5.0 (iPhone; CPU iPhone OS 18_5 like Mac OS X) AppleWebKit/605.1.15 (KHTML, like Gecko) Version/18.5 Mobile/15E148 Safari/604.1",f02040a6-2135-4192-9c6a-f3bc6ab0ab84,844,390,eng,13.0,2025-08-23 04:24:51 (Central Daylight Time),223495,8,91056473.0,37465019,1.0,False,6688.0,5302.0,76891354,3.0,adolescent,2025-08-11,test,12,,8,7.4167,8,9
projectseed-bds-production,BackwardsDigitSpan-v2.0,17,1,2025-08-23 04:21:08 (Central Daylight Time),"Mozilla/5.0 (iPhone; CPU iPhone OS 18_5 like Mac OS X) AppleWebKit/605.1.15 (KHTML, like Gecko) Version/18.5 Mobile/15E148 Safari/604.1",f02040a6-2135-4192-9c6a-f3bc6ab0ab84,844,390,eng,14.0,2025-08-23 04:25:11 (Central Daylight Time),243512,7,4358791.0,1978534,1.0,True,12003.0,10668.0,1978534,4.0,adolescent,2025-08-11,test,12,,8,7.4167,8,9
projectseed-bds-production,BackwardsDigitSpan-v2.0,17,1,2025-08-24 23:18:08 (Central Daylight Time),"Mozilla/5.0 (iPhone; CPU iPhone OS 18_5 like Mac OS X) AppleWebKit/605.1.15 (KHTML, like Gecko) Version/18.5 Mobile/15E148 Safari/604.1",618f4e28-5526-400c-953b-fcc3e6fe240a,844,390,eng,-999.0,2025-08-24 23:18:44 (Central Daylight Time),36060,2,62.0,26,0.0,True,1386.0,264.0,26,1.999999999996362,adolescent,2025-08-11,training,14,,9,7.8333,9,11
projectseed-bds-production,BackwardsDigitSpan-v2.0,17,1,2025-08-24 23:18:08 (Central Daylight Time),"Mozilla/5.0 (iPhone; CPU iPhone OS 18_5 like Mac OS X) AppleWebKit/605.1.15 (KHTML, like Gecko) Version/18.5 Mobile/15E148 Safari/604.1",618f4e28-5526-400c-953b-fcc3e6fe240a,844,390,eng,-999.0,2025-08-24 23:18:49 (Central Daylight Time),41044,2,57.0,75,0.0,True,1390.0,497.0,75,1.0,adolescent,2025-08-11,training,14,,9,7.8333,9,11
projectseed-bds-production,BackwardsDigitSpan-v2.0,17,1,2025-08-24 23:18:08 (Central Daylight Time),"Mozilla/5.0 (iPhone; CPU iPhone OS 18_5 like Mac OS X) AppleWebKit/605.1.15 (KHTML, like Gecko) Version/18.5 Mobile/15E148 Safari/604.1",618f4e28-5526-400c-953b-fcc3e6fe240a,844,390,eng,-999.0,2025-08-24 23:18:56 (Central Daylight Time),47460,3,179.0,971,0.0,True,1744.0,733.0,971,1.0,adolescent,2025-08-11,training,14,,9,7.8333,9,11
projectseed-bds-production,BackwardsDigitSpan-v2.0,17,1,2025-08-24 23:18:08 (Central Daylight Time),"Mozilla/5.0 (iPhone; CPU iPhone OS 18_5 like Mac OS X) AppleWebKit/605.1.15 (KHTML, like Gecko) Version/18.5 Mobile/15E148 Safari/604.1",618f4e28-5526-400c-953b-fcc3e6fe240a,844,390,eng,1.0,2025-08-24 23:19:01 (Central Daylight Time),52926,2,26.0,62,1.0,True,1173.0,179.0,62,1.0,adolescent,2025-08-11,test,14,,9,7.8333,9,11
projectseed-bds-production,BackwardsDigitSpan-v2.0,17,1,2025-08-24 23:18:08 (Central Daylight Time),"Mozilla/5.0 (iPhone; CPU iPhone OS 18_5 like Mac OS X) AppleWebKit/605.1.15 (KHTML, like Gecko) Version/18.5 Mobile/15E148 Safari/604.1",618f4e28-5526-400c-953b-fcc3e6fe240a,844,390,eng,2.0,2025-08-24 23:19:06 (Central Daylight Time),58127,3,372.0,273,1.0,True,1193.0,381.0,273,0.0,adolescent,2025-08-11,test,14,,9,7.8333,9,11
projectseed-bds-production,BackwardsDigitSpan-v2.0,17,1,2025-08-24 23:18:08 (Central Daylight Time),"Mozilla/5.0 (iPhone; CPU iPhone OS 18_5 like Mac OS X) AppleWebKit/605.1.15 (KHTML, like Gecko) Version/18.5 Mobile/15E148 Safari/604.1",618f4e28-5526-400c-953b-fcc3e6fe240a,844,390,eng,3.0,2025-08-24 23:19:13 (Central Daylight Time),64695,4,1637.0,7361,1.0,True,1557.0,799.0,7361,2.0,adolescent,2025-08-11,test,14,,9,7.8333,9,11
projectseed-bds-production,BackwardsDigitSpan-v2.0,17,1,2025-08-24 23:18:08 (Central Daylight Time),"Mozilla/5.0 (iPhone; CPU iPhone OS 18_5 like Mac OS X) AppleWebKit/605.1.15 (KHTML, like Gecko) Version/18.5 Mobile/15E148 Safari/604.1",618f4e28-5526-400c-953b-fcc3e6fe240a,844,390,eng,4.0,2025-08-24 23:19:25 (Central Daylight Time),76630,5,97032.0,23079,1.0,False,5919.0,5251.0,23679,2.0,adolescent,2025-08-11,test,14,,9,7.8333,9,11
projectseed-bds-production,BackwardsDigitSpan-v2.0,17,1,2025-08-24 23:18:08 (Central Daylight Time),"Mozilla/5.0 (iPhone; CPU iPhone OS 18_5 like Mac OS X) AppleWebKit/605.1.15 (KHTML, like Gecko) Version/18.5 Mobile/15E148 Safari/604.1",618f4e28-5526-400c-953b-fcc3e6fe240a,844,390,eng,5.0,2025-08-24 23:19:36 (Central Daylight Time),87595,5,50632.0,23605,1.0,True,4955.0,3831.0,23605,1.0,adolescent,2025-08-11,test,14,,9,7.8333,9,11
projectseed-bds-production,BackwardsDigitSpan-v2.0,17,1,2025-08-24 23:18:08 (Central Daylight Time),"Mozilla/5.0 (iPhone; CPU iPhone OS 18_5 like Mac OS X) AppleWebKit/605.1.15 (KHTML, like Gecko) Version/18.5 Mobile/15E148 Safari/604.1",618f4e28-5526-400c-953b-fcc3e6fe240a,844,390,eng,6.0,2025-08-24 23:19:48 (Central Daylight Time),99481,6,902316.0,613209,1.0,True,4874.0,3866.0,613209,1.999999999985448,adolescent,2025-08-11,test,14,,9,7.8333,9,11
projectseed-bds-production,BackwardsDigitSpan-v2.0,17,1,2025-08-24 23:18:08 (Central Daylight Time),"Mozilla/5.0 (iPhone; CPU iPhone OS 18_5 like Mac OS X) AppleWebKit/605.1.15 (KHTML, like Gecko) Version/18.5 Mobile/15E148 Safari/604.1",618f4e28-5526-400c-953b-fcc3e6fe240a,844,390,eng,7.0,2025-08-24 23:20:01 (Central Daylight Time),113182,7,1872056.0,6502781,1.0,True,5687.0,4750.0,6502781,1.000000000014552,adolescent,2025-08-11,test,14,,9,7.8333,9,11
projectseed-bds-production,BackwardsDigitSpan-v2.0,17,1,2025-08-24 23:18:08 (Central Daylight Time),"Mozilla/5.0 (iPhone; CPU iPhone OS 18_5 like Mac OS X) AppleWebKit/605.1.15 (KHTML, like Gecko) Version/18.5 Mobile/15E148 Safari/604.1",618f4e28-5526-400c-953b-fcc3e6fe240a,844,390,eng,8.0,2025-08-24 23:20:17 (Central Daylight Time),128298,8,29687541.0,14578692,1.0,False,6102.0,5203.0,14978233,2.0,adolescent,2025-08-11,test,14,,9,7.8333,9,11
projectseed-bds-production,BackwardsDigitSpan-v2.0,17,1,2025-08-24 23:18:08 (Central Daylight Time),"Mozilla/5.0 (iPhone; CPU iPhone OS 18_5 like Mac OS X) AppleWebKit/605.1.15 (KHTML, like Gecko) Version/18.5 Mobile/15E148 Safari/604.1",618f4e28-5526-400c-953b-fcc3e6fe240a,844,390,eng,9.0,2025-08-24 23:20:35 (Central Daylight Time),146305,8,48092137.0,73129084,1.0,True,9000.0,8262.0,73129084,2.000000000014552,adolescent,2025-08-11,test,14,,9,7.8333,9,11
projectseed-bds-production,BackwardsDigitSpan-v2.0,17,1,2025-08-24 23:18:08 (Central Daylight Time),"Mozilla/5.0 (iPhone; CPU iPhone OS 18_5 like Mac OS X) AppleWebKit/605.1.15 (KHTML, like Gecko) Version/18.5 Mobile/15E148 Safari/604.1",618f4e28-5526-400c-953b-fcc3e6fe240a,844,390,eng,10.0,2025-08-24 23:20:51 (Central Daylight Time),162535,9,867341902.0,209143768,1.0,False,6215.0,5016.0,209476823,3.0,adolescent,2025-08-11,test,14,,9,7.8333,9,11
projectseed-bds-production,BackwardsDigitSpan-v2.0,17,1,2025-08-24 23:18:08 (Central Daylight Time),"Mozilla/5.0 (iPhone; CPU iPhone OS 18_5 like Mac OS X) AppleWebKit/605.1.15 (KHTML, like Gecko) Version/18.5 Mobile/15E148 Safari/604.1",618f4e28-5526-400c-953b-fcc3e6fe240a,844,390,eng,11.0,2025-08-24 23:21:11 (Central Daylight Time),183184,9,687935041.0,140539786,1.0,True,10634.0,9898.0,140539786,3.999999999970896,adolescent,2025-08-11,test,14,,9,7.8333,9,11
projectseed-bds-production,BackwardsDigitSpan-v2.0,17,1,2025-08-24 23:18:08 (Central Daylight Time),"Mozilla/5.0 (iPhone; CPU iPhone OS 18_5 like Mac OS X) AppleWebKit/605.1.15 (KHTML, like Gecko) Version/18.5 Mobile/15E148 Safari/604.1",618f4e28-5526-400c-953b-fcc3e6fe240a,844,390,eng,12.0,2025-08-24 23:21:28 (Central Daylight Time),199701,10,4720138659.0,9568310274,1.0,False,5499.0,4149.0,9037826945,3.0,adolescent,2025-08-11,test,14,,9,7.8333,9,11
projectseed-bds-production,BackwardsDigitSpan-v2.0,17,1,2025-08-24 23:18:08 (Central Daylight Time),"Mozilla/5.0 (iPhone; CPU iPhone OS 18_5 like Mac OS X) AppleWebKit/605.1.15 (KHTML, like Gecko) Version/18.5 Mobile/15E148 Safari/604.1",618f4e28-5526-400c-953b-fcc3e6fe240a,844,390,eng,13.0,2025-08-24 23:21:48 (Central Daylight Time),220171,10,3690514827.0,7284150963,1.0,False,9450.0,7384.0,2848512790,5.000000000058208,adolescent,2025-08-11,test,14,,9,7.8333,9,11
projectseed-bds-production,BackwardsDigitSpan-v2.0,17,1,2025-08-24 23:18:08 (Central Daylight Time),"Mozilla/5.0 (iPhone; CPU iPhone OS 18_5 like Mac OS X) AppleWebKit/605.1.15 (KHTML, like Gecko) Version/18.5 Mobile/15E148 Safari/604.1",618f4e28-5526-400c-953b-fcc3e6fe240a,844,390,eng,14.0,2025-08-24 23:22:05 (Central Daylight Time),237104,9,641732089.0,980237146,1.0,False,6916.0,4866.0,980764352,3.000000000029104,adolescent,2025-08-11,test,14,,9,7.8333,9,11
projectseed-bds-production,BackwardsDigitSpan-v2.0,18,1,2025-08-24 10:42:25 (Central Daylight Time),"Mozilla/5.0 (iPhone; CPU iPhone OS 18_5 like Mac OS X) AppleWebKit/605.1.15 (KHTML, like Gecko) Version/18.5 Mobile/15E148 Safari/604.1",dab855da-4d36-45ac-ac84-013d905de56f,844,390,eng,-999.0,2025-08-24 10:42:38 (Central Daylight Time),12500,2,32.0,23,0.0,False,2243.0,216.0,12,1.999999999998181,adolescent,2025-06-16,training,0,,-999,-999.0,-999,-999
projectseed-bds-production,BackwardsDigitSpan-v2.0,18,1,2025-08-24 10:42:25 (Central Daylight Time),"Mozilla/5.0 (iPhone; CPU iPhone OS 18_5 like Mac OS X) AppleWebKit/605.1.15 (KHTML, like Gecko) Version/18.5 Mobile/15E148 Safari/604.1",dab855da-4d36-45ac-ac84-013d905de56f,844,390,eng,-999.0,2025-08-24 10:42:43 (Central Daylight Time),17977,2,91.0,19,0.0,True,1851.0,384.0,19,0.0,adolescent,2025-06-16,training,0,,-999,-999.0,-999,-999
projectseed-bds-production,BackwardsDigitSpan-v2.0,18,1,2025-08-24 10:42:25 (Central Daylight Time),"Mozilla/5.0 (iPhone; CPU iPhone OS 18_5 like Mac OS X) AppleWebKit/605.1.15 (KHTML, like Gecko) Version/18.5 Mobile/15E148 Safari/604.1",dab855da-4d36-45ac-ac84-013d905de56f,844,390,eng,-999.0,2025-08-24 10:42:49 (Central Daylight Time),23969,3,824.0,428,0.0,True,1366.0,534.0,428,0.0,adolescent,2025-06-16,training,0,,-999,-999.0,-999,-999
projectseed-bds-production,BackwardsDigitSpan-v2.0,18,1,2025-08-24 10:42:25 (Central Daylight Time),"Mozilla/5.0 (iPhone; CPU iPhone OS 18_5 like Mac OS X) AppleWebKit/605.1.15 (KHTML, like Gecko) Version/18.5 Mobile/15E148 Safari/604.1",dab855da-4d36-45ac-ac84-013d905de56f,844,390,eng,-999.0,2025-08-24 10:42:54 (Central Daylight Time),29123,2,45.0,54,0.0,True,1496.0,249.0,54,0.0,adolescent,2025-06-16,training,0,,-999,-999.0,-999,-999
projectseed-bds-production,BackwardsDigitSpan-v2.0,18,1,2025-08-24 10:42:25 (Central Daylight Time),"Mozilla/5.0 (iPhone; CPU iPhone OS 18_5 like Mac OS X) AppleWebKit/605.1.15 (KHTML, like Gecko) Version/18.5 Mobile/15E148 Safari/604.1",dab855da-4d36-45ac-ac84-013d905de56f,844,390,eng,-999.0,2025-08-24 10:42:59 (Central Daylight Time),33894,2,21.0,12,0.0,True,1246.0,199.0,12,0.0,adolescent,2025-06-16,training,0,,-999,-999.0,-999,-999
projectseed-bds-production,BackwardsDigitSpan-v2.0,22,1,2025-08-24 13:41:36 (Central Daylight Time),"Mozilla/5.0 (iPhone; CPU iPhone OS 17_5_1 like Mac OS X) AppleWebKit/605.1.15 (KHTML, like Gecko) Version/17.5 Mobile/15E148 Safari/604.1",22d1a270-a04e-439b-b7c1-1a1daf0bfe41,896,414,eng,-999.0,2025-08-24 13:43:11 (Central Daylight Time),95208,2,32.0,23,0.0,False,14486.0,2643.0,25,0.0,adolescent,2025-06-16,training,0,,-999,-999.0,-999,-999
projectseed-bds-production,BackwardsDigitSpan-v2.0,22,1,2025-08-24 13:41:36 (Central Daylight Time),"Mozilla/5.0 (iPhone; CPU iPhone OS 17_5_1 like Mac OS X) AppleWebKit/605.1.15 (KHTML, like Gecko) Version/17.5 Mobile/15E148 Safari/604.1",22d1a270-a04e-439b-b7c1-1a1daf0bfe41,896,414,eng,-999.0,2025-08-24 13:43:19 (Central Daylight Time),102699,2,91.0,19,0.0,True,3290.0,465.0,19,2.000000000014552,adolescent,2025-06-16,training,0,,-999,-999.0,-999,-999
projectseed-bds-production,BackwardsDigitSpan-v2.0,22,1,2025-08-24 13:41:36 (Central Daylight Time),"Mozilla/5.0 (iPhone; CPU iPhone OS 17_5_1 like Mac OS X) AppleWebKit/605.1.15 (KHTML, like Gecko) Version/17.5 Mobile/15E148 Safari/604.1",22d1a270-a04e-439b-b7c1-1a1daf0bfe41,896,414,eng,-999.0,2025-08-24 13:43:26 (Central Daylight Time),109560,3,824.0,428,0.0,True,2127.0,1446.0,428,2.000000000029104,adolescent,2025-06-16,training,0,,-999,-999.0,-999,-999
projectseed-bds-production,BackwardsDigitSpan-v2.0,22,1,2025-08-24 13:41:36 (Central Daylight Time),"Mozilla/5.0 (iPhone; CPU iPhone OS 17_5_1 like Mac OS X) AppleWebKit/605.1.15 (KHTML, like Gecko) Version/17.5 Mobile/15E148 Safari/604.1",22d1a270-a04e-439b-b7c1-1a1daf0bfe41,896,414,eng,-999.0,2025-08-24 13:43:31 (Central Daylight Time),115070,2,45.0,54,0.0,True,1767.0,170.0,54,1.0,adolescent,2025-06-16,training,0,,-999,-999.0,-999,-999
projectseed-bds-production,BackwardsDigitSpan-v2.0,22,1,2025-08-24 13:41:36 (Central Daylight Time),"Mozilla/5.0 (iPhone; CPU iPhone OS 17_5_1 like Mac OS X) AppleWebKit/605.1.15 (KHTML, like Gecko) Version/17.5 Mobile/15E148 Safari/604.1",22d1a270-a04e-439b-b7c1-1a1daf0bfe41,896,414,eng,-999.0,2025-08-24 13:43:36 (Central Daylight Time),119802,2,21.0,12,0.0,True,1094.0,170.0,12,0.0,adolescent,2025-06-16,training,0,,-999,-999.0,-999,-999
projectseed-bds-production,BackwardsDigitSpan-v2.0,7113,1,2025-06-12 12:16:22 (Pacific Daylight Time),"Mozilla/5.0 (Macintosh; Intel Mac OS X 10_15_7) AppleWebKit/537.36 (KHTML, like Gecko) Chrome/137.0.0.0 Safari/537.36",2340264d-b0e4-476e-a302-1ec2987010eb,950,1512,eng,-999.0,2025-06-12 12:16:39 (Pacific Daylight Time),16076,2,51.0,15,0.0,True,1455.0,716.0,15,0.8999999761581421,invalid,2025-06-12,training,8,,-999,1.5,1,0
projectseed-bds-production,BackwardsDigitSpan-v2.0,7113,1,2025-06-12 12:16:22 (Pacific Daylight Time),"Mozilla/5.0 (Macintosh; Intel Mac OS X 10_15_7) AppleWebKit/537.36 (KHTML, like Gecko) Chrome/137.0.0.0 Safari/537.36",2340264d-b0e4-476e-a302-1ec2987010eb,950,1512,eng,-999.0,2025-06-12 12:16:45 (Pacific Daylight Time),22360,2,35.0,53,0.0,True,2674.0,615.0,53,0.8999999761581421,invalid,2025-06-12,training,8,,-999,1.5,1,0
projectseed-bds-production,BackwardsDigitSpan-v2.0,7113,1,2025-06-12 12:16:22 (Pacific Daylight Time),"Mozilla/5.0 (Macintosh; Intel Mac OS X 10_15_7) AppleWebKit/537.36 (KHTML, like Gecko) Chrome/137.0.0.0 Safari/537.36",2340264d-b0e4-476e-a302-1ec2987010eb,950,1512,eng,-999.0,2025-06-12 12:16:51 (Pacific Daylight Time),28907,3,123.0,321,0.0,True,1858.0,1084.0,321,2.0,invalid,2025-06-12,training,8,,-999,1.5,1,0
projectseed-bds-production,BackwardsDigitSpan-v2.0,7113,1,2025-06-12 12:16:22 (Pacific Daylight Time),"Mozilla/5.0 (Macintosh; Intel Mac OS X 10_15_7) AppleWebKit/537.36 (KHTML, like Gecko) Chrome/137.0.0.0 Safari/537.36",2340264d-b0e4-476e-a302-1ec2987010eb,950,1512,eng,1.0,2025-06-12 12:16:55 (Pacific Daylight Time),33017,2,71.0,17,1.0,False,540.0,328.0,66,0.29999983310699463,invalid,2025-06-12,test,8,,-999,1.5,1,0
projectseed-bds-production,BackwardsDigitSpan-v2.0,7113,1,2025-06-12 12:16:22 (Pacific Daylight Time),"Mozilla/5.0 (Macintosh; Intel Mac OS X 10_15_7) AppleWebKit/537.36 (KHTML, like Gecko) Chrome/137.0.0.0 Safari/537.36",2340264d-b0e4-476e-a302-1ec2987010eb,950,1512,eng,2.0,2025-06-12 12:16:59 (Pacific Daylight Time),36474,2,82.0,28,1.0,False,453.0,318.0,66,0.29999983310699463,invalid,2025-06-12,test,8,,-999,1.5,1,0
projectseed-bds-production,BackwardsDigitSpan-v2.0,7113,1,2025-06-12 12:16:22 (Pacific Daylight Time),"Mozilla/5.0 (Macintosh; Intel Mac OS X 10_15_7) AppleWebKit/537.36 (KHTML, like Gecko) Chrome/137.0.0.0 Safari/537.36",2340264d-b0e4-476e-a302-1ec2987010eb,950,1512,eng,3.0,2025-06-12 12:17:02 (Pacific Daylight Time),39975,2,26.0,62,1.0,False,498.0,320.0,66,0.20000004768371582,invalid,2025-06-12,test,8,,-999,1.5,1,0
projectseed-bds-production,BackwardsDigitSpan-v2.0,7113,1,2025-06-12 12:16:22 (Pacific Daylight Time),"Mozilla/5.0 (Macintosh; Intel Mac OS X 10_15_7) AppleWebKit/537.36 (KHTML, like Gecko) Chrome/137.0.0.0 Safari/537.36",2340264d-b0e4-476e-a302-1ec2987010eb,950,1512,eng,4.0,2025-06-12 12:17:06 (Pacific Daylight Time),43457,2,15.0,51,1.0,False,477.0,318.0,66,0.2999999523162842,invalid,2025-06-12,test,8,,-999,1.5,1,0
projectseed-bds-production,BackwardsDigitSpan-v2.0,7113,1,2025-06-12 12:16:22 (Pacific Daylight Time),"Mozilla/5.0 (Macintosh; Intel Mac OS X 10_15_7) AppleWebKit/537.36 (KHTML, like Gecko) Chrome/137.0.0.0 Safari/537.36",2340264d-b0e4-476e-a302-1ec2987010eb,950,1512,eng,5.0,2025-06-12 12:17:10 (Pacific Daylight Time),47259,2,64.0,46,1.0,False,797.0,319.0,66,0.20000004768371582,invalid,2025-06-12,test,8,,-999,1.5,1,0
projectseed-bds-production,BackwardsDigitSpan-v2.0,7113,1,2025-06-12 12:16:22 (Pacific Daylight Time),"Mozilla/5.0 (Macintosh; Intel Mac OS X 10_15_7) AppleWebKit/537.36 (KHTML, like Gecko) Chrome/137.0.0.0 Safari/537.36",2340264d-b0e4-476e-a302-1ec2987010eb,950,1512,eng,6.0,2025-06-12 12:17:13 (Pacific Daylight Time),50724,2,61.0,16,1.0,False,459.0,331.0,66,0.30000007152557373,invalid,2025-06-12,test,8,,-999,1.5,1,0
projectseed-bds-production,BackwardsDigitSpan-v2.0,7113,1,2025-06-12 12:16:22 (Pacific Daylight Time),"Mozilla/5.0 (Macintosh; Intel Mac OS X 10_15_7) AppleWebKit/537.36 (KHTML, like Gecko) Chrome/137.0.0.0 Safari/537.36",2340264d-b0e4-476e-a302-1ec2987010eb,950,1512,eng,7.0,2025-06-12 12:17:17 (Pacific Daylight Time),54194,2,85.0,58,1.0,False,465.0,324.0,66,0.30000007152557373,invalid,2025-06-12,test,8,,-999,1.5,1,0
projectseed-bds-production,BackwardsDigitSpan-v2.0,7113,1,2025-06-12 12:16:22 (Pacific Daylight Time),"Mozilla/5.0 (Macintosh; Intel Mac OS X 10_15_7) AppleWebKit/537.36 (KHTML, like Gecko) Chrome/137.0.0.0 Safari/537.36",2340264d-b0e4-476e-a302-1ec2987010eb,950,1512,eng,8.0,2025-06-12 12:17:20 (Pacific Daylight Time),57969,2,84.0,48,1.0,False,770.0,312.0,66,0.39999985694885254,invalid,2025-06-12,test,8,,-999,1.5,1,0
projectseed-bds-production,BackwardsDigitSpan-v2.0,7113,1,2025-06-12 12:16:22 (Pacific Daylight Time),"Mozilla/5.0 (Macintosh; Intel Mac OS X 10_15_7) AppleWebKit/537.36 (KHTML, like Gecko) Chrome/137.0.0.0 Safari/537.36",2340264d-b0e4-476e-a302-1ec2987010eb,950,1512,eng,9.0,2025-06-12 12:17:25 (Pacific Daylight Time),62086,2,16.0,61,1.0,False,1113.0,325.0,66,0.19999992847442627,invalid,2025-06-12,test,8,,-999,1.5,1,0
projectseed-bds-production,BackwardsDigitSpan-v2.0,7113,1,2025-06-12 12:16:22 (Pacific Daylight Time),"Mozilla/5.0 (Macintosh; Intel Mac OS X 10_15_7) AppleWebKit/537.36 (KHTML, like Gecko) Chrome/137.0.0.0 Safari/537.36",2340264d-b0e4-476e-a302-1ec2987010eb,950,1512,eng,10.0,2025-06-12 12:17:28 (Pacific Daylight Time),65540,2,49.0,94,1.0,False,448.0,319.0,66,0.20000004768371582,invalid,2025-06-12,test,8,,-999,1.5,1,0
projectseed-bds-production,BackwardsDigitSpan-v2.0,7113,1,2025-06-12 12:16:22 (Pacific Daylight Time),"Mozilla/5.0 (Macintosh; Intel Mac OS X 10_15_7) AppleWebKit/537.36 (KHTML, like Gecko) Chrome/137.0.0.0 Safari/537.36",2340264d-b0e4-476e-a302-1ec2987010eb,950,1512,eng,11.0,2025-06-12 12:17:32 (Pacific Daylight Time),69305,2,25.0,52,1.0,False,760.0,330.0,66,0.30000007152557373,invalid,2025-06-12,test,8,,-999,1.5,1,0
projectseed-bds-production,BackwardsDigitSpan-v2.0,7113,1,2025-06-12 12:16:22 (Pacific Daylight Time),"Mozilla/5.0 (Macintosh; Intel Mac OS X 10_15_7) AppleWebKit/537.36 (KHTML, like Gecko) Chrome/137.0.0.0 Safari/537.36",2340264d-b0e4-476e-a302-1ec2987010eb,950,1512,eng,12.0,2025-06-12 12:17:36 (Pacific Daylight Time),73121,2,65.0,56,1.0,False,810.0,325.0,66,0.19999992847442627,invalid,2025-06-12,test,8,,-999,1.5,1,0
projectseed-bds-production,BackwardsDigitSpan-v2.0,7113,1,2025-06-12 12:16:22 (Pacific Daylight Time),"Mozilla/5.0 (Macintosh; Intel Mac OS X 10_15_7) AppleWebKit/537.36 (KHTML, like Gecko) Chrome/137.0.0.0 Safari/537.36",2340264d-b0e4-476e-a302-1ec2987010eb,950,1512,eng,13.0,2025-06-12 12:17:39 (Pacific Daylight Time),76621,2,42.0,24,1.0,False,496.0,322.0,66,0.2999999523162842,invalid,2025-06-12,test,8,,-999,1.5,1,0
projectseed-bds-production,BackwardsDigitSpan-v2.0,7113,1,2025-06-12 12:16:22 (Pacific Daylight Time),"Mozilla/5.0 (Macintosh; Intel Mac OS X 10_15_7) AppleWebKit/537.36 (KHTML, like Gecko) Chrome/137.0.0.0 Safari/537.36",2340264d-b0e4-476e-a302-1ec2987010eb,950,1512,eng,14.0,2025-06-12 12:17:43 (Pacific Daylight Time),80111,2,78.0,87,1.0,False,487.0,320.0,66,0.2999999523162842,invalid,2025-06-12,test,8,,-999,1.5,1,0
projectseed-bds-production,BackwardsDigitSpan-v2.0,7113,1,2025-06-12 12:19:51 (Pacific Daylight Time),"Mozilla/5.0 (Linux; Android 6.0; Nexus 5 Build/MRA58N) AppleWebKit/537.36 (KHTML, like Gecko) Chrome/137.0.0.0 Mobile Safari/537.36",4b7fb684-040d-4e0f-a6ad-2d22cea96acb,838,585,eng,-999.0,2025-06-12 12:20:01 (Pacific Daylight Time),10830,2,38.0,83,0.0,False,3521.0,599.0,63,0.5999999046325684,invalid,2025-06-12,training,9,,-999,1.5,1,0
projectseed-bds-production,BackwardsDigitSpan-v2.0,7113,1,2025-06-12 12:19:51 (Pacific Daylight Time),"Mozilla/5.0 (Linux; Android 6.0; Nexus 5 Build/MRA58N) AppleWebKit/537.36 (KHTML, like Gecko) Chrome/137.0.0.0 Mobile Safari/537.36",4b7fb684-040d-4e0f-a6ad-2d22cea96acb,838,585,eng,-999.0,2025-06-12 12:20:07 (Pacific Daylight Time),16349,2,24.0,42,0.0,True,1761.0,633.0,42,1.0,invalid,2025-06-12,training,9,,-999,1.5,1,0
projectseed-bds-production,BackwardsDigitSpan-v2.0,7113,1,2025-06-12 12:19:51 (Pacific Daylight Time),"Mozilla/5.0 (Linux; Android 6.0; Nexus 5 Build/MRA58N) AppleWebKit/537.36 (KHTML, like Gecko) Chrome/137.0.0.0 Mobile Safari/537.36",4b7fb684-040d-4e0f-a6ad-2d22cea96acb,838,585,eng,-999.0,2025-06-12 12:20:14 (Pacific Daylight Time),23163,3,678.0,876,0.0,True,2071.0,901.0,876,2.100000023841858,invalid,2025-06-12,training,9,,-999,1.5,1,0
projectseed-bds-production,BackwardsDigitSpan-v2.0,7113,1,2025-06-12 12:19:51 (Pacific Daylight Time),"Mozilla/5.0 (Linux; Android 6.0; Nexus 5 Build/MRA58N) AppleWebKit/537.36 (KHTML, like Gecko) Chrome/137.0.0.0 Mobile Safari/537.36",4b7fb684-040d-4e0f-a6ad-2d22cea96acb,838,585,eng,-999.0,2025-06-12 12:20:19 (Pacific Daylight Time),28865,2,12.0,21,0.0,True,1662.0,766.0,21,1.1000001430511475,invalid,2025-06-12,training,9,,-999,1.5,1,0
projectseed-bds-production,BackwardsDigitSpan-v2.0,7113,1,2025-06-12 12:19:51 (Pacific Daylight Time),"Mozilla/5.0 (Linux; Android 6.0; Nexus 5 Build/MRA58N) AppleWebKit/537.36 (KHTML, like Gecko) Chrome/137.0.0.0 Mobile Safari/537.36",4b7fb684-040d-4e0f-a6ad-2d22cea96acb,838,585,eng,-999.0,2025-06-12 12:20:25 (Pacific Daylight Time),34362,2,36.0,63,0.0,True,1863.0,599.0,63,0.3999999761581421,invalid,2025-06-12,training,9,,-999,1.5,1,0
projectseed-bds-production,BackwardsDigitSpan-v2.0,7113,1,2025-06-12 12:19:51 (Pacific Daylight Time),"Mozilla/5.0 (Linux; Android 6.0; Nexus 5 Build/MRA58N) AppleWebKit/537.36 (KHTML, like Gecko) Chrome/137.0.0.0 Mobile Safari/537.36",4b7fb684-040d-4e0f-a6ad-2d22cea96acb,838,585,eng,1.0,2025-06-12 12:20:29 (Pacific Daylight Time),38301,2,35.0,53,1.0,False,396.0,321.0,66,0.5,invalid,2025-06-12,test,9,,-999,1.5,1,0
projectseed-bds-production,BackwardsDigitSpan-v2.0,7113,1,2025-06-12 12:19:51 (Pacific Daylight Time),"Mozilla/5.0 (Linux; Android 6.0; Nexus 5 Build/MRA58N) AppleWebKit/537.36 (KHTML, like Gecko) Chrome/137.0.0.0 Mobile Safari/537.36",4b7fb684-040d-4e0f-a6ad-2d22cea96acb,838,585,eng,2.0,2025-06-12 12:20:32 (Pacific Daylight Time),41763,2,73.0,37,1.0,False,457.0,324.0,66,0.10000002384185791,invalid,2025-06-12,test,9,,-999,1.5,1,0
projectseed-bds-production,BackwardsDigitSpan-v2.0,7113,1,2025-06-12 12:19:51 (Pacific Daylight Time),"Mozilla/5.0 (Linux; Android 6.0; Nexus 5 Build/MRA58N) AppleWebKit/537.36 (KHTML, like Gecko) Chrome/137.0.0.0 Mobile Safari/537.36",4b7fb684-040d-4e0f-a6ad-2d22cea96acb,838,585,eng,3.0,2025-06-12 12:20:36 (Pacific Daylight Time),45577,2,92.0,29,1.0,False,809.0,326.0,66,0.30000007152557373,invalid,2025-06-12,test,9,,-999,1.5,1,0
projectseed-bds-production,BackwardsDigitSpan-v2.0,7113,1,2025-06-12 12:19:51 (Pacific Daylight Time),"Mozilla/5.0 (Linux; Android 6.0; Nexus 5 Build/MRA58N) AppleWebKit/537.36 (KHTML, like Gecko) Chrome/137.0.0.0 Mobile Safari/537.36",4b7fb684-040d-4e0f-a6ad-2d22cea96acb,838,585,eng,4.0,2025-06-12 12:20:40 (Pacific Daylight Time),49327,2,81.0,18,1.0,False,744.0,618.0,66,0.19999980926513672,invalid,2025-06-12,test,9,,-999,1.5,1,0
projectseed-bds-production,BackwardsDigitSpan-v2.0,7113,1,2025-06-12 12:19:51 (Pacific Daylight Time),"Mozilla/5.0 (Linux; Android 6.0; Nexus 5 Build/MRA58N) AppleWebKit/537.36 (KHTML, like Gecko) Chrome/137.0.0.0 Mobile Safari/537.36",4b7fb684-040d-4e0f-a6ad-2d22cea96acb,838,585,eng,5.0,2025-06-12 12:20:43 (Pacific Daylight Time),52810,2,94.0,49,1.0,False,477.0,328.0,66,0.39999985694885254,invalid,2025-06-12,test,9,,-999,1.5,1,0
projectseed-bds-production,BackwardsDigitSpan-v2.0,7113,1,2025-06-12 12:19:51 (Pacific Daylight Time),"Mozilla/5.0 (Linux; Android 6.0; Nexus 5 Build/MRA58N) AppleWebKit/537.36 (KHTML, like Gecko) Chrome/137.0.0.0 Mobile Safari/537.36",4b7fb684-040d-4e0f-a6ad-2d22cea96acb,838,585,eng,6.0,2025-06-12 12:20:47 (Pacific Daylight Time),56262,2,86.0,68,1.0,False,446.0,316.0,66,0.30000007152557373,invalid,2025-06-12,test,9,,-999,1.5,1,0
projectseed-bds-production,BackwardsDigitSpan-v2.0,7113,1,2025-06-12 12:19:51 (Pacific Daylight Time),"Mozilla/5.0 (Linux; Android 6.0; Nexus 5 Build/MRA58N) AppleWebKit/537.36 (KHTML, like Gecko) Chrome/137.0.0.0 Mobile Safari/537.36",4b7fb684-040d-4e0f-a6ad-2d22cea96acb,838,585,eng,7.0,2025-06-12 12:20:50 (Pacific Daylight Time),59751,2,38.0,83,1.0,False,485.0,318.0,66,0.2999999523162842,invalid,2025-06-12,test,9,,-999,1.5,1,0
projectseed-bds-production,BackwardsDigitSpan-v2.0,7113,1,2025-06-12 12:19:51 (Pacific Daylight Time),"Mozilla/5.0 (Linux; Android 6.0; Nexus 5 Build/MRA58N) AppleWebKit/537.36 (KHTML, like Gecko) Chrome/137.0.0.0 Mobile Safari/537.36",4b7fb684-040d-4e0f-a6ad-2d22cea96acb,838,585,eng,8.0,2025-06-12 12:20:54 (Pacific Daylight Time),63230,2,93.0,39,1.0,False,474.0,321.0,66,0.30000007152557373,invalid,2025-06-12,test,9,,-999,1.5,1,0
projectseed-bds-production,BackwardsDigitSpan-v2.0,7113,1,2025-06-12 12:19:51 (Pacific Daylight Time),"Mozilla/5.0 (Linux; Android 6.0; Nexus 5 Build/MRA58N) AppleWebKit/537.36 (KHTML, like Gecko) Chrome/137.0.0.0 Mobile Safari/537.36",4b7fb684-040d-4e0f-a6ad-2d22cea96acb,838,585,eng,9.0,2025-06-12 12:20:57 (Pacific Daylight Time),66695,2,56.0,65,1.0,False,459.0,315.0,66,0.2999999523162842,invalid,2025-06-12,test,9,,-999,1.5,1,0
projectseed-bds-production,BackwardsDigitSpan-v2.0,7113,1,2025-06-12 12:19:51 (Pacific Daylight Time),"Mozilla/5.0 (Linux; Android 6.0; Nexus 5 Build/MRA58N) AppleWebKit/537.36 (KHTML, like Gecko) Chrome/137.0.0.0 Mobile Safari/537.36",4b7fb684-040d-4e0f-a6ad-2d22cea96acb,838,585,eng,10.0,2025-06-12 12:21:01 (Pacific Daylight Time),70179,2,72.0,27,1.0,False,478.0,320.0,66,0.20000004768371582,invalid,2025-06-12,test,9,,-999,1.5,1,0
projectseed-bds-production,BackwardsDigitSpan-v2.0,7113,1,2025-06-12 12:19:51 (Pacific Daylight Time),"Mozilla/5.0 (Linux; Android 6.0; Nexus 5 Build/MRA58N) AppleWebKit/537.36 (KHTML, like Gecko) Chrome/137.0.0.0 Mobile Safari/537.36",4b7fb684-040d-4e0f-a6ad-2d22cea96acb,838,585,eng,11.0,2025-06-12 12:21:04 (Pacific Daylight Time),73957,2,49.0,94,1.0,False,773.0,630.0,66,0.2999999523162842,invalid,2025-06-12,test,9,,-999,1.5,1,0
projectseed-bds-production,BackwardsDigitSpan-v2.0,7113,1,2025-06-12 12:19:51 (Pacific Daylight Time),"Mozilla/5.0 (Linux; Android 6.0; Nexus 5 Build/MRA58N) AppleWebKit/537.36 (KHTML, like Gecko) Chrome/137.0.0.0 Mobile Safari/537.36",4b7fb684-040d-4e0f-a6ad-2d22cea96acb,838,585,eng,12.0,2025-06-12 12:21:08 (Pacific Daylight Time),77447,2,48.0,84,1.0,False,485.0,317.0,66,0.20000004768371582,invalid,2025-06-12,test,9,,-999,1.5,1,0
projectseed-bds-production,BackwardsDigitSpan-v2.0,7113,1,2025-06-12 12:19:51 (Pacific Daylight Time),"Mozilla/5.0 (Linux; Android 6.0; Nexus 5 Build/MRA58N) AppleWebKit/537.36 (KHTML, like Gecko) Chrome/137.0.0.0 Mobile Safari/537.36",4b7fb684-040d-4e0f-a6ad-2d22cea96acb,838,585,eng,13.0,2025-06-12 12:21:11 (Pacific Daylight Time),80897,2,89.0,98,1.0,False,445.0,319.0,66,0.3999999761581421,invalid,2025-06-12,test,9,,-999,1.5,1,0
projectseed-bds-production,BackwardsDigitSpan-v2.0,7113,1,2025-06-12 12:19:51 (Pacific Daylight Time),"Mozilla/5.0 (Linux; Android 6.0; Nexus 5 Build/MRA58N) AppleWebKit/537.36 (KHTML, like Gecko) Chrome/137.0.0.0 Mobile Safari/537.36",4b7fb684-040d-4e0f-a6ad-2d22cea96acb,838,585,eng,14.0,2025-06-12 12:21:15 (Pacific Daylight Time),84389,2,51.0,15,1.0,False,488.0,332.0,66,0.40000009536743164,invalid,2025-06-12,test,9,,-999,1.5,1,0
projectseed-bds-production,BackwardsDigitSpan-v2.0,7113,1,2025-06-12 12:25:22 (Pacific Daylight Time),"Mozilla/5.0 (Linux; Android 6.0; Nexus 5 Build/MRA58N) AppleWebKit/537.36 (KHTML, like Gecko) Chrome/137.0.0.0 Mobile Safari/537.36",479468af-28db-4cc6-857a-b6fcb53ded3e,838,585,eng,-999.0,2025-06-12 12:25:32 (Pacific Daylight Time),10423,2,18.0,81,0.0,True,3593.0,553.0,81,0.30000007152557373,invalid,2025-06-12,training,10,,-999,1.5,1,0
projectseed-bds-production,BackwardsDigitSpan-v2.0,7113,1,2025-06-12 12:25:22 (Pacific Daylight Time),"Mozilla/5.0 (Linux; Android 6.0; Nexus 5 Build/MRA58N) AppleWebKit/537.36 (KHTML, like Gecko) Chrome/137.0.0.0 Mobile Safari/537.36",479468af-28db-4cc6-857a-b6fcb53ded3e,838,585,eng,-999.0,2025-06-12 12:25:37 (Pacific Daylight Time),15522,2,49.0,94,0.0,True,1429.0,387.0,94,1.600000023841858,invalid,2025-06-12,training,10,,-999,1.5,1,0
projectseed-bds-production,BackwardsDigitSpan-v2.0,7113,1,2025-06-12 12:25:22 (Pacific Daylight Time),"Mozilla/5.0 (Linux; Android 6.0; Nexus 5 Build/MRA58N) AppleWebKit/537.36 (KHTML, like Gecko) Chrome/137.0.0.0 Mobile Safari/537.36",479468af-28db-4cc6-857a-b6fcb53ded3e,838,585,eng,-999.0,2025-06-12 12:25:44 (Pacific Daylight Time),22612,3,382.0,283,0.0,True,2542.0,1017.0,283,1.7999998331069946,invalid,2025-06-12,training,10,,-999,1.5,1,0
projectseed-bds-production,BackwardsDigitSpan-v2.0,7113,1,2025-06-12 12:25:22 (Pacific Daylight Time),"Mozilla/5.0 (Linux; Android 6.0; Nexus 5 Build/MRA58N) AppleWebKit/537.36 (KHTML, like Gecko) Chrome/137.0.0.0 Mobile Safari/537.36",479468af-28db-4cc6-857a-b6fcb53ded3e,838,585,eng,1.0,2025-06-12 12:25:48 (Pacific Daylight Time),26732,2,63.0,36,1.0,False,589.0,330.0,66,0.30000007152557373,invalid,2025-06-12,test,10,,-999,1.5,1,0
projectseed-bds-production,BackwardsDigitSpan-v2.0,7113,1,2025-06-12 12:25:22 (Pacific Daylight Time),"Mozilla/5.0 (Linux; Android 6.0; Nexus 5 Build/MRA58N) AppleWebKit/537.36 (KHTML, like Gecko) Chrome/137.0.0.0 Mobile Safari/537.36",479468af-28db-4cc6-857a-b6fcb53ded3e,838,585,eng,2.0,2025-06-12 12:25:53 (Pacific Daylight Time),31154,2,47.0,74,1.0,False,1417.0,945.0,66,0.20000004768371582,invalid,2025-06-12,test,10,,-999,1.5,1,0
projectseed-bds-production,BackwardsDigitSpan-v2.0,7113,1,2025-06-12 12:25:22 (Pacific Daylight Time),"Mozilla/5.0 (Linux; Android 6.0; Nexus 5 Build/MRA58N) AppleWebKit/537.36 (KHTML, like Gecko) Chrome/137.0.0.0 Mobile Safari/537.36",479468af-28db-4cc6-857a-b6fcb53ded3e,838,585,eng,3.0,2025-06-12 12:25:56 (Pacific Daylight Time),34621,2,93.0,39,1.0,False,462.0,322.0,66,0.20000004768371582,invalid,2025-06-12,test,10,,-999,1.5,1,0
projectseed-bds-production,BackwardsDigitSpan-v2.0,7113,1,2025-06-12 12:25:22 (Pacific Daylight Time),"Mozilla/5.0 (Linux; Android 6.0; Nexus 5 Build/MRA58N) AppleWebKit/537.36 (KHTML, like Gecko) Chrome/137.0.0.0 Mobile Safari/537.36",479468af-28db-4cc6-857a-b6fcb53ded3e,838,585,eng,4.0,2025-06-12 12:26:00 (Pacific Daylight Time),38402,2,28.0,82,1.0,False,776.0,634.0,66,0.30000007152557373,invalid,2025-06-12,test,10,,-999,1.5,1,0
projectseed-bds-production,BackwardsDigitSpan-v2.0,7113,1,2025-06-12 12:25:22 (Pacific Daylight Time),"Mozilla/5.0 (Linux; Android 6.0; Nexus 5 Build/MRA58N) AppleWebKit/537.36 (KHTML, like Gecko) Chrome/137.0.0.0 Mobile Safari/537.36",479468af-28db-4cc6-857a-b6fcb53ded3e,838,585,eng,5.0,2025-06-12 12:26:04 (Pacific Daylight Time),42168,2,96.0,69,1.0,False,760.0,319.0,66,0.30000007152557373,invalid,2025-06-12,test,10,,-999,1.5,1,0
projectseed-bds-production,BackwardsDigitSpan-v2.0,7113,1,2025-06-12 12:25:22 (Pacific Daylight Time),"Mozilla/5.0 (Linux; Android 6.0; Nexus 5 Build/MRA58N) AppleWebKit/537.36 (KHTML, like Gecko) Chrome/137.0.0.0 Mobile Safari/537.36",479468af-28db-4cc6-857a-b6fcb53ded3e,838,585,eng,6.0,2025-06-12 12:26:08 (Pacific Daylight Time),46308,2,21.0,12,1.0,False,1135.0,326.0,66,0.19999980926513672,invalid,2025-06-12,test,10,,-999,1.5,1,0
projectseed-bds-production,BackwardsDigitSpan-v2.0,7113,1,2025-06-12 12:25:22 (Pacific Daylight Time),"Mozilla/5.0 (Linux; Android 6.0; Nexus 5 Build/MRA58N) AppleWebKit/537.36 (KHTML, like Gecko) Chrome/137.0.0.0 Mobile Safari/537.36",479468af-28db-4cc6-857a-b6fcb53ded3e,838,585,eng,7.0,2025-06-12 12:26:11 (Pacific Daylight Time),49826,2,18.0,81,1.0,False,515.0,321.0,66,0.3999999761581421,invalid,2025-06-12,test,10,,-999,1.5,1,0
projectseed-bds-production,BackwardsDigitSpan-v2.0,7113,1,2025-06-12 12:25:22 (Pacific Daylight Time),"Mozilla/5.0 (Linux; Android 6.0; Nexus 5 Build/MRA58N) AppleWebKit/537.36 (KHTML, like Gecko) Chrome/137.0.0.0 Mobile Safari/537.36",479468af-28db-4cc6-857a-b6fcb53ded3e,838,585,eng,8.0,2025-06-12 12:26:15 (Pacific Daylight Time),53606,2,46.0,64,1.0,False,774.0,323.0,66,0.30000007152557373,invalid,2025-06-12,test,10,,-999,1.5,1,0
projectseed-bds-production,BackwardsDigitSpan-v2.0,7113,1,2025-06-12 12:25:22 (Pacific Daylight Time),"Mozilla/5.0 (Linux; Android 6.0; Nexus 5 Build/MRA58N) AppleWebKit/537.36 (KHTML, like Gecko) Chrome/137.0.0.0 Mobile Safari/537.36",479468af-28db-4cc6-857a-b6fcb53ded3e,838,585,eng,9.0,2025-06-12 12:26:19 (Pacific Daylight Time),57391,2,43.0,34,1.0,False,780.0,635.0,66,0.40000009536743164,invalid,2025-06-12,test,10,,-999,1.5,1,0
projectseed-bds-production,BackwardsDigitSpan-v2.0,7113,1,2025-06-12 12:25:22 (Pacific Daylight Time),"Mozilla/5.0 (Linux; Android 6.0; Nexus 5 Build/MRA58N) AppleWebKit/537.36 (KHTML, like Gecko) Chrome/137.0.0.0 Mobile Safari/537.36",479468af-28db-4cc6-857a-b6fcb53ded3e,838,585,eng,10.0,2025-06-12 12:26:23 (Pacific Daylight Time),61490,2,37.0,73,1.0,False,1095.0,320.0,66,0.19999992847442627,invalid,2025-06-12,test,10,,-999,1.5,1,0
projectseed-bds-production,BackwardsDigitSpan-v2.0,7113,1,2025-06-12 12:25:22 (Pacific Daylight Time),"Mozilla/5.0 (Linux; Android 6.0; Nexus 5 Build/MRA58N) AppleWebKit/537.36 (KHTML, like Gecko) Chrome/137.0.0.0 Mobile Safari/537.36",479468af-28db-4cc6-857a-b6fcb53ded3e,838,585,eng,11.0,2025-06-12 12:26:27 (Pacific Daylight Time),64940,2,17.0,71,1.0,False,446.0,320.0,66,0.29999983310699463,invalid,2025-06-12,test,10,,-999,1.5,1,0
projectseed-bds-production,BackwardsDigitSpan-v2.0,7113,1,2025-06-12 12:25:22 (Pacific Daylight Time),"Mozilla/5.0 (Linux; Android 6.0; Nexus 5 Build/MRA58N) AppleWebKit/537.36 (KHTML, like Gecko) Chrome/137.0.0.0 Mobile Safari/537.36",479468af-28db-4cc6-857a-b6fcb53ded3e,838,585,eng,12.0,2025-06-12 12:26:30 (Pacific Daylight Time),68737,2,32.0,23,1.0,False,791.0,318.0,66,0.2999999523162842,invalid,2025-06-12,test,10,,-999,1.5,1,0
projectseed-bds-production,BackwardsDigitSpan-v2.0,7113,1,2025-06-12 12:25:22 (Pacific Daylight Time),"Mozilla/5.0 (Linux; Android 6.0; Nexus 5 Build/MRA58N) AppleWebKit/537.36 (KHTML, like Gecko) Chrome/137.0.0.0 Mobile Safari/537.36",479468af-28db-4cc6-857a-b6fcb53ded3e,838,585,eng,13.0,2025-06-12 12:26:34 (Pacific Daylight Time),72223,2,72.0,27,1.0,False,481.0,315.0,66,0.20000004768371582,invalid,2025-06-12,test,10,,-999,1.5,1,0
projectseed-bds-production,BackwardsDigitSpan-v2.0,7113,1,2025-06-12 12:25:22 (Pacific Daylight Time),"Mozilla/5.0 (Linux; Android 6.0; Nexus 5 Build/MRA58N) AppleWebKit/537.36 (KHTML, like Gecko) Chrome/137.0.0.0 Mobile Safari/537.36",479468af-28db-4cc6-857a-b6fcb53ded3e,838,585,eng,14.0,2025-06-12 12:26:37 (Pacific Daylight Time),75704,2,67.0,76,1.0,False,476.0,317.0,66,0.30000007152557373,invalid,2025-06-12,test,10,,-999,1.5,1,0
projectseed-bds-production,BackwardsDigitSpan-v2.0,7113,1,2025-06-12 12:38:04 (Pacific Daylight Time),"Mozilla/5.0 (Linux; Android 6.0; Nexus 5 Build/MRA58N) AppleWebKit/537.36 (KHTML, like Gecko) Chrome/137.0.0.0 Mobile Safari/537.36",8394fb6a-3c28-49de-94bc-01f1162367da,838,585,eng,-999.0,2025-06-12 12:38:14 (Pacific Daylight Time),9621,2,76.0,67,0.0,True,1438.0,429.0,67,2.100000023841858,invalid,2025-06-12,training,11,,-999,1.5,1,0
projectseed-bds-production,BackwardsDigitSpan-v2.0,7113,1,2025-06-12 12:38:04 (Pacific Daylight Time),"Mozilla/5.0 (Linux; Android 6.0; Nexus 5 Build/MRA58N) AppleWebKit/537.36 (KHTML, like Gecko) Chrome/137.0.0.0 Mobile Safari/537.36",8394fb6a-3c28-49de-94bc-01f1162367da,838,585,eng,-999.0,2025-06-12 12:38:20 (Pacific Daylight Time),15391,2,13.0,31,0.0,True,2123.0,515.0,31,1.4000000953674316,invalid,2025-06-12,training,11,,-999,1.5,1,0
projectseed-bds-production,BackwardsDigitSpan-v2.0,7113,1,2025-06-12 12:38:04 (Pacific Daylight Time),"Mozilla/5.0 (Linux; Android 6.0; Nexus 5 Build/MRA58N) AppleWebKit/537.36 (KHTML, like Gecko) Chrome/137.0.0.0 Mobile Safari/537.36",8394fb6a-3c28-49de-94bc-01f1162367da,838,585,eng,-999.0,2025-06-12 12:38:26 (Pacific Daylight Time),21856,3,731.0,137,0.0,True,1858.0,1003.0,137,1.0999999046325684,invalid,2025-06-12,training,11,,-999,1.5,1,0
projectseed-bds-production,BackwardsDigitSpan-v2.0,7113,1,2025-06-12 12:38:04 (Pacific Daylight Time),"Mozilla/5.0 (Linux; Android 6.0; Nexus 5 Build/MRA58N) AppleWebKit/537.36 (KHTML, like Gecko) Chrome/137.0.0.0 Mobile Safari/537.36",8394fb6a-3c28-49de-94bc-01f1162367da,838,585,eng,1.0,2025-06-12 12:38:31 (Pacific Daylight Time),26667,2,13.0,31,1.0,False,1222.0,325.0,66,0.2999999523162842,invalid,2025-06-12,test,11,,-999,1.5,1,0
projectseed-bds-production,BackwardsDigitSpan-v2.0,7113,1,2025-06-12 12:38:04 (Pacific Daylight Time),"Mozilla/5.0 (Linux; Android 6.0; Nexus 5 Build/MRA58N) AppleWebKit/537.36 (KHTML, like Gecko) Chrome/137.0.0.0 Mobile Safari/537.36",8394fb6a-3c28-49de-94bc-01f1162367da,838,585,eng,2.0,2025-06-12 12:38:35 (Pacific Daylight Time),30206,2,72.0,27,1.0,False,536.0,320.0,66,0.20000004768371582,invalid,2025-06-12,test,11,,-999,1.5,1,0
projectseed-bds-production,BackwardsDigitSpan-v2.0,7113,1,2025-06-12 12:38:04 (Pacific Daylight Time),"Mozilla/5.0 (Linux; Android 6.0; Nexus 5 Build/MRA58N) AppleWebKit/537.36 (KHTML, like Gecko) Chrome/137.0.0.0 Mobile Safari/537.36",8394fb6a-3c28-49de-94bc-01f1162367da,838,585,eng,3.0,2025-06-12 12:38:38 (Pacific Daylight Time),33770,2,95.0,59,1.0,False,560.0,319.0,66,0.10000002384185791,invalid,2025-06-12,test,11,,-999,1.5,1,0
projectseed-bds-production,BackwardsDigitSpan-v2.0,7113,1,2025-06-12 12:38:04 (Pacific Daylight Time),"Mozilla/5.0 (Linux; Android 6.0; Nexus 5 Build/MRA58N) AppleWebKit/537.36 (KHTML, like Gecko) Chrome/137.0.0.0 Mobile Safari/537.36",8394fb6a-3c28-49de-94bc-01f1162367da,838,585,eng,4.0,2025-06-12 12:38:42 (Pacific Daylight Time),37302,2,76.0,67,1.0,False,527.0,323.0,66,0.2999999523162842,invalid,2025-06-12,test,11,,-999,1.5,1,0
projectseed-bds-production,BackwardsDigitSpan-v2.0,7113,1,2025-06-12 12:38:04 (Pacific Daylight Time),"Mozilla/5.0 (Linux; Android 6.0; Nexus 5 Build/MRA58N) AppleWebKit/537.36 (KHTML, like Gecko) Chrome/137.0.0.0 Mobile Safari/537.36",8394fb6a-3c28-49de-94bc-01f1162367da,838,585,eng,5.0,2025-06-12 12:38:45 (Pacific Daylight Time),40858,2,38.0,83,1.0,False,552.0,323.0,66,0.19999992847442627,invalid,2025-06-12,test,11,,-999,1.5,1,0
projectseed-bds-production,BackwardsDigitSpan-v2.0,7113,1,2025-06-12 12:38:04 (Pacific Daylight Time),"Mozilla/5.0 (Linux; Android 6.0; Nexus 5 Build/MRA58N) AppleWebKit/537.36 (KHTML, like Gecko) Chrome/137.0.0.0 Mobile Safari/537.36",8394fb6a-3c28-49de-94bc-01f1162367da,838,585,eng,6.0,2025-06-12 12:38:49 (Pacific Daylight Time),44425,2,12.0,21,1.0,False,562.0,320.0,66,0.2999999523162842,invalid,2025-06-12,test,11,,-999,1.5,1,0
projectseed-bds-production,BackwardsDigitSpan-v2.0,7113,1,2025-06-12 12:38:04 (Pacific Daylight Time),"Mozilla/5.0 (Linux; Android 6.0; Nexus 5 Build/MRA58N) AppleWebKit/537.36 (KHTML, like Gecko) Chrome/137.0.0.0 Mobile Safari/537.36",8394fb6a-3c28-49de-94bc-01f1162367da,838,585,eng,7.0,2025-06-12 12:38:52 (Pacific Daylight Time),47957,2,92.0,29,1.0,False,527.0,327.0,66,0.3999999761581421,invalid,2025-06-12,test,11,,-999,1.5,1,0
projectseed-bds-production,BackwardsDigitSpan-v2.0,7113,1,2025-06-12 12:38:04 (Pacific Daylight Time),"Mozilla/5.0 (Linux; Android 6.0; Nexus 5 Build/MRA58N) AppleWebKit/537.36 (KHTML, like Gecko) Chrome/137.0.0.0 Mobile Safari/537.36",8394fb6a-3c28-49de-94bc-01f1162367da,838,585,eng,8.0,2025-06-12 12:38:56 (Pacific Daylight Time),51498,2,71.0,17,1.0,False,536.0,322.0,66,0.30000007152557373,invalid,2025-06-12,test,11,,-999,1.5,1,0
projectseed-bds-production,BackwardsDigitSpan-v2.0,7113,1,2025-06-12 12:38:04 (Pacific Daylight Time),"Mozilla/5.0 (Linux; Android 6.0; Nexus 5 Build/MRA58N) AppleWebKit/537.36 (KHTML, like Gecko) Chrome/137.0.0.0 Mobile Safari/537.36",8394fb6a-3c28-49de-94bc-01f1162367da,838,585,eng,9.0,2025-06-12 12:38:59 (Pacific Daylight Time),55005,2,73.0,37,1.0,False,502.0,330.0,66,0.2999999523162842,invalid,2025-06-12,test,11,,-999,1.5,1,0
projectseed-bds-production,BackwardsDigitSpan-v2.0,7113,1,2025-06-12 12:38:04 (Pacific Daylight Time),"Mozilla/5.0 (Linux; Android 6.0; Nexus 5 Build/MRA58N) AppleWebKit/537.36 (KHTML, like Gecko) Chrome/137.0.0.0 Mobile Safari/537.36",8394fb6a-3c28-49de-94bc-01f1162367da,838,585,eng,10.0,2025-06-12 12:39:03 (Pacific Daylight Time),58534,2,91.0,19,1.0,False,524.0,315.0,66,0.3999999761581421,invalid,2025-06-12,test,11,,-999,1.5,1,0
projectseed-bds-production,BackwardsDigitSpan-v2.0,7113,1,2025-06-12 12:38:04 (Pacific Daylight Time),"Mozilla/5.0 (Linux; Android 6.0; Nexus 5 Build/MRA58N) AppleWebKit/537.36 (KHTML, like Gecko) Chrome/137.0.0.0 Mobile Safari/537.36",8394fb6a-3c28-49de-94bc-01f1162367da,838,585,eng,11.0,2025-06-12 12:39:06 (Pacific Daylight Time),62071,2,25.0,52,1.0,False,533.0,320.0,66,0.19999992847442627,invalid,2025-06-12,test,11,,-999,1.5,1,0
projectseed-bds-production,BackwardsDigitSpan-v2.0,7113,1,2025-06-12 12:38:04 (Pacific Daylight Time),"Mozilla/5.0 (Linux; Android 6.0; Nexus 5 Build/MRA58N) AppleWebKit/537.36 (KHTML, like Gecko) Chrome/137.0.0.0 Mobile Safari/537.36",8394fb6a-3c28-49de-94bc-01f1162367da,838,585,eng,12.0,2025-06-12 12:39:10 (Pacific Daylight Time),65602,2,85.0,58,1.0,False,527.0,326.0,66,0.2999999523162842,invalid,2025-06-12,test,11,,-999,1.5,1,0
projectseed-bds-production,BackwardsDigitSpan-v2.0,7113,1,2025-06-12 12:38:04 (Pacific Daylight Time),"Mozilla/5.0 (Linux; Android 6.0; Nexus 5 Build/MRA58N) AppleWebKit/537.36 (KHTML, like Gecko) Chrome/137.0.0.0 Mobile Safari/537.36",8394fb6a-3c28-49de-94bc-01f1162367da,838,585,eng,13.0,2025-06-12 12:39:14 (Pacific Daylight Time),69441,2,93.0,39,1.0,False,835.0,649.0,66,0.2999999523162842,invalid,2025-06-12,test,11,,-999,1.5,1,0
projectseed-bds-production,BackwardsDigitSpan-v2.0,7113,1,2025-06-12 12:38:04 (Pacific Daylight Time),"Mozilla/5.0 (Linux; Android 6.0; Nexus 5 Build/MRA58N) AppleWebKit/537.36 (KHTML, like Gecko) Chrome/137.0.0.0 Mobile Safari/537.36",8394fb6a-3c28-49de-94bc-01f1162367da,838,585,eng,14.0,2025-06-12 12:39:18 (Pacific Daylight Time),73313,2,94.0,49,1.0,False,861.0,328.0,66,0.20000004768371582,invalid,2025-06-12,test,11,,-999,1.5,1,0
projectseed-bds-production,BackwardsDigitSpan-v2.0,7113,1,2025-06-12 12:52:01 (Pacific Daylight Time),"Mozilla/5.0 (Linux; Android 6.0; Nexus 5 Build/MRA58N) AppleWebKit/537.36 (KHTML, like Gecko) Chrome/137.0.0.0 Mobile Safari/537.36",62c2267c-02cc-4f77-92c6-6ace148fbead,858,585,eng,-999.0,2025-06-12 12:56:55 (Pacific Daylight Time),294406,2,29.0,92,0.0,False,746.0,412.0,27,0.8999999761581421,invalid,2025-06-12,training,12,,-999,1.5,1,0
projectseed-bds-production,BackwardsDigitSpan-v2.0,7113,1,2025-06-12 12:52:01 (Pacific Daylight Time),"Mozilla/5.0 (Linux; Android 6.0; Nexus 5 Build/MRA58N) AppleWebKit/537.36 (KHTML, like Gecko) Chrome/137.0.0.0 Mobile Safari/537.36",62c2267c-02cc-4f77-92c6-6ace148fbead,858,585,eng,-999.0,2025-06-12 12:57:01 (Pacific Daylight Time),299506,2,37.0,73,0.0,True,1556.0,517.0,73,0.6000001430511475,invalid,2025-06-12,training,12,,-999,1.5,1,0
projectseed-bds-production,BackwardsDigitSpan-v2.0,7113,1,2025-06-12 12:52:01 (Pacific Daylight Time),"Mozilla/5.0 (Linux; Android 6.0; Nexus 5 Build/MRA58N) AppleWebKit/537.36 (KHTML, like Gecko) Chrome/137.0.0.0 Mobile Safari/537.36",62c2267c-02cc-4f77-92c6-6ace148fbead,858,585,eng,-999.0,2025-06-12 12:57:09 (Pacific Daylight Time),308091,3,465.0,564,0.0,True,3904.0,1800.0,564,1.899999976158142,invalid,2025-06-12,training,12,,-999,1.5,1,0
projectseed-bds-production,BackwardsDigitSpan-v2.0,7113,1,2025-06-12 12:52:01 (Pacific Daylight Time),"Mozilla/5.0 (Linux; Android 6.0; Nexus 5 Build/MRA58N) AppleWebKit/537.36 (KHTML, like Gecko) Chrome/137.0.0.0 Mobile Safari/537.36",62c2267c-02cc-4f77-92c6-6ace148fbead,858,585,eng,-999.0,2025-06-12 12:57:15 (Pacific Daylight Time),313624,2,71.0,17,0.0,True,1629.0,718.0,17,0.9000000953674316,invalid,2025-06-12,training,12,,-999,1.5,1,0
projectseed-bds-production,BackwardsDigitSpan-v2.0,7113,1,2025-06-12 12:52:01 (Pacific Daylight Time),"Mozilla/5.0 (Linux; Android 6.0; Nexus 5 Build/MRA58N) AppleWebKit/537.36 (KHTML, like Gecko) Chrome/137.0.0.0 Mobile Safari/537.36",62c2267c-02cc-4f77-92c6-6ace148fbead,858,585,eng,-999.0,2025-06-12 12:57:21 (Pacific Daylight Time),320270,2,85.0,58,0.0,True,2780.0,718.0,58,1.100000023841858,invalid,2025-06-12,training,12,,-999,1.5,1,0
projectseed-bds-production,BackwardsDigitSpan-v2.0,7113,1,2025-06-12 12:52:01 (Pacific Daylight Time),"Mozilla/5.0 (Linux; Android 6.0; Nexus 5 Build/MRA58N) AppleWebKit/537.36 (KHTML, like Gecko) Chrome/137.0.0.0 Mobile Safari/537.36",62c2267c-02cc-4f77-92c6-6ace148fbead,858,585,eng,1.0,2025-06-12 12:57:27 (Pacific Daylight Time),325563,2,27.0,72,1.0,False,1670.0,831.0,22,0.7999998331069946,invalid,2025-06-12,test,12,,-999,1.5,1,0
projectseed-bds-production,BackwardsDigitSpan-v2.0,7113,1,2025-06-12 12:52:01 (Pacific Daylight Time),"Mozilla/5.0 (Linux; Android 6.0; Nexus 5 Build/MRA58N) AppleWebKit/537.36 (KHTML, like Gecko) Chrome/137.0.0.0 Mobile Safari/537.36",62c2267c-02cc-4f77-92c6-6ace148fbead,858,585,eng,2.0,2025-06-12 12:57:33 (Pacific Daylight Time),331464,2,34.0,43,1.0,False,2896.0,2166.0,33,0.30000007152557373,invalid,2025-06-12,test,12,,-999,1.5,1,0
projectseed-bds-production,BackwardsDigitSpan-v2.0,7113,1,2025-06-12 12:52:01 (Pacific Daylight Time),"Mozilla/5.0 (Linux; Android 6.0; Nexus 5 Build/MRA58N) AppleWebKit/537.36 (KHTML, like Gecko) Chrome/137.0.0.0 Mobile Safari/537.36",62c2267c-02cc-4f77-92c6-6ace148fbead,858,585,eng,3.0,2025-06-12 12:57:37 (Pacific Daylight Time),335849,2,19.0,91,1.0,False,1381.0,322.0,88,0.19999992847442627,invalid,2025-06-12,test,12,,-999,1.5,1,0
projectseed-bds-production,BackwardsDigitSpan-v2.0,7113,1,2025-06-12 12:52:01 (Pacific Daylight Time),"Mozilla/5.0 (Linux; Android 6.0; Nexus 5 Build/MRA58N) AppleWebKit/537.36 (KHTML, like Gecko) Chrome/137.0.0.0 Mobile Safari/537.36",62c2267c-02cc-4f77-92c6-6ace148fbead,858,585,eng,4.0,2025-06-12 12:57:40 (Pacific Daylight Time),339202,2,57.0,75,1.0,False,347.0,327.0,88,0.30000007152557373,invalid,2025-06-12,test,12,,-999,1.5,1,0
projectseed-bds-production,BackwardsDigitSpan-v2.0,7113,1,2025-06-12 12:52:01 (Pacific Daylight Time),"Mozilla/5.0 (Linux; Android 6.0; Nexus 5 Build/MRA58N) AppleWebKit/537.36 (KHTML, like Gecko) Chrome/137.0.0.0 Mobile Safari/537.36",62c2267c-02cc-4f77-92c6-6ace148fbead,858,585,eng,5.0,2025-06-12 12:57:44 (Pacific Daylight Time),343099,2,84.0,48,1.0,False,893.0,648.0,88,0.20000004768371582,invalid,2025-06-12,test,12,,-999,1.5,1,0
projectseed-bds-production,BackwardsDigitSpan-v2.0,7113,1,2025-06-12 12:52:01 (Pacific Daylight Time),"Mozilla/5.0 (Linux; Android 6.0; Nexus 5 Build/MRA58N) AppleWebKit/537.36 (KHTML, like Gecko) Chrome/137.0.0.0 Mobile Safari/537.36",62c2267c-02cc-4f77-92c6-6ace148fbead,858,585,eng,6.0,2025-06-12 12:57:48 (Pacific Daylight Time),346963,2,43.0,34,1.0,False,859.0,329.0,88,0.19999992847442627,invalid,2025-06-12,test,12,,-999,1.5,1,0
projectseed-bds-production,BackwardsDigitSpan-v2.0,7113,1,2025-06-12 12:52:01 (Pacific Daylight Time),"Mozilla/5.0 (Linux; Android 6.0; Nexus 5 Build/MRA58N) AppleWebKit/537.36 (KHTML, like Gecko) Chrome/137.0.0.0 Mobile Safari/537.36",62c2267c-02cc-4f77-92c6-6ace148fbead,858,585,eng,7.0,2025-06-12 12:57:52 (Pacific Daylight Time),350539,2,21.0,12,1.0,False,572.0,327.0,88,0.19999992847442627,invalid,2025-06-12,test,12,,-999,1.5,1,0
projectseed-bds-production,BackwardsDigitSpan-v2.0,7113,1,2025-06-12 12:52:01 (Pacific Daylight Time),"Mozilla/5.0 (Linux; Android 6.0; Nexus 5 Build/MRA58N) AppleWebKit/537.36 (KHTML, like Gecko) Chrome/137.0.0.0 Mobile Safari/537.36",62c2267c-02cc-4f77-92c6-6ace148fbead,858,585,eng,8.0,2025-06-12 12:57:55 (Pacific Daylight Time),354105,2,12.0,21,1.0,False,562.0,320.0,88,0.20000004768371582,invalid,2025-06-12,test,12,,-999,1.5,1,0
projectseed-bds-production,BackwardsDigitSpan-v2.0,7113,1,2025-06-12 12:52:01 (Pacific Daylight Time),"Mozilla/5.0 (Linux; Android 6.0; Nexus 5 Build/MRA58N) AppleWebKit/537.36 (KHTML, like Gecko) Chrome/137.0.0.0 Mobile Safari/537.36",62c2267c-02cc-4f77-92c6-6ace148fbead,858,585,eng,9.0,2025-06-12 12:57:59 (Pacific Daylight Time),358005,2,39.0,93,1.0,False,895.0,322.0,88,0.20000004768371582,invalid,2025-06-12,test,12,,-999,1.5,1,0
projectseed-bds-production,BackwardsDigitSpan-v2.0,7113,1,2025-06-12 12:52:01 (Pacific Daylight Time),"Mozilla/5.0 (Linux; Android 6.0; Nexus 5 Build/MRA58N) AppleWebKit/537.36 (KHTML, like Gecko) Chrome/137.0.0.0 Mobile Safari/537.36",62c2267c-02cc-4f77-92c6-6ace148fbead,858,585,eng,10.0,2025-06-12 12:58:03 (Pacific Daylight Time),361575,2,25.0,52,1.0,False,566.0,327.0,88,0.20000004768371582,invalid,2025-06-12,test,12,,-999,1.5,1,0
projectseed-bds-production,BackwardsDigitSpan-v2.0,7113,1,2025-06-12 12:52:01 (Pacific Daylight Time),"Mozilla/5.0 (Linux; Android 6.0; Nexus 5 Build/MRA58N) AppleWebKit/537.36 (KHTML, like Gecko) Chrome/137.0.0.0 Mobile Safari/537.36",62c2267c-02cc-4f77-92c6-6ace148fbead,858,585,eng,11.0,2025-06-12 12:58:06 (Pacific Daylight Time),365167,2,14.0,41,1.0,False,587.0,330.0,88,0.19999992847442627,invalid,2025-06-12,test,12,,-999,1.5,1,0
projectseed-bds-production,BackwardsDigitSpan-v2.0,7113,1,2025-06-12 12:52:01 (Pacific Daylight Time),"Mozilla/5.0 (Linux; Android 6.0; Nexus 5 Build/MRA58N) AppleWebKit/537.36 (KHTML, like Gecko) Chrome/137.0.0.0 Mobile Safari/537.36",62c2267c-02cc-4f77-92c6-6ace148fbead,858,585,eng,12.0,2025-06-12 12:58:10 (Pacific Daylight Time),368724,2,48.0,84,1.0,False,553.0,327.0,88,0.29999983310699463,invalid,2025-06-12,test,12,,-999,1.5,1,0
projectseed-bds-production,BackwardsDigitSpan-v2.0,7113,1,2025-06-12 12:52:01 (Pacific Daylight Time),"Mozilla/5.0 (Linux; Android 6.0; Nexus 5 Build/MRA58N) AppleWebKit/537.36 (KHTML, like Gecko) Chrome/137.0.0.0 Mobile Safari/537.36",62c2267c-02cc-4f77-92c6-6ace148fbead,858,585,eng,13.0,2025-06-12 12:58:13 (Pacific Daylight Time),372302,2,74.0,47,1.0,False,573.0,321.0,88,0.2999999523162842,invalid,2025-06-12,test,12,,-999,1.5,1,0
projectseed-bds-production,BackwardsDigitSpan-v2.0,7113,1,2025-06-12 12:52:01 (Pacific Daylight Time),"Mozilla/5.0 (Linux; Android 6.0; Nexus 5 Build/MRA58N) AppleWebKit/537.36 (KHTML, like Gecko) Chrome/137.0.0.0 Mobile Safari/537.36",62c2267c-02cc-4f77-92c6-6ace148fbead,858,585,eng,14.0,2025-06-12 12:58:17 (Pacific Daylight Time),375889,2,36.0,63,1.0,False,583.0,321.0,88,0.3999999761581421,invalid,2025-06-12,test,12,,-999,1.5,1,0
projectseed-bds-production,BackwardsDigitSpan-v2.0,7114,1,2025-06-13 12:07:36 (Central Daylight Time),"Mozilla/5.0 (Macintosh; Intel Mac OS X 10_15_7) AppleWebKit/537.36 (KHTML, like Gecko) Chrome/137.0.0.0 Safari/537.36",77a46427-1dca-454c-abf2-34b303291739,1024,1728,eng,-999.0,2025-06-13 12:08:01 (Central Daylight Time),24632,2,51.0,15,0.0,True,1801.0,823.0,15,0.9000000059604645,invalid,2025-06-13,training,8,,9,8.8333,3,2
projectseed-bds-production,BackwardsDigitSpan-v2.0,7114,1,2025-06-13 12:07:36 (Central Daylight Time),"Mozilla/5.0 (Macintosh; Intel Mac OS X 10_15_7) AppleWebKit/537.36 (KHTML, like Gecko) Chrome/137.0.0.0 Safari/537.36",77a46427-1dca-454c-abf2-34b303291739,1024,1728,eng,-999.0,2025-06-13 12:08:07 (Central Daylight Time),30356,2,35.0,53,0.0,True,1979.0,477.0,53,0.5000000298023224,invalid,2025-06-13,training,8,,9,8.8333,3,2
projectseed-bds-production,BackwardsDigitSpan-v2.0,7114,1,2025-06-13 12:07:36 (Central Daylight Time),"Mozilla/5.0 (Macintosh; Intel Mac OS X 10_15_7) AppleWebKit/537.36 (KHTML, like Gecko) Chrome/137.0.0.0 Safari/537.36",77a46427-1dca-454c-abf2-34b303291739,1024,1728,eng,-999.0,2025-06-13 12:08:14 (Central Daylight Time),37190,3,123.0,321,0.0,True,2003.0,1077.0,321,0.800000011920929,invalid,2025-06-13,training,8,,9,8.8333,3,2
projectseed-bds-production,BackwardsDigitSpan-v2.0,7114,1,2025-06-13 12:07:36 (Central Daylight Time),"Mozilla/5.0 (Macintosh; Intel Mac OS X 10_15_7) AppleWebKit/537.36 (KHTML, like Gecko) Chrome/137.0.0.0 Safari/537.36",77a46427-1dca-454c-abf2-34b303291739,1024,1728,eng,1.0,2025-06-13 12:08:26 (Central Daylight Time),49873,2,71.0,17,1.0,True,1726.0,477.0,17,0.5000000298023224,invalid,2025-06-13,test,8,,9,8.8333,3,2
projectseed-bds-production,BackwardsDigitSpan-v2.0,7114,1,2025-06-13 12:07:36 (Central Daylight Time),"Mozilla/5.0 (Macintosh; Intel Mac OS X 10_15_7) AppleWebKit/537.36 (KHTML, like Gecko) Chrome/137.0.0.0 Safari/537.36",77a46427-1dca-454c-abf2-34b303291739,1024,1728,eng,2.0,2025-06-13 12:08:33 (Central Daylight Time),56921,3,893.0,398,1.0,True,3040.0,1348.0,398,0.3999999761581421,invalid,2025-06-13,test,8,,9,8.8333,3,2
projectseed-bds-production,BackwardsDigitSpan-v2.0,7114,1,2025-06-13 12:07:36 (Central Daylight Time),"Mozilla/5.0 (Macintosh; Intel Mac OS X 10_15_7) AppleWebKit/537.36 (KHTML, like Gecko) Chrome/137.0.0.0 Safari/537.36",77a46427-1dca-454c-abf2-34b303291739,1024,1728,eng,3.0,2025-06-13 12:08:45 (Central Daylight Time),68030,4,5782.0,2875,1.0,False,6100.0,4935.0,2879,0.7000000178813934,invalid,2025-06-13,test,8,,9,8.8333,3,2
projectseed-bds-production,BackwardsDigitSpan-v2.0,7114,1,2025-06-13 12:07:36 (Central Daylight Time),"Mozilla/5.0 (Macintosh; Intel Mac OS X 10_15_7) AppleWebKit/537.36 (KHTML, like Gecko) Chrome/137.0.0.0 Safari/537.36",77a46427-1dca-454c-abf2-34b303291739,1024,1728,eng,4.0,2025-06-13 12:09:00 (Central Daylight Time),83812,4,1892.0,2981,1.0,False,10774.0,7837.0,2891,0.9999999701976776,invalid,2025-06-13,test,8,,9,8.8333,3,2
projectseed-bds-production,BackwardsDigitSpan-v2.0,7114,1,2025-06-13 12:07:36 (Central Daylight Time),"Mozilla/5.0 (Macintosh; Intel Mac OS X 10_15_7) AppleWebKit/537.36 (KHTML, like Gecko) Chrome/137.0.0.0 Safari/537.36",77a46427-1dca-454c-abf2-34b303291739,1024,1728,eng,5.0,2025-06-13 12:09:10 (Central Daylight Time),93112,3,194.0,491,1.0,True,5294.0,3142.0,491,0.4999999701976776,invalid,2025-06-13,test,8,,9,8.8333,3,2
projectseed-bds-production,BackwardsDigitSpan-v2.0,7114,1,2025-06-13 12:07:36 (Central Daylight Time),"Mozilla/5.0 (Macintosh; Intel Mac OS X 10_15_7) AppleWebKit/537.36 (KHTML, like Gecko) Chrome/137.0.0.0 Safari/537.36",77a46427-1dca-454c-abf2-34b303291739,1024,1728,eng,6.0,2025-06-13 12:09:29 (Central Daylight Time),112753,4,3986.0,6893,1.0,True,14633.0,9564.0,6893,0.6000000238418579,invalid,2025-06-13,test,8,,9,8.8333,3,2
projectseed-bds-production,BackwardsDigitSpan-v2.0,7114,1,2025-06-13 12:07:36 (Central Daylight Time),"Mozilla/5.0 (Macintosh; Intel Mac OS X 10_15_7) AppleWebKit/537.36 (KHTML, like Gecko) Chrome/137.0.0.0 Safari/537.36",77a46427-1dca-454c-abf2-34b303291739,1024,1728,eng,7.0,2025-06-13 12:09:49 (Central Daylight Time),132632,5,72453.0,35427,1.0,True,13868.0,7471.0,35427,0.8999999761581421,invalid,2025-06-13,test,8,,9,8.8333,3,2
projectseed-bds-production,BackwardsDigitSpan-v2.0,7114,1,2025-06-13 12:07:36 (Central Daylight Time),"Mozilla/5.0 (Macintosh; Intel Mac OS X 10_15_7) AppleWebKit/537.36 (KHTML, like Gecko) Chrome/137.0.0.0 Safari/537.36",77a46427-1dca-454c-abf2-34b303291739,1024,1728,eng,8.0,2025-06-13 12:10:07 (Central Daylight Time),150644,6,503827.0,728305,1.0,True,11001.0,6171.0,728305,1.0999999344348907,invalid,2025-06-13,test,8,,9,8.8333,3,2
projectseed-bds-production,BackwardsDigitSpan-v2.0,7114,1,2025-06-13 12:07:36 (Central Daylight Time),"Mozilla/5.0 (Macintosh; Intel Mac OS X 10_15_7) AppleWebKit/537.36 (KHTML, like Gecko) Chrome/137.0.0.0 Safari/537.36",77a46427-1dca-454c-abf2-34b303291739,1024,1728,eng,9.0,2025-06-13 12:10:29 (Central Daylight Time),172235,7,7053418.0,8143507,1.0,True,13578.0,10237.0,8143507,0.699999988079071,invalid,2025-06-13,test,8,,9,8.8333,3,2
projectseed-bds-production,BackwardsDigitSpan-v2.0,7114,1,2025-06-13 12:07:36 (Central Daylight Time),"Mozilla/5.0 (Macintosh; Intel Mac OS X 10_15_7) AppleWebKit/537.36 (KHTML, like Gecko) Chrome/137.0.0.0 Safari/537.36",77a46427-1dca-454c-abf2-34b303291739,1024,1728,eng,10.0,2025-06-13 12:10:53 (Central Daylight Time),196690,8,79830215.0,51203897,1.0,True,15438.0,12100.0,51203897,1.4000000357627869,invalid,2025-06-13,test,8,,9,8.8333,3,2
projectseed-bds-production,BackwardsDigitSpan-v2.0,7114,1,2025-06-13 12:07:36 (Central Daylight Time),"Mozilla/5.0 (Macintosh; Intel Mac OS X 10_15_7) AppleWebKit/537.36 (KHTML, like Gecko) Chrome/137.0.0.0 Safari/537.36",77a46427-1dca-454c-abf2-34b303291739,1024,1728,eng,11.0,2025-06-13 12:11:26 (Central Daylight Time),229097,9,430629815.0,518926034,1.0,True,22389.0,17963.0,518926034,1.699999988079071,invalid,2025-06-13,test,8,,9,8.8333,3,2
projectseed-bds-production,BackwardsDigitSpan-v2.0,7114,1,2025-06-13 12:07:36 (Central Daylight Time),"Mozilla/5.0 (Macintosh; Intel Mac OS X 10_15_7) AppleWebKit/537.36 (KHTML, like Gecko) Chrome/137.0.0.0 Safari/537.36",77a46427-1dca-454c-abf2-34b303291739,1024,1728,eng,12.0,2025-06-13 12:11:59 (Central Daylight Time),262596,10,1034925867.0,7685294301,1.0,False,22480.0,9791.0,6785294301,1.7999999821186066,invalid,2025-06-13,test,8,,9,8.8333,3,2
projectseed-bds-production,BackwardsDigitSpan-v2.0,7114,1,2025-06-13 12:07:36 (Central Daylight Time),"Mozilla/5.0 (Macintosh; Intel Mac OS X 10_15_7) AppleWebKit/537.36 (KHTML, like Gecko) Chrome/137.0.0.0 Safari/537.36",77a46427-1dca-454c-abf2-34b303291739,1024,1728,eng,13.0,2025-06-13 12:12:28 (Central Daylight Time),291417,10,9508237416.0,6147328059,1.0,False,17802.0,13375.0,1647328056,1.2999999225139618,invalid,2025-06-13,test,8,,9,8.8333,3,2
projectseed-bds-production,BackwardsDigitSpan-v2.0,7114,1,2025-06-13 12:07:36 (Central Daylight Time),"Mozilla/5.0 (Macintosh; Intel Mac OS X 10_15_7) AppleWebKit/537.36 (KHTML, like Gecko) Chrome/137.0.0.0 Safari/537.36",77a46427-1dca-454c-abf2-34b303291739,1024,1728,eng,14.0,2025-06-13 12:12:56 (Central Daylight Time),319849,9,729451806.0,608154927,1.0,True,18417.0,12079.0,608154927,1.5999999046325684,invalid,2025-06-13,test,8,,9,8.8333,3,2
projectseed-bds-production,BackwardsDigitSpan-v2.0,7115,1,2025-06-14 20:54:17 (Central Daylight Time),"Mozilla/5.0 (Linux; Android 6.0; Nexus 5 Build/MRA58N) AppleWebKit/537.36 (KHTML, like Gecko) Chrome/137.0.0.0 Mobile Safari/537.36",0c5f83fe-cb62-4b89-83a8-546f5effc41d,609,424,eng,-999.0,2025-06-14 20:54:33 (Central Daylight Time),15642,2,51.0,15,0.0,True,1929.0,600.0,15,0.699999988079071,invalid,2025-06-15,training,8,,3,2.4333,3,2
projectseed-bds-production,BackwardsDigitSpan-v2.0,7115,1,2025-06-14 20:54:17 (Central Daylight Time),"Mozilla/5.0 (Linux; Android 6.0; Nexus 5 Build/MRA58N) AppleWebKit/537.36 (KHTML, like Gecko) Chrome/137.0.0.0 Mobile Safari/537.36",0c5f83fe-cb62-4b89-83a8-546f5effc41d,609,424,eng,-999.0,2025-06-14 20:54:42 (Central Daylight Time),24902,2,35.0,53,0.0,True,1934.0,675.0,53,0.5999999940395355,invalid,2025-06-15,training,8,,3,2.4333,3,2
projectseed-bds-production,BackwardsDigitSpan-v2.0,7115,1,2025-06-14 20:54:17 (Central Daylight Time),"Mozilla/5.0 (Linux; Android 6.0; Nexus 5 Build/MRA58N) AppleWebKit/537.36 (KHTML, like Gecko) Chrome/137.0.0.0 Mobile Safari/537.36",0c5f83fe-cb62-4b89-83a8-546f5effc41d,609,424,eng,-999.0,2025-06-14 20:54:49 (Central Daylight Time),31605,3,123.0,321,0.0,True,1824.0,1031.0,321,1.4999999701976776,invalid,2025-06-15,training,8,,3,2.4333,3,2
projectseed-bds-production,BackwardsDigitSpan-v2.0,7115,1,2025-06-14 20:54:17 (Central Daylight Time),"Mozilla/5.0 (Linux; Android 6.0; Nexus 5 Build/MRA58N) AppleWebKit/537.36 (KHTML, like Gecko) Chrome/137.0.0.0 Mobile Safari/537.36",0c5f83fe-cb62-4b89-83a8-546f5effc41d,609,424,eng,1.0,2025-06-14 20:54:54 (Central Daylight Time),37122,2,71.0,17,1.0,True,1411.0,383.0,17,0.9000000059604645,invalid,2025-06-15,test,8,,3,2.4333,3,2
projectseed-bds-production,BackwardsDigitSpan-v2.0,7115,1,2025-06-14 20:54:17 (Central Daylight Time),"Mozilla/5.0 (Linux; Android 6.0; Nexus 5 Build/MRA58N) AppleWebKit/537.36 (KHTML, like Gecko) Chrome/137.0.0.0 Mobile Safari/537.36",0c5f83fe-cb62-4b89-83a8-546f5effc41d,609,424,eng,2.0,2025-06-14 20:55:01 (Central Daylight Time),43318,3,893.0,398,1.0,True,2189.0,1203.0,398,1.2999999821186066,invalid,2025-06-15,test,8,,3,2.4333,3,2
projectseed-bds-production,BackwardsDigitSpan-v2.0,7115,1,2025-06-14 20:54:17 (Central Daylight Time),"Mozilla/5.0 (Linux; Android 6.0; Nexus 5 Build/MRA58N) AppleWebKit/537.36 (KHTML, like Gecko) Chrome/137.0.0.0 Mobile Safari/537.36",0c5f83fe-cb62-4b89-83a8-546f5effc41d,609,424,eng,3.0,2025-06-14 20:55:12 (Central Daylight Time),54644,4,5782.0,2875,1.0,False,6319.0,2184.0,2578,1.2000000178813934,invalid,2025-06-15,test,8,,3,2.4333,3,2
projectseed-bds-production,BackwardsDigitSpan-v2.0,7115,1,2025-06-14 20:54:17 (Central Daylight Time),"Mozilla/5.0 (Linux; Android 6.0; Nexus 5 Build/MRA58N) AppleWebKit/537.36 (KHTML, like Gecko) Chrome/137.0.0.0 Mobile Safari/537.36",0c5f83fe-cb62-4b89-83a8-546f5effc41d,609,424,eng,4.0,2025-06-14 20:55:21 (Central Daylight Time),63885,4,1892.0,2981,1.0,False,4232.0,2176.0,2918,1.7999999821186066,invalid,2025-06-15,test,8,,3,2.4333,3,2
projectseed-bds-production,BackwardsDigitSpan-v2.0,7115,1,2025-06-14 20:54:17 (Central Daylight Time),"Mozilla/5.0 (Linux; Android 6.0; Nexus 5 Build/MRA58N) AppleWebKit/537.36 (KHTML, like Gecko) Chrome/137.0.0.0 Mobile Safari/537.36",0c5f83fe-cb62-4b89-83a8-546f5effc41d,609,424,eng,5.0,2025-06-14 20:55:27 (Central Daylight Time),70285,3,194.0,491,1.0,True,2393.0,1217.0,491,1.300000011920929,invalid,2025-06-15,test,8,,3,2.4333,3,2
projectseed-bds-production,BackwardsDigitSpan-v2.0,7115,1,2025-06-14 20:54:17 (Central Daylight Time),"Mozilla/5.0 (Linux; Android 6.0; Nexus 5 Build/MRA58N) AppleWebKit/537.36 (KHTML, like Gecko) Chrome/137.0.0.0 Mobile Safari/537.36",0c5f83fe-cb62-4b89-83a8-546f5effc41d,609,424,eng,6.0,2025-06-14 20:55:38 (Central Daylight Time),80738,4,3986.0,6893,1.0,False,5445.0,3209.0,6981,1.5,invalid,2025-06-15,test,8,,3,2.4333,3,2
projectseed-bds-production,BackwardsDigitSpan-v2.0,7115,1,2025-06-14 20:54:17 (Central Daylight Time),"Mozilla/5.0 (Linux; Android 6.0; Nexus 5 Build/MRA58N) AppleWebKit/537.36 (KHTML, like Gecko) Chrome/137.0.0.0 Mobile Safari/537.36",0c5f83fe-cb62-4b89-83a8-546f5effc41d,609,424,eng,7.0,2025-06-14 20:56:01 (Central Daylight Time),103322,4,5943.0,3495,1.0,False,17576.0,3858.0,2389,1.5000000298023224,invalid,2025-06-15,test,8,,3,2.4333,3,2
projectseed-bds-production,BackwardsDigitSpan-v2.0,7115,1,2025-06-14 20:54:17 (Central Daylight Time),"Mozilla/5.0 (Linux; Android 6.0; Nexus 5 Build/MRA58N) AppleWebKit/537.36 (KHTML, like Gecko) Chrome/137.0.0.0 Mobile Safari/537.36",0c5f83fe-cb62-4b89-83a8-546f5effc41d,609,424,eng,8.0,2025-06-14 20:56:07 (Central Daylight Time),109531,3,785.0,587,1.0,True,2202.0,987.0,587,1.2000000178813934,invalid,2025-06-15,test,8,,3,2.4333,3,2
projectseed-bds-production,BackwardsDigitSpan-v2.0,7115,1,2025-06-14 20:54:17 (Central Daylight Time),"Mozilla/5.0 (Linux; Android 6.0; Nexus 5 Build/MRA58N) AppleWebKit/537.36 (KHTML, like Gecko) Chrome/137.0.0.0 Mobile Safari/537.36",0c5f83fe-cb62-4b89-83a8-546f5effc41d,609,424,eng,9.0,2025-06-14 20:56:15 (Central Daylight Time),117360,4,5219.0,9125,1.0,False,2821.0,1879.0,9152,1.5999999940395355,invalid,2025-06-15,test,8,,3,2.4333,3,2
projectseed-bds-production,BackwardsDigitSpan-v2.0,7115,1,2025-06-14 20:54:17 (Central Daylight Time),"Mozilla/5.0 (Linux; Android 6.0; Nexus 5 Build/MRA58N) AppleWebKit/537.36 (KHTML, like Gecko) Chrome/137.0.0.0 Mobile Safari/537.36",0c5f83fe-cb62-4b89-83a8-546f5effc41d,609,424,eng,10.0,2025-06-14 20:56:23 (Central Daylight Time),126035,4,1972.0,2791,1.0,False,3668.0,1331.0,3498,1.4000000059604645,invalid,2025-06-15,test,8,,3,2.4333,3,2
projectseed-bds-production,BackwardsDigitSpan-v2.0,7115,1,2025-06-14 20:54:17 (Central Daylight Time),"Mozilla/5.0 (Linux; Android 6.0; Nexus 5 Build/MRA58N) AppleWebKit/537.36 (KHTML, like Gecko) Chrome/137.0.0.0 Mobile Safari/537.36",0c5f83fe-cb62-4b89-83a8-546f5effc41d,609,424,eng,11.0,2025-06-14 20:56:42 (Central Daylight Time),144876,3,876.0,678,1.0,False,14834.0,3970.0,821,1.300000011920929,invalid,2025-06-15,test,8,,3,2.4333,3,2
projectseed-bds-production,BackwardsDigitSpan-v2.0,7115,1,2025-06-14 20:54:17 (Central Daylight Time),"Mozilla/5.0 (Linux; Android 6.0; Nexus 5 Build/MRA58N) AppleWebKit/537.36 (KHTML, like Gecko) Chrome/137.0.0.0 Mobile Safari/537.36",0c5f83fe-cb62-4b89-83a8-546f5effc41d,609,424,eng,12.0,2025-06-14 20:56:55 (Central Daylight Time),157472,3,632.0,236,1.0,False,8588.0,1572.0,278,1.2000000178813934,invalid,2025-06-15,test,8,,3,2.4333,3,2
projectseed-bds-production,BackwardsDigitSpan-v2.0,7115,1,2025-06-14 20:54:17 (Central Daylight Time),"Mozilla/5.0 (Linux; Android 6.0; Nexus 5 Build/MRA58N) AppleWebKit/537.36 (KHTML, like Gecko) Chrome/137.0.0.0 Mobile Safari/537.36",0c5f83fe-cb62-4b89-83a8-546f5effc41d,609,424,eng,13.0,2025-06-14 20:57:03 (Central Daylight Time),165384,2,82.0,28,1.0,False,4908.0,454.0,43,0.7999999821186066,invalid,2025-06-15,test,8,,3,2.4333,3,2
projectseed-bds-production,BackwardsDigitSpan-v2.0,7115,1,2025-06-14 20:54:17 (Central Daylight Time),"Mozilla/5.0 (Linux; Android 6.0; Nexus 5 Build/MRA58N) AppleWebKit/537.36 (KHTML, like Gecko) Chrome/137.0.0.0 Mobile Safari/537.36",0c5f83fe-cb62-4b89-83a8-546f5effc41d,609,424,eng,14.0,2025-06-14 20:57:14 (Central Daylight Time),176677,2,26.0,62,1.0,False,8289.0,771.0,32,0.7000000178813934,invalid,2025-06-15,test,8,,3,2.4333,3,2
projectseed-bds-production,BackwardsDigitSpan-v2.0,011,1,2025-06-09 16:35:07 (Central Daylight Time),"Mozilla/5.0 (iPhone; CPU iPhone OS 18_5 like Mac OS X) AppleWebKit/605.1.15 (KHTML, like Gecko) Version/18.5 Mobile/15E148 Safari/604.1",f79b32b4-168e-47c2-a040-a7c80bd08ddf,896,414,eng,-999.0,2025-06-09 16:35:20 (Central Daylight Time),12807,2,32.0,23,0.0,False,1485.0,315.0,12,1.0,invalid,2025-06-09,training,0,,-999,-999.0,-999,-999
projectseed-bds-production,BackwardsDigitSpan-v2.0,011,1,2025-06-09 16:35:07 (Central Daylight Time),"Mozilla/5.0 (iPhone; CPU iPhone OS 18_5 like Mac OS X) AppleWebKit/605.1.15 (KHTML, like Gecko) Version/18.5 Mobile/15E148 Safari/604.1",f79b32b4-168e-47c2-a040-a7c80bd08ddf,896,414,eng,-999.0,2025-06-09 16:35:28 (Central Daylight Time),20090,2,91.0,19,0.0,True,3225.0,532.0,19,0.0,invalid,2025-06-09,training,0,,-999,-999.0,-999,-999
projectseed-bds-production,BackwardsDigitSpan-v2.0,011,1,2025-06-09 16:35:07 (Central Daylight Time),"Mozilla/5.0 (iPhone; CPU iPhone OS 18_5 like Mac OS X) AppleWebKit/605.1.15 (KHTML, like Gecko) Version/18.5 Mobile/15E148 Safari/604.1",f79b32b4-168e-47c2-a040-a7c80bd08ddf,896,414,eng,-999.0,2025-06-09 16:35:34 (Central Daylight Time),26805,3,824.0,428,0.0,True,1908.0,750.0,428,1.0,invalid,2025-06-09,training,0,,-999,-999.0,-999,-999
projectseed-bds-production,BackwardsDigitSpan-v2.0,011,1,2025-06-09 16:35:07 (Central Daylight Time),"Mozilla/5.0 (iPhone; CPU iPhone OS 18_5 like Mac OS X) AppleWebKit/605.1.15 (KHTML, like Gecko) Version/18.5 Mobile/15E148 Safari/604.1",f79b32b4-168e-47c2-a040-a7c80bd08ddf,896,414,eng,-999.0,2025-06-09 16:35:40 (Central Daylight Time),32805,2,45.0,54,0.0,True,1625.0,198.0,54,2.0,invalid,2025-06-09,training,0,,-999,-999.0,-999,-999
projectseed-bds-production,BackwardsDigitSpan-v2.0,011,1,2025-06-09 16:35:07 (Central Daylight Time),"Mozilla/5.0 (iPhone; CPU iPhone OS 18_5 like Mac OS X) AppleWebKit/605.1.15 (KHTML, like Gecko) Version/18.5 Mobile/15E148 Safari/604.1",f79b32b4-168e-47c2-a040-a7c80bd08ddf,896,414,eng,-999.0,2025-06-09 16:35:45 (Central Daylight Time),37587,2,21.0,12,0.0,True,1140.0,146.0,12,0.0,invalid,2025-06-09,training,0,,-999,-999.0,-999,-999
projectseed-bds-production,BackwardsDigitSpan-v2.0,011,1,2025-06-09 19:39:24 (Central Daylight Time),"Mozilla/5.0 (Macintosh; Intel Mac OS X 10_15_7) AppleWebKit/537.36 (KHTML, like Gecko) Chrome/137.0.0.0 Safari/537.36",cf936e11-5654-4665-93ea-97bf726ae73e,944,1512,eng,-999.0,2025-06-09 19:39:40 (Central Daylight Time),16433,2,32.0,23,0.0,True,1026.0,300.0,23,0.7000000476837158,invalid,2025-06-10,training,0,,-999,-999.0,-999,-999
projectseed-bds-production,BackwardsDigitSpan-v2.0,011,1,2025-06-09 19:39:24 (Central Daylight Time),"Mozilla/5.0 (Macintosh; Intel Mac OS X 10_15_7) AppleWebKit/537.36 (KHTML, like Gecko) Chrome/137.0.0.0 Safari/537.36",cf936e11-5654-4665-93ea-97bf726ae73e,944,1512,eng,-999.0,2025-06-09 19:39:46 (Central Daylight Time),22469,2,91.0,19,0.0,True,2375.0,583.0,19,0.5999999046325684,invalid,2025-06-10,training,0,,-999,-999.0,-999,-999
projectseed-bds-production,BackwardsDigitSpan-v2.0,011,1,2025-06-09 19:39:24 (Central Daylight Time),"Mozilla/5.0 (Macintosh; Intel Mac OS X 10_15_7) AppleWebKit/537.36 (KHTML, like Gecko) Chrome/137.0.0.0 Safari/537.36",cf936e11-5654-4665-93ea-97bf726ae73e,944,1512,eng,-999.0,2025-06-09 19:39:53 (Central Daylight Time),29301,3,824.0,428,0.0,True,2140.0,1012.0,428,1.7000000476837158,invalid,2025-06-10,training,0,,-999,-999.0,-999,-999
projectseed-bds-production,BackwardsDigitSpan-v2.0,0011,1,2025-05-19 15:58:27 (Central Daylight Time),"Mozilla/5.0 (iPhone; CPU iPhone OS 16_6 like Mac OS X) AppleWebKit/605.1.15 (KHTML, like Gecko) Version/16.6 Mobile/15E148 Safari/604.1",f2f96c3b-f6b5-445f-a645-2f159520a095,932,430,eng,-999.0,2025-05-19 15:58:37 (Central Daylight Time),10032,2,32.0,23,0.0,True,1553.0,704.0,23,0.800000011920929,invalid,2025-05-19,training,0,,-999,-999.0,-999,-999
projectseed-bds-production,BackwardsDigitSpan-v2.0,0011,1,2025-05-19 15:58:27 (Central Daylight Time),"Mozilla/5.0 (iPhone; CPU iPhone OS 16_6 like Mac OS X) AppleWebKit/605.1.15 (KHTML, like Gecko) Version/16.6 Mobile/15E148 Safari/604.1",f2f96c3b-f6b5-445f-a645-2f159520a095,932,430,eng,-999.0,2025-05-19 15:58:44 (Central Daylight Time),16613,2,91.0,19,0.0,True,2429.0,1288.0,19,0.3999999761581421,invalid,2025-05-19,training,0,,-999,-999.0,-999,-999
projectseed-bds-production,BackwardsDigitSpan-v2.0,0011,1,2025-05-19 15:58:27 (Central Daylight Time),"Mozilla/5.0 (iPhone; CPU iPhone OS 16_6 like Mac OS X) AppleWebKit/605.1.15 (KHTML, like Gecko) Version/16.6 Mobile/15E148 Safari/604.1",f2f96c3b-f6b5-445f-a645-2f159520a095,932,430,eng,-999.0,2025-05-19 15:58:50 (Central Daylight Time),23122,3,824.0,428,0.0,True,1789.0,1087.0,428,0.7000000476837158,invalid,2025-05-19,training,0,,-999,-999.0,-999,-999
projectseed-bds-production,BackwardsDigitSpan-v2.0,012,1,2025-06-09 16:51:34 (Central Daylight Time),"Mozilla/5.0 (Macintosh; Intel Mac OS X 10_15_7) AppleWebKit/537.36 (KHTML, like Gecko) Chrome/137.0.0.0 Safari/537.36",e0cc7a84-3ab2-4f59-b3c2-52d78cb60359,779,1920,eng,-999.0,2025-06-09 16:52:06 (Central Daylight Time),31899,2,51.0,15,0.0,True,1496.0,700.0,15,0.7000000476837158,invalid,2025-06-09,training,8,,6,6.0,6,6
projectseed-bds-production,BackwardsDigitSpan-v2.0,012,1,2025-06-09 16:51:34 (Central Daylight Time),"Mozilla/5.0 (Macintosh; Intel Mac OS X 10_15_7) AppleWebKit/537.36 (KHTML, like Gecko) Chrome/137.0.0.0 Safari/537.36",e0cc7a84-3ab2-4f59-b3c2-52d78cb60359,779,1920,eng,-999.0,2025-06-09 16:52:12 (Central Daylight Time),37517,2,35.0,53,0.0,True,1987.0,522.0,53,0.20000004768371582,invalid,2025-06-09,training,8,,6,6.0,6,6
projectseed-bds-production,BackwardsDigitSpan-v2.0,012,1,2025-06-09 16:51:34 (Central Daylight Time),"Mozilla/5.0 (Macintosh; Intel Mac OS X 10_15_7) AppleWebKit/537.36 (KHTML, like Gecko) Chrome/137.0.0.0 Safari/537.36",e0cc7a84-3ab2-4f59-b3c2-52d78cb60359,779,1920,eng,-999.0,2025-06-09 16:52:18 (Central Daylight Time),43887,3,123.0,321,0.0,True,1595.0,832.0,321,0.7999999523162842,invalid,2025-06-09,training,8,,6,6.0,6,6
projectseed-bds-production,BackwardsDigitSpan-v2.0,012,1,2025-06-09 16:51:34 (Central Daylight Time),"Mozilla/5.0 (Macintosh; Intel Mac OS X 10_15_7) AppleWebKit/537.36 (KHTML, like Gecko) Chrome/137.0.0.0 Safari/537.36",e0cc7a84-3ab2-4f59-b3c2-52d78cb60359,779,1920,eng,1.0,2025-06-09 16:52:25 (Central Daylight Time),50390,2,71.0,17,1.0,True,2529.0,867.0,17,0.7999999523162842,invalid,2025-06-09,test,8,,6,6.0,6,6
projectseed-bds-production,BackwardsDigitSpan-v2.0,012,1,2025-06-09 16:51:34 (Central Daylight Time),"Mozilla/5.0 (Macintosh; Intel Mac OS X 10_15_7) AppleWebKit/537.36 (KHTML, like Gecko) Chrome/137.0.0.0 Safari/537.36",e0cc7a84-3ab2-4f59-b3c2-52d78cb60359,779,1920,eng,2.0,2025-06-09 16:52:32 (Central Daylight Time),57529,3,893.0,398,1.0,False,3131.0,852.0,389,1.0999999046325684,invalid,2025-06-09,test,8,,6,6.0,6,6
projectseed-bds-production,BackwardsDigitSpan-v2.0,012,1,2025-06-09 16:51:34 (Central Daylight Time),"Mozilla/5.0 (Macintosh; Intel Mac OS X 10_15_7) AppleWebKit/537.36 (KHTML, like Gecko) Chrome/137.0.0.0 Safari/537.36",e0cc7a84-3ab2-4f59-b3c2-52d78cb60359,779,1920,eng,3.0,2025-06-09 16:52:38 (Central Daylight Time),63878,3,194.0,491,1.0,True,2343.0,1315.0,491,0.40000009536743164,invalid,2025-06-09,test,8,,6,6.0,6,6
projectseed-bds-production,BackwardsDigitSpan-v2.0,012,1,2025-06-09 16:51:34 (Central Daylight Time),"Mozilla/5.0 (Macintosh; Intel Mac OS X 10_15_7) AppleWebKit/537.36 (KHTML, like Gecko) Chrome/137.0.0.0 Safari/537.36",e0cc7a84-3ab2-4f59-b3c2-52d78cb60359,779,1920,eng,4.0,2025-06-09 16:52:49 (Central Daylight Time),74585,4,5782.0,2875,1.0,True,5697.0,1324.0,2875,1.1999998092651367,invalid,2025-06-09,test,8,,6,6.0,6,6
projectseed-bds-production,BackwardsDigitSpan-v2.0,012,1,2025-06-09 16:51:34 (Central Daylight Time),"Mozilla/5.0 (Macintosh; Intel Mac OS X 10_15_7) AppleWebKit/537.36 (KHTML, like Gecko) Chrome/137.0.0.0 Safari/537.36",e0cc7a84-3ab2-4f59-b3c2-52d78cb60359,779,1920,eng,5.0,2025-06-09 16:53:01 (Central Daylight Time),86889,5,72453.0,35427,1.0,True,6290.0,2226.0,35427,1.9999998807907104,invalid,2025-06-09,test,8,,6,6.0,6,6
projectseed-bds-production,BackwardsDigitSpan-v2.0,012,1,2025-06-09 16:51:34 (Central Daylight Time),"Mozilla/5.0 (Macintosh; Intel Mac OS X 10_15_7) AppleWebKit/537.36 (KHTML, like Gecko) Chrome/137.0.0.0 Safari/537.36",e0cc7a84-3ab2-4f59-b3c2-52d78cb60359,779,1920,eng,6.0,2025-06-09 16:53:16 (Central Daylight Time),102297,6,503827.0,728305,1.0,True,8392.0,3177.0,728305,3.299999952316284,invalid,2025-06-09,test,8,,6,6.0,6,6
projectseed-bds-production,BackwardsDigitSpan-v2.0,012,1,2025-06-09 16:51:34 (Central Daylight Time),"Mozilla/5.0 (Macintosh; Intel Mac OS X 10_15_7) AppleWebKit/537.36 (KHTML, like Gecko) Chrome/137.0.0.0 Safari/537.36",e0cc7a84-3ab2-4f59-b3c2-52d78cb60359,779,1920,eng,7.0,2025-06-09 16:53:32 (Central Daylight Time),117388,7,7053418.0,8143507,1.0,False,7077.0,5684.0,8170354,1.899999976158142,invalid,2025-06-09,test,8,,6,6.0,6,6
projectseed-bds-production,BackwardsDigitSpan-v2.0,012,1,2025-06-09 16:51:34 (Central Daylight Time),"Mozilla/5.0 (Macintosh; Intel Mac OS X 10_15_7) AppleWebKit/537.36 (KHTML, like Gecko) Chrome/137.0.0.0 Safari/537.36",e0cc7a84-3ab2-4f59-b3c2-52d78cb60359,779,1920,eng,8.0,2025-06-09 16:53:46 (Central Daylight Time),131645,7,7384296.0,6924837,1.0,False,6243.0,4752.0,6937298,1.5999999046325684,invalid,2025-06-09,test,8,,6,6.0,6,6
projectseed-bds-production,BackwardsDigitSpan-v2.0,012,1,2025-06-09 16:51:34 (Central Daylight Time),"Mozilla/5.0 (Macintosh; Intel Mac OS X 10_15_7) AppleWebKit/537.36 (KHTML, like Gecko) Chrome/137.0.0.0 Safari/537.36",e0cc7a84-3ab2-4f59-b3c2-52d78cb60359,779,1920,eng,9.0,2025-06-09 16:54:04 (Central Daylight Time),149820,6,960538.0,835069,1.0,True,11160.0,3633.0,835069,2.799999952316284,invalid,2025-06-09,test,8,,6,6.0,6,6
projectseed-bds-production,BackwardsDigitSpan-v2.0,012,1,2025-06-09 16:51:34 (Central Daylight Time),"Mozilla/5.0 (Macintosh; Intel Mac OS X 10_15_7) AppleWebKit/537.36 (KHTML, like Gecko) Chrome/137.0.0.0 Safari/537.36",e0cc7a84-3ab2-4f59-b3c2-52d78cb60359,779,1920,eng,10.0,2025-06-09 16:54:24 (Central Daylight Time),169596,7,3049651.0,1569403,1.0,False,11761.0,4718.0,1596038,2.8000001907348633,invalid,2025-06-09,test,8,,6,6.0,6,6
projectseed-bds-production,BackwardsDigitSpan-v2.0,012,1,2025-06-09 16:51:34 (Central Daylight Time),"Mozilla/5.0 (Macintosh; Intel Mac OS X 10_15_7) AppleWebKit/537.36 (KHTML, like Gecko) Chrome/137.0.0.0 Safari/537.36",e0cc7a84-3ab2-4f59-b3c2-52d78cb60359,779,1920,eng,11.0,2025-06-09 16:54:43 (Central Daylight Time),189121,7,5740968.0,8690475,1.0,False,11506.0,4235.0,8907543,3.8000000715255737,invalid,2025-06-09,test,8,,6,6.0,6,6
projectseed-bds-production,BackwardsDigitSpan-v2.0,012,1,2025-06-09 16:51:34 (Central Daylight Time),"Mozilla/5.0 (Macintosh; Intel Mac OS X 10_15_7) AppleWebKit/537.36 (KHTML, like Gecko) Chrome/137.0.0.0 Safari/537.36",e0cc7a84-3ab2-4f59-b3c2-52d78cb60359,779,1920,eng,12.0,2025-06-09 16:54:59 (Central Daylight Time),204344,6,807493.0,394708,1.0,True,8208.0,2782.0,394708,1.7000001668930054,invalid,2025-06-09,test,8,,6,6.0,6,6
projectseed-bds-production,BackwardsDigitSpan-v2.0,012,1,2025-06-09 16:51:34 (Central Daylight Time),"Mozilla/5.0 (Macintosh; Intel Mac OS X 10_15_7) AppleWebKit/537.36 (KHTML, like Gecko) Chrome/137.0.0.0 Safari/537.36",e0cc7a84-3ab2-4f59-b3c2-52d78cb60359,779,1920,eng,13.0,2025-06-09 16:55:09 (Central Daylight Time),214333,7,9186357.0,7536819,1.0,False,1974.0,948.0,8888888,2.0999999046325684,invalid,2025-06-09,test,8,,6,6.0,6,6
projectseed-bds-production,BackwardsDigitSpan-v2.0,012,1,2025-06-09 16:51:34 (Central Daylight Time),"Mozilla/5.0 (Macintosh; Intel Mac OS X 10_15_7) AppleWebKit/537.36 (KHTML, like Gecko) Chrome/137.0.0.0 Safari/537.36",e0cc7a84-3ab2-4f59-b3c2-52d78cb60359,779,1920,eng,14.0,2025-06-09 16:55:19 (Central Daylight Time),224572,7,4901582.0,2851094,1.0,False,2225.0,1018.0,5555555,1.0000001192092896,invalid,2025-06-09,test,8,,6,6.0,6,6
projectseed-bds-production,BackwardsDigitSpan-v2.0,012,1,2025-06-09 19:03:28 (Central Daylight Time),"Mozilla/5.0 (Linux; Android 6.0; Nexus 5 Build/MRA58N) AppleWebKit/537.36 (KHTML, like Gecko) Chrome/137.0.0.0 Mobile Safari/537.36",9ec45b5e-555a-41a6-b631-bb90b36dc2d7,717,391,eng,-999.0,2025-06-09 19:03:44 (Central Daylight Time),15568,2,62.0,26,0.0,False,2602.0,999.0,32,1.899999976158142,invalid,2025-06-10,training,14,,-999,-999.0,-999,-999
projectseed-bds-production,BackwardsDigitSpan-v2.0,012,1,2025-06-09 19:03:28 (Central Daylight Time),"Mozilla/5.0 (Linux; Android 6.0; Nexus 5 Build/MRA58N) AppleWebKit/537.36 (KHTML, like Gecko) Chrome/137.0.0.0 Mobile Safari/537.36",9ec45b5e-555a-41a6-b631-bb90b36dc2d7,717,391,eng,-999.0,2025-06-09 19:03:49 (Central Daylight Time),20970,2,57.0,75,0.0,True,1679.0,532.0,75,0.6000000238418579,invalid,2025-06-10,training,14,,-999,-999.0,-999,-999
projectseed-bds-production,BackwardsDigitSpan-v2.0,012,1,2025-06-09 19:03:28 (Central Daylight Time),"Mozilla/5.0 (Linux; Android 6.0; Nexus 5 Build/MRA58N) AppleWebKit/537.36 (KHTML, like Gecko) Chrome/137.0.0.0 Mobile Safari/537.36",9ec45b5e-555a-41a6-b631-bb90b36dc2d7,717,391,eng,-999.0,2025-06-09 19:06:11 (Central Daylight Time),162619,3,179.0,971,0.0,False,135154.0,302.0,444,0.7999999523162842,invalid,2025-06-10,training,14,,-999,-999.0,-999,-999
projectseed-bds-production,BackwardsDigitSpan-v2.0,012,1,2025-06-09 19:03:28 (Central Daylight Time),"Mozilla/5.0 (Linux; Android 6.0; Nexus 5 Build/MRA58N) AppleWebKit/537.36 (KHTML, like Gecko) Chrome/137.0.0.0 Mobile Safari/537.36",9ec45b5e-555a-41a6-b631-bb90b36dc2d7,717,391,eng,-999.0,2025-06-09 19:06:16 (Central Daylight Time),168038,2,68.0,86,0.0,True,1563.0,581.0,86,0.5999999046325684,invalid,2025-06-10,training,14,,-999,-999.0,-999,-999
projectseed-bds-production,BackwardsDigitSpan-v2.0,012,1,2025-06-09 19:03:28 (Central Daylight Time),"Mozilla/5.0 (Linux; Android 6.0; Nexus 5 Build/MRA58N) AppleWebKit/537.36 (KHTML, like Gecko) Chrome/137.0.0.0 Mobile Safari/537.36",9ec45b5e-555a-41a6-b631-bb90b36dc2d7,717,391,eng,-999.0,2025-06-09 19:06:21 (Central Daylight Time),173007,2,34.0,43,0.0,True,1364.0,485.0,43,0.30000007152557373,invalid,2025-06-10,training,14,,-999,-999.0,-999,-999
projectseed-bds-production,BackwardsDigitSpan-v2.0,012,1,2025-06-09 19:03:28 (Central Daylight Time),"Mozilla/5.0 (Linux; Android 6.0; Nexus 5 Build/MRA58N) AppleWebKit/537.36 (KHTML, like Gecko) Chrome/137.0.0.0 Mobile Safari/537.36",9ec45b5e-555a-41a6-b631-bb90b36dc2d7,717,391,eng,-999.0,2025-06-09 19:06:29 (Central Daylight Time),180629,3,496.0,694,0.0,True,2895.0,1049.0,694,0.8000001907348633,invalid,2025-06-10,training,14,,-999,-999.0,-999,-999
projectseed-bds-production,BackwardsDigitSpan-v2.0,012,1,2025-06-09 19:03:28 (Central Daylight Time),"Mozilla/5.0 (Linux; Android 6.0; Nexus 5 Build/MRA58N) AppleWebKit/537.36 (KHTML, like Gecko) Chrome/137.0.0.0 Mobile Safari/537.36",9ec45b5e-555a-41a6-b631-bb90b36dc2d7,717,391,eng,-999.0,2025-06-09 19:06:34 (Central Daylight Time),185829,2,74.0,47,0.0,False,1512.0,367.0,44,0.19999992847442627,invalid,2025-06-10,training,14,,-999,-999.0,-999,-999
projectseed-bds-production,BackwardsDigitSpan-v2.0,012,1,2025-06-09 19:06:37 (Central Daylight Time),"Mozilla/5.0 (Linux; Android 6.0; Nexus 5 Build/MRA58N) AppleWebKit/537.36 (KHTML, like Gecko) Chrome/137.0.0.0 Mobile Safari/537.36",2c678c62-3d01-47d1-bc1e-6edd794b1d61,717,391,eng,-999.0,2025-06-09 19:06:45 (Central Daylight Time),8446,2,62.0,26,0.0,True,1488.0,482.0,26,1.4000000953674316,invalid,2025-06-10,training,14,,-999,1.5,1,0
projectseed-bds-production,BackwardsDigitSpan-v2.0,012,1,2025-06-09 19:06:37 (Central Daylight Time),"Mozilla/5.0 (Linux; Android 6.0; Nexus 5 Build/MRA58N) AppleWebKit/537.36 (KHTML, like Gecko) Chrome/137.0.0.0 Mobile Safari/537.36",2c678c62-3d01-47d1-bc1e-6edd794b1d61,717,391,eng,-999.0,2025-06-09 19:06:51 (Central Daylight Time),14082,2,57.0,75,0.0,True,2049.0,803.0,75,1.4000000953674316,invalid,2025-06-10,training,14,,-999,1.5,1,0
projectseed-bds-production,BackwardsDigitSpan-v2.0,012,1,2025-06-09 19:06:37 (Central Daylight Time),"Mozilla/5.0 (Linux; Android 6.0; Nexus 5 Build/MRA58N) AppleWebKit/537.36 (KHTML, like Gecko) Chrome/137.0.0.0 Mobile Safari/537.36",2c678c62-3d01-47d1-bc1e-6edd794b1d61,717,391,eng,-999.0,2025-06-09 19:06:58 (Central Daylight Time),21034,3,179.0,971,0.0,True,2163.0,1178.0,971,0.30000007152557373,invalid,2025-06-10,training,14,,-999,1.5,1,0
projectseed-bds-production,BackwardsDigitSpan-v2.0,012,1,2025-06-09 19:06:37 (Central Daylight Time),"Mozilla/5.0 (Linux; Android 6.0; Nexus 5 Build/MRA58N) AppleWebKit/537.36 (KHTML, like Gecko) Chrome/137.0.0.0 Mobile Safari/537.36",2c678c62-3d01-47d1-bc1e-6edd794b1d61,717,391,eng,1.0,2025-06-09 19:07:45 (Central Daylight Time),68573,2,26.0,62,1.0,False,43733.0,14530.0,55,0.5,invalid,2025-06-10,test,14,,-999,1.5,1,0
projectseed-bds-production,BackwardsDigitSpan-v2.0,012,1,2025-06-09 19:06:37 (Central Daylight Time),"Mozilla/5.0 (Linux; Android 6.0; Nexus 5 Build/MRA58N) AppleWebKit/537.36 (KHTML, like Gecko) Chrome/137.0.0.0 Mobile Safari/537.36",2c678c62-3d01-47d1-bc1e-6edd794b1d61,717,391,eng,2.0,2025-06-09 19:07:49 (Central Daylight Time),71950,2,25.0,52,1.0,False,372.0,314.0,55,0.30000007152557373,invalid,2025-06-10,test,14,,-999,1.5,1,0
projectseed-bds-production,BackwardsDigitSpan-v2.0,012,1,2025-06-09 19:06:37 (Central Daylight Time),"Mozilla/5.0 (Linux; Android 6.0; Nexus 5 Build/MRA58N) AppleWebKit/537.36 (KHTML, like Gecko) Chrome/137.0.0.0 Mobile Safari/537.36",2c678c62-3d01-47d1-bc1e-6edd794b1d61,717,391,eng,3.0,2025-06-09 19:07:52 (Central Daylight Time),75264,2,35.0,53,1.0,False,309.0,309.0,55,0.10000002384185791,invalid,2025-06-10,test,14,,-999,1.5,1,0
projectseed-bds-production,BackwardsDigitSpan-v2.0,012,1,2025-06-09 19:06:37 (Central Daylight Time),"Mozilla/5.0 (Linux; Android 6.0; Nexus 5 Build/MRA58N) AppleWebKit/537.36 (KHTML, like Gecko) Chrome/137.0.0.0 Mobile Safari/537.36",2c678c62-3d01-47d1-bc1e-6edd794b1d61,717,391,eng,4.0,2025-06-09 19:07:55 (Central Daylight Time),78817,2,82.0,28,1.0,False,550.0,301.0,55,0.3999999761581421,invalid,2025-06-10,test,14,,-999,1.5,1,0
projectseed-bds-production,BackwardsDigitSpan-v2.0,012,1,2025-06-09 19:06:37 (Central Daylight Time),"Mozilla/5.0 (Linux; Android 6.0; Nexus 5 Build/MRA58N) AppleWebKit/537.36 (KHTML, like Gecko) Chrome/137.0.0.0 Mobile Safari/537.36",2c678c62-3d01-47d1-bc1e-6edd794b1d61,717,391,eng,5.0,2025-06-09 19:07:59 (Central Daylight Time),82399,2,49.0,94,1.0,False,577.0,299.0,55,0.20000004768371582,invalid,2025-06-10,test,14,,-999,1.5,1,0
projectseed-bds-production,BackwardsDigitSpan-v2.0,012,1,2025-06-09 19:06:37 (Central Daylight Time),"Mozilla/5.0 (Linux; Android 6.0; Nexus 5 Build/MRA58N) AppleWebKit/537.36 (KHTML, like Gecko) Chrome/137.0.0.0 Mobile Safari/537.36",2c678c62-3d01-47d1-bc1e-6edd794b1d61,717,391,eng,6.0,2025-06-09 19:08:03 (Central Daylight Time),86003,2,89.0,98,1.0,False,600.0,315.0,55,0.20000004768371582,invalid,2025-06-10,test,14,,-999,1.5,1,0
projectseed-bds-production,BackwardsDigitSpan-v2.0,012,1,2025-06-09 19:06:37 (Central Daylight Time),"Mozilla/5.0 (Linux; Android 6.0; Nexus 5 Build/MRA58N) AppleWebKit/537.36 (KHTML, like Gecko) Chrome/137.0.0.0 Mobile Safari/537.36",2c678c62-3d01-47d1-bc1e-6edd794b1d61,717,391,eng,7.0,2025-06-09 19:08:06 (Central Daylight Time),89502,2,56.0,65,1.0,False,493.0,296.0,55,0.2999999523162842,invalid,2025-06-10,test,14,,-999,1.5,1,0
projectseed-bds-production,BackwardsDigitSpan-v2.0,012,1,2025-06-09 19:06:37 (Central Daylight Time),"Mozilla/5.0 (Linux; Android 6.0; Nexus 5 Build/MRA58N) AppleWebKit/537.36 (KHTML, like Gecko) Chrome/137.0.0.0 Mobile Safari/537.36",2c678c62-3d01-47d1-bc1e-6edd794b1d61,717,391,eng,8.0,2025-06-09 19:08:10 (Central Daylight Time),93250,2,62.0,26,1.0,False,745.0,583.0,55,0.5,invalid,2025-06-10,test,14,,-999,1.5,1,0
projectseed-bds-production,BackwardsDigitSpan-v2.0,012,1,2025-06-09 19:06:37 (Central Daylight Time),"Mozilla/5.0 (Linux; Android 6.0; Nexus 5 Build/MRA58N) AppleWebKit/537.36 (KHTML, like Gecko) Chrome/137.0.0.0 Mobile Safari/537.36",2c678c62-3d01-47d1-bc1e-6edd794b1d61,717,391,eng,9.0,2025-06-09 19:08:13 (Central Daylight Time),96729,2,73.0,37,1.0,False,475.0,299.0,55,0.39999985694885254,invalid,2025-06-10,test,14,,-999,1.5,1,0
projectseed-bds-production,BackwardsDigitSpan-v2.0,012,1,2025-06-09 19:06:37 (Central Daylight Time),"Mozilla/5.0 (Linux; Android 6.0; Nexus 5 Build/MRA58N) AppleWebKit/537.36 (KHTML, like Gecko) Chrome/137.0.0.0 Mobile Safari/537.36",2c678c62-3d01-47d1-bc1e-6edd794b1d61,717,391,eng,10.0,2025-06-09 19:08:17 (Central Daylight Time),100194,2,84.0,48,1.0,False,460.0,293.0,55,0.2999999523162842,invalid,2025-06-10,test,14,,-999,1.5,1,0
projectseed-bds-production,BackwardsDigitSpan-v2.0,012,1,2025-06-09 19:06:37 (Central Daylight Time),"Mozilla/5.0 (Linux; Android 6.0; Nexus 5 Build/MRA58N) AppleWebKit/537.36 (KHTML, like Gecko) Chrome/137.0.0.0 Mobile Safari/537.36",2c678c62-3d01-47d1-bc1e-6edd794b1d61,717,391,eng,11.0,2025-06-09 19:08:20 (Central Daylight Time),103677,2,27.0,72,1.0,False,477.0,299.0,55,0.30000007152557373,invalid,2025-06-10,test,14,,-999,1.5,1,0
projectseed-bds-production,BackwardsDigitSpan-v2.0,012,1,2025-06-09 19:06:37 (Central Daylight Time),"Mozilla/5.0 (Linux; Android 6.0; Nexus 5 Build/MRA58N) AppleWebKit/537.36 (KHTML, like Gecko) Chrome/137.0.0.0 Mobile Safari/537.36",2c678c62-3d01-47d1-bc1e-6edd794b1d61,717,391,eng,12.0,2025-06-09 19:08:24 (Central Daylight Time),107187,2,21.0,12,1.0,False,506.0,299.0,55,0.3999999761581421,invalid,2025-06-10,test,14,,-999,1.5,1,0
projectseed-bds-production,BackwardsDigitSpan-v2.0,012,1,2025-06-09 19:06:37 (Central Daylight Time),"Mozilla/5.0 (Linux; Android 6.0; Nexus 5 Build/MRA58N) AppleWebKit/537.36 (KHTML, like Gecko) Chrome/137.0.0.0 Mobile Safari/537.36",2c678c62-3d01-47d1-bc1e-6edd794b1d61,717,391,eng,13.0,2025-06-09 19:08:27 (Central Daylight Time),110706,2,12.0,21,1.0,False,514.0,293.0,55,0.30000007152557373,invalid,2025-06-10,test,14,,-999,1.5,1,0
projectseed-bds-production,BackwardsDigitSpan-v2.0,012,1,2025-06-09 19:06:37 (Central Daylight Time),"Mozilla/5.0 (Linux; Android 6.0; Nexus 5 Build/MRA58N) AppleWebKit/537.36 (KHTML, like Gecko) Chrome/137.0.0.0 Mobile Safari/537.36",2c678c62-3d01-47d1-bc1e-6edd794b1d61,717,391,eng,14.0,2025-06-09 19:08:31 (Central Daylight Time),114195,2,59.0,95,1.0,False,483.0,300.0,55,0.30000007152557373,invalid,2025-06-10,test,14,,-999,1.5,1,0
projectseed-bds-production,BackwardsDigitSpan-v2.0,013,1,2025-06-10 00:05:05 (Central Daylight Time),"Mozilla/5.0 (Linux; Android 6.0; Nexus 5 Build/MRA58N) AppleWebKit/537.36 (KHTML, like Gecko) Chrome/137.0.0.0 Mobile Safari/537.36",4b486b81-cc40-41e0-8905-a68ee84a6964,838,526,eng,-999.0,2025-06-10 00:05:15 (Central Daylight Time),10016,2,51.0,15,0.0,False,1773.0,420.0,11,2.0,invalid,2025-06-10,training,8,,-999,-999.0,-999,-999
projectseed-bds-production,BackwardsDigitSpan-v2.0,013,1,2025-06-10 00:05:23 (Central Daylight Time),"Mozilla/5.0 (Linux; Android 6.0; Nexus 5 Build/MRA58N) AppleWebKit/537.36 (KHTML, like Gecko) Chrome/137.0.0.0 Mobile Safari/537.36",eb8b3def-1224-4103-affb-7089491f64d7,838,526,eng,-999.0,2025-06-10 00:05:32 (Central Daylight Time),8897,2,51.0,15,0.0,True,1776.0,883.0,15,1.0999999046325684,invalid,2025-06-10,training,8,,-999,1.5,1,0
projectseed-bds-production,BackwardsDigitSpan-v2.0,013,1,2025-06-10 00:05:23 (Central Daylight Time),"Mozilla/5.0 (Linux; Android 6.0; Nexus 5 Build/MRA58N) AppleWebKit/537.36 (KHTML, like Gecko) Chrome/137.0.0.0 Mobile Safari/537.36",eb8b3def-1224-4103-affb-7089491f64d7,838,526,eng,-999.0,2025-06-10 00:05:39 (Central Daylight Time),15614,2,35.0,53,0.0,True,3061.0,1246.0,53,2.0999999046325684,invalid,2025-06-10,training,8,,-999,1.5,1,0
projectseed-bds-production,BackwardsDigitSpan-v2.0,013,1,2025-06-10 00:05:23 (Central Daylight Time),"Mozilla/5.0 (Linux; Android 6.0; Nexus 5 Build/MRA58N) AppleWebKit/537.36 (KHTML, like Gecko) Chrome/137.0.0.0 Mobile Safari/537.36",eb8b3def-1224-4103-affb-7089491f64d7,838,526,eng,-999.0,2025-06-10 00:05:45 (Central Daylight Time),22215,3,123.0,321,0.0,True,1894.0,1082.0,321,0.9999998807907104,invalid,2025-06-10,training,8,,-999,1.5,1,0
projectseed-bds-production,BackwardsDigitSpan-v2.0,013,1,2025-06-10 00:05:23 (Central Daylight Time),"Mozilla/5.0 (Linux; Android 6.0; Nexus 5 Build/MRA58N) AppleWebKit/537.36 (KHTML, like Gecko) Chrome/137.0.0.0 Mobile Safari/537.36",eb8b3def-1224-4103-affb-7089491f64d7,838,526,eng,1.0,2025-06-10 00:05:51 (Central Daylight Time),27912,2,71.0,17,1.0,False,2009.0,323.0,22,0.30000007152557373,invalid,2025-06-10,test,8,,-999,1.5,1,0
projectseed-bds-production,BackwardsDigitSpan-v2.0,013,1,2025-06-10 00:05:23 (Central Daylight Time),"Mozilla/5.0 (Linux; Android 6.0; Nexus 5 Build/MRA58N) AppleWebKit/537.36 (KHTML, like Gecko) Chrome/137.0.0.0 Mobile Safari/537.36",eb8b3def-1224-4103-affb-7089491f64d7,838,526,eng,2.0,2025-06-10 00:05:55 (Central Daylight Time),31421,2,82.0,28,1.0,False,505.0,323.0,22,0.10000002384185791,invalid,2025-06-10,test,8,,-999,1.5,1,0
projectseed-bds-production,BackwardsDigitSpan-v2.0,013,1,2025-06-10 00:05:23 (Central Daylight Time),"Mozilla/5.0 (Linux; Android 6.0; Nexus 5 Build/MRA58N) AppleWebKit/537.36 (KHTML, like Gecko) Chrome/137.0.0.0 Mobile Safari/537.36",eb8b3def-1224-4103-affb-7089491f64d7,838,526,eng,3.0,2025-06-10 00:05:58 (Central Daylight Time),34899,2,26.0,62,1.0,False,473.0,314.0,22,0.10000002384185791,invalid,2025-06-10,test,8,,-999,1.5,1,0
projectseed-bds-production,BackwardsDigitSpan-v2.0,013,1,2025-06-10 00:05:23 (Central Daylight Time),"Mozilla/5.0 (Linux; Android 6.0; Nexus 5 Build/MRA58N) AppleWebKit/537.36 (KHTML, like Gecko) Chrome/137.0.0.0 Mobile Safari/537.36",eb8b3def-1224-4103-affb-7089491f64d7,838,526,eng,4.0,2025-06-10 00:06:02 (Central Daylight Time),38275,2,15.0,51,1.0,False,371.0,317.0,22,0.20000004768371582,invalid,2025-06-10,test,8,,-999,1.5,1,0
projectseed-bds-production,BackwardsDigitSpan-v2.0,013,1,2025-06-10 00:05:23 (Central Daylight Time),"Mozilla/5.0 (Linux; Android 6.0; Nexus 5 Build/MRA58N) AppleWebKit/537.36 (KHTML, like Gecko) Chrome/137.0.0.0 Mobile Safari/537.36",eb8b3def-1224-4103-affb-7089491f64d7,838,526,eng,5.0,2025-06-10 00:06:05 (Central Daylight Time),41687,2,64.0,46,1.0,False,406.0,318.0,22,0.10000002384185791,invalid,2025-06-10,test,8,,-999,1.5,1,0
projectseed-bds-production,BackwardsDigitSpan-v2.0,013,1,2025-06-10 00:05:23 (Central Daylight Time),"Mozilla/5.0 (Linux; Android 6.0; Nexus 5 Build/MRA58N) AppleWebKit/537.36 (KHTML, like Gecko) Chrome/137.0.0.0 Mobile Safari/537.36",eb8b3def-1224-4103-affb-7089491f64d7,838,526,eng,6.0,2025-06-10 00:06:09 (Central Daylight Time),45386,2,61.0,16,1.0,False,693.0,611.0,22,0.2999999523162842,invalid,2025-06-10,test,8,,-999,1.5,1,0
projectseed-bds-production,BackwardsDigitSpan-v2.0,013,1,2025-06-10 00:05:23 (Central Daylight Time),"Mozilla/5.0 (Linux; Android 6.0; Nexus 5 Build/MRA58N) AppleWebKit/537.36 (KHTML, like Gecko) Chrome/137.0.0.0 Mobile Safari/537.36",eb8b3def-1224-4103-affb-7089491f64d7,838,526,eng,7.0,2025-06-10 00:06:12 (Central Daylight Time),48736,2,85.0,58,1.0,False,346.0,317.0,22,0.2999999523162842,invalid,2025-06-10,test,8,,-999,1.5,1,0
projectseed-bds-production,BackwardsDigitSpan-v2.0,013,1,2025-06-10 00:05:23 (Central Daylight Time),"Mozilla/5.0 (Linux; Android 6.0; Nexus 5 Build/MRA58N) AppleWebKit/537.36 (KHTML, like Gecko) Chrome/137.0.0.0 Mobile Safari/537.36",eb8b3def-1224-4103-affb-7089491f64d7,838,526,eng,8.0,2025-06-10 00:06:15 (Central Daylight Time),52209,2,84.0,48,1.0,False,468.0,333.0,22,0.3999999761581421,invalid,2025-06-10,test,8,,-999,1.5,1,0
projectseed-bds-production,BackwardsDigitSpan-v2.0,013,1,2025-06-10 00:05:23 (Central Daylight Time),"Mozilla/5.0 (Linux; Android 6.0; Nexus 5 Build/MRA58N) AppleWebKit/537.36 (KHTML, like Gecko) Chrome/137.0.0.0 Mobile Safari/537.36",eb8b3def-1224-4103-affb-7089491f64d7,838,526,eng,9.0,2025-06-10 00:06:19 (Central Daylight Time),55636,2,16.0,61,1.0,False,421.0,317.0,22,0.20000004768371582,invalid,2025-06-10,test,8,,-999,1.5,1,0
projectseed-bds-production,BackwardsDigitSpan-v2.0,013,1,2025-06-10 00:05:23 (Central Daylight Time),"Mozilla/5.0 (Linux; Android 6.0; Nexus 5 Build/MRA58N) AppleWebKit/537.36 (KHTML, like Gecko) Chrome/137.0.0.0 Mobile Safari/537.36",eb8b3def-1224-4103-affb-7089491f64d7,838,526,eng,10.0,2025-06-10 00:06:22 (Central Daylight Time),59065,2,49.0,94,1.0,False,424.0,315.0,22,0.30000007152557373,invalid,2025-06-10,test,8,,-999,1.5,1,0
projectseed-bds-production,BackwardsDigitSpan-v2.0,013,1,2025-06-10 00:05:23 (Central Daylight Time),"Mozilla/5.0 (Linux; Android 6.0; Nexus 5 Build/MRA58N) AppleWebKit/537.36 (KHTML, like Gecko) Chrome/137.0.0.0 Mobile Safari/537.36",eb8b3def-1224-4103-affb-7089491f64d7,838,526,eng,11.0,2025-06-10 00:06:26 (Central Daylight Time),62830,2,25.0,52,1.0,False,760.0,629.0,22,0.2999999523162842,invalid,2025-06-10,test,8,,-999,1.5,1,0
projectseed-bds-production,BackwardsDigitSpan-v2.0,013,1,2025-06-10 00:05:23 (Central Daylight Time),"Mozilla/5.0 (Linux; Android 6.0; Nexus 5 Build/MRA58N) AppleWebKit/537.36 (KHTML, like Gecko) Chrome/137.0.0.0 Mobile Safari/537.36",eb8b3def-1224-4103-affb-7089491f64d7,838,526,eng,12.0,2025-06-10 00:06:30 (Central Daylight Time),66280,2,65.0,56,1.0,False,446.0,327.0,22,0.3999999761581421,invalid,2025-06-10,test,8,,-999,1.5,1,0
projectseed-bds-production,BackwardsDigitSpan-v2.0,013,1,2025-06-10 00:05:23 (Central Daylight Time),"Mozilla/5.0 (Linux; Android 6.0; Nexus 5 Build/MRA58N) AppleWebKit/537.36 (KHTML, like Gecko) Chrome/137.0.0.0 Mobile Safari/537.36",eb8b3def-1224-4103-affb-7089491f64d7,838,526,eng,13.0,2025-06-10 00:06:33 (Central Daylight Time),69732,2,42.0,24,1.0,False,446.0,327.0,22,0.20000004768371582,invalid,2025-06-10,test,8,,-999,1.5,1,0
projectseed-bds-production,BackwardsDigitSpan-v2.0,013,1,2025-06-10 00:05:23 (Central Daylight Time),"Mozilla/5.0 (Linux; Android 6.0; Nexus 5 Build/MRA58N) AppleWebKit/537.36 (KHTML, like Gecko) Chrome/137.0.0.0 Mobile Safari/537.36",eb8b3def-1224-4103-affb-7089491f64d7,838,526,eng,14.0,2025-06-10 00:06:37 (Central Daylight Time),73417,2,78.0,87,1.0,False,681.0,326.0,22,0.30000007152557373,invalid,2025-06-10,test,8,,-999,1.5,1,0
projectseed-bds-production,BackwardsDigitSpan-v2.0,013,1,2025-06-10 00:18:54 (Central Daylight Time),"Mozilla/5.0 (Linux; Android 6.0; Nexus 5 Build/MRA58N) AppleWebKit/537.36 (KHTML, like Gecko) Chrome/137.0.0.0 Mobile Safari/537.36",76c2a80c-b08a-45ce-886c-b00a544a32a8,838,526,eng,-999.0,2025-06-10 00:30:38 (Central Daylight Time),704058,2,32.0,23,0.0,True,1345.0,519.0,23,0.6000000238418579,invalid,2025-06-10,training,9L,,-999,1.5,1,0
projectseed-bds-production,BackwardsDigitSpan-v2.0,013,1,2025-06-10 00:18:54 (Central Daylight Time),"Mozilla/5.0 (Linux; Android 6.0; Nexus 5 Build/MRA58N) AppleWebKit/537.36 (KHTML, like Gecko) Chrome/137.0.0.0 Mobile Safari/537.36",76c2a80c-b08a-45ce-886c-b00a544a32a8,838,526,eng,-999.0,2025-06-10 00:30:45 (Central Daylight Time),710574,2,91.0,19,0.0,True,1681.0,982.0,19,0.7000000476837158,invalid,2025-06-10,training,9L,,-999,1.5,1,0
projectseed-bds-production,BackwardsDigitSpan-v2.0,013,1,2025-06-10 00:18:54 (Central Daylight Time),"Mozilla/5.0 (Linux; Android 6.0; Nexus 5 Build/MRA58N) AppleWebKit/537.36 (KHTML, like Gecko) Chrome/137.0.0.0 Mobile Safari/537.36",76c2a80c-b08a-45ce-886c-b00a544a32a8,838,526,eng,-999.0,2025-06-10 00:30:55 (Central Daylight Time),720442,3,824.0,428,0.0,True,2510.0,1451.0,428,1.3000001907348633,invalid,2025-06-10,training,9L,,-999,1.5,1,0
projectseed-bds-production,BackwardsDigitSpan-v2.0,013,1,2025-06-10 00:18:54 (Central Daylight Time),"Mozilla/5.0 (Linux; Android 6.0; Nexus 5 Build/MRA58N) AppleWebKit/537.36 (KHTML, like Gecko) Chrome/137.0.0.0 Mobile Safari/537.36",76c2a80c-b08a-45ce-886c-b00a544a32a8,838,526,eng,1.0,2025-06-10 00:30:59 (Central Daylight Time),724919,2,51.0,15,1.0,False,332.0,322.0,66,0.3999999761581421,invalid,2025-06-10,test,9L,,-999,1.5,1,0
projectseed-bds-production,BackwardsDigitSpan-v2.0,013,1,2025-06-10 00:18:54 (Central Daylight Time),"Mozilla/5.0 (Linux; Android 6.0; Nexus 5 Build/MRA58N) AppleWebKit/537.36 (KHTML, like Gecko) Chrome/137.0.0.0 Mobile Safari/537.36",76c2a80c-b08a-45ce-886c-b00a544a32a8,838,526,eng,2.0,2025-06-10 00:31:03 (Central Daylight Time),728376,2,54.0,45,1.0,False,453.0,319.0,66,0.10000002384185791,invalid,2025-06-10,test,9L,,-999,1.5,1,0
projectseed-bds-production,BackwardsDigitSpan-v2.0,013,1,2025-06-10 00:18:54 (Central Daylight Time),"Mozilla/5.0 (Linux; Android 6.0; Nexus 5 Build/MRA58N) AppleWebKit/537.36 (KHTML, like Gecko) Chrome/137.0.0.0 Mobile Safari/537.36",76c2a80c-b08a-45ce-886c-b00a544a32a8,838,526,eng,3.0,2025-06-10 00:31:06 (Central Daylight Time),731825,2,13.0,31,1.0,False,444.0,320.0,66,0.20000004768371582,invalid,2025-06-10,test,9L,,-999,1.5,1,0
projectseed-bds-production,BackwardsDigitSpan-v2.0,013,1,2025-06-10 00:18:54 (Central Daylight Time),"Mozilla/5.0 (Linux; Android 6.0; Nexus 5 Build/MRA58N) AppleWebKit/537.36 (KHTML, like Gecko) Chrome/137.0.0.0 Mobile Safari/537.36",76c2a80c-b08a-45ce-886c-b00a544a32a8,838,526,eng,4.0,2025-06-10 00:31:09 (Central Daylight Time),735228,2,37.0,73,1.0,False,399.0,308.0,66,0.19999992847442627,invalid,2025-06-10,test,9L,,-999,1.5,1,0
projectseed-bds-production,BackwardsDigitSpan-v2.0,013,1,2025-06-10 00:18:54 (Central Daylight Time),"Mozilla/5.0 (Linux; Android 6.0; Nexus 5 Build/MRA58N) AppleWebKit/537.36 (KHTML, like Gecko) Chrome/137.0.0.0 Mobile Safari/537.36",76c2a80c-b08a-45ce-886c-b00a544a32a8,838,526,eng,5.0,2025-06-10 00:31:13 (Central Daylight Time),738679,2,84.0,48,1.0,False,447.0,319.0,66,0.20000004768371582,invalid,2025-06-10,test,9L,,-999,1.5,1,0
projectseed-bds-production,BackwardsDigitSpan-v2.0,013,1,2025-06-10 00:18:54 (Central Daylight Time),"Mozilla/5.0 (Linux; Android 6.0; Nexus 5 Build/MRA58N) AppleWebKit/537.36 (KHTML, like Gecko) Chrome/137.0.0.0 Mobile Safari/537.36",76c2a80c-b08a-45ce-886c-b00a544a32a8,838,526,eng,6.0,2025-06-10 00:31:17 (Central Daylight Time),742378,2,32.0,23,1.0,False,694.0,634.0,66,0.20000004768371582,invalid,2025-06-10,test,9L,,-999,1.5,1,0
projectseed-bds-production,BackwardsDigitSpan-v2.0,013,1,2025-06-10 00:18:54 (Central Daylight Time),"Mozilla/5.0 (Linux; Android 6.0; Nexus 5 Build/MRA58N) AppleWebKit/537.36 (KHTML, like Gecko) Chrome/137.0.0.0 Mobile Safari/537.36",76c2a80c-b08a-45ce-886c-b00a544a32a8,838,526,eng,7.0,2025-06-10 00:31:20 (Central Daylight Time),746158,2,48.0,84,1.0,False,776.0,623.0,66,0.10000002384185791,invalid,2025-06-10,test,9L,,-999,1.5,1,0
projectseed-bds-production,BackwardsDigitSpan-v2.0,013,1,2025-06-10 00:18:54 (Central Daylight Time),"Mozilla/5.0 (Linux; Android 6.0; Nexus 5 Build/MRA58N) AppleWebKit/537.36 (KHTML, like Gecko) Chrome/137.0.0.0 Mobile Safari/537.36",76c2a80c-b08a-45ce-886c-b00a544a32a8,838,526,eng,8.0,2025-06-10 00:31:40 (Central Daylight Time),765646,2,81.0,18,1.0,False,16483.0,356.0,16,0.20000004768371582,invalid,2025-06-10,test,9L,,-999,1.5,1,0
projectseed-bds-production,BackwardsDigitSpan-v2.0,013,1,2025-06-10 00:18:54 (Central Daylight Time),"Mozilla/5.0 (Linux; Android 6.0; Nexus 5 Build/MRA58N) AppleWebKit/537.36 (KHTML, like Gecko) Chrome/137.0.0.0 Mobile Safari/537.36",76c2a80c-b08a-45ce-886c-b00a544a32a8,838,526,eng,9.0,2025-06-10 00:31:43 (Central Daylight Time),769054,2,82.0,28,1.0,False,403.0,311.0,66,0.19999992847442627,invalid,2025-06-10,test,9L,,-999,1.5,1,0
projectseed-bds-production,BackwardsDigitSpan-v2.0,013,1,2025-06-10 00:18:54 (Central Daylight Time),"Mozilla/5.0 (Linux; Android 6.0; Nexus 5 Build/MRA58N) AppleWebKit/537.36 (KHTML, like Gecko) Chrome/137.0.0.0 Mobile Safari/537.36",76c2a80c-b08a-45ce-886c-b00a544a32a8,838,526,eng,10.0,2025-06-10 00:31:47 (Central Daylight Time),772465,2,86.0,68,1.0,False,405.0,316.0,66,0.19999992847442627,invalid,2025-06-10,test,9L,,-999,1.5,1,0
projectseed-bds-production,BackwardsDigitSpan-v2.0,013,1,2025-06-10 00:18:54 (Central Daylight Time),"Mozilla/5.0 (Linux; Android 6.0; Nexus 5 Build/MRA58N) AppleWebKit/537.36 (KHTML, like Gecko) Chrome/137.0.0.0 Mobile Safari/537.36",76c2a80c-b08a-45ce-886c-b00a544a32a8,838,526,eng,11.0,2025-06-10 00:31:50 (Central Daylight Time),775877,2,73.0,37,1.0,False,407.0,311.0,66,0.10000002384185791,invalid,2025-06-10,test,9L,,-999,1.5,1,0
projectseed-bds-production,BackwardsDigitSpan-v2.0,013,1,2025-06-10 00:18:54 (Central Daylight Time),"Mozilla/5.0 (Linux; Android 6.0; Nexus 5 Build/MRA58N) AppleWebKit/537.36 (KHTML, like Gecko) Chrome/137.0.0.0 Mobile Safari/537.36",76c2a80c-b08a-45ce-886c-b00a544a32a8,838,526,eng,12.0,2025-06-10 00:31:54 (Central Daylight Time),779608,2,25.0,52,1.0,False,727.0,627.0,66,0.40000009536743164,invalid,2025-06-10,test,9L,,-999,1.5,1,0
projectseed-bds-production,BackwardsDigitSpan-v2.0,013,1,2025-06-10 00:18:54 (Central Daylight Time),"Mozilla/5.0 (Linux; Android 6.0; Nexus 5 Build/MRA58N) AppleWebKit/537.36 (KHTML, like Gecko) Chrome/137.0.0.0 Mobile Safari/537.36",76c2a80c-b08a-45ce-886c-b00a544a32a8,838,526,eng,13.0,2025-06-10 00:31:57 (Central Daylight Time),783065,2,67.0,76,1.0,False,452.0,308.0,66,0.30000007152557373,invalid,2025-06-10,test,9L,,-999,1.5,1,0
projectseed-bds-production,BackwardsDigitSpan-v2.0,013,1,2025-06-10 00:18:54 (Central Daylight Time),"Mozilla/5.0 (Linux; Android 6.0; Nexus 5 Build/MRA58N) AppleWebKit/537.36 (KHTML, like Gecko) Chrome/137.0.0.0 Mobile Safari/537.36",76c2a80c-b08a-45ce-886c-b00a544a32a8,838,526,eng,14.0,2025-06-10 00:32:01 (Central Daylight Time),786523,2,41.0,14,1.0,False,454.0,329.0,66,0.20000004768371582,invalid,2025-06-10,test,9L,,-999,1.5,1,0
projectseed-bds-production,BackwardsDigitSpan-v2.0,0123456,1,2025-05-19 16:10:19 (Central Daylight Time),"Mozilla/5.0 (iPhone; CPU iPhone OS 16_6 like Mac OS X) AppleWebKit/605.1.15 (KHTML, like Gecko) Version/16.6 Mobile/15E148 Safari/604.1",3c1c3146-e5bc-4bff-bed1-6c007d23168e,932,430,eng,-999.0,2025-05-19 16:10:29 (Central Daylight Time),10238,2,32.0,23,0.0,True,1001.0,394.0,23,1.5,invalid,2025-05-19,training,0,,-999,-999.0,-999,-999
projectseed-bds-production,BackwardsDigitSpan-v2.0,0123456,1,2025-05-19 16:10:19 (Central Daylight Time),"Mozilla/5.0 (iPhone; CPU iPhone OS 16_6 like Mac OS X) AppleWebKit/605.1.15 (KHTML, like Gecko) Version/16.6 Mobile/15E148 Safari/604.1",3c1c3146-e5bc-4bff-bed1-6c007d23168e,932,430,eng,-999.0,2025-05-19 16:10:35 (Central Daylight Time),15457,2,91.0,19,0.0,True,1349.0,760.0,19,0.6000000238418579,invalid,2025-05-19,training,0,,-999,-999.0,-999,-999
projectseed-bds-production,BackwardsDigitSpan-v2.0,0123456,1,2025-05-19 16:10:19 (Central Daylight Time),"Mozilla/5.0 (iPhone; CPU iPhone OS 16_6 like Mac OS X) AppleWebKit/605.1.15 (KHTML, like Gecko) Version/16.6 Mobile/15E148 Safari/604.1",3c1c3146-e5bc-4bff-bed1-6c007d23168e,932,430,eng,-999.0,2025-05-19 16:10:42 (Central Daylight Time),23365,3,824.0,428,0.0,True,2522.0,1423.0,428,0.7999999523162842,invalid,2025-05-19,training,0,,-999,-999.0,-999,-999
projectseed-bds-production,BackwardsDigitSpan-v2.0,0123456,1,2025-05-19 16:17:21 (Central Daylight Time),"Mozilla/5.0 (iPhone; CPU iPhone OS 18_5 like Mac OS X) AppleWebKit/605.1.15 (KHTML, like Gecko) Version/18.5 Mobile/15E148 Safari/604.1",edc1b14d-92b8-47ae-99bd-4c171dd6cc0f,852,393,eng,-999.0,2025-05-19 16:18:49 (Central Daylight Time),87630,2,32.0,23,0.0,True,785.0,149.0,23,0.9999999999854481,invalid,2025-05-19,training,1,,-999,1.5,1,0
projectseed-bds-production,BackwardsDigitSpan-v2.0,0123456,1,2025-05-19 16:17:21 (Central Daylight Time),"Mozilla/5.0 (iPhone; CPU iPhone OS 18_5 like Mac OS X) AppleWebKit/605.1.15 (KHTML, like Gecko) Version/18.5 Mobile/15E148 Safari/604.1",edc1b14d-92b8-47ae-99bd-4c171dd6cc0f,852,393,eng,-999.0,2025-05-19 16:18:53 (Central Daylight Time),91882,2,91.0,19,0.0,True,778.0,116.0,19,1.0,invalid,2025-05-19,training,1,,-999,1.5,1,0
projectseed-bds-production,BackwardsDigitSpan-v2.0,0123456,1,2025-05-19 16:17:21 (Central Daylight Time),"Mozilla/5.0 (iPhone; CPU iPhone OS 18_5 like Mac OS X) AppleWebKit/605.1.15 (KHTML, like Gecko) Version/18.5 Mobile/15E148 Safari/604.1",edc1b14d-92b8-47ae-99bd-4c171dd6cc0f,852,393,eng,-999.0,2025-05-19 16:18:58 (Central Daylight Time),97333,3,824.0,428,0.0,True,961.0,232.0,428,2.0,invalid,2025-05-19,training,1,,-999,1.5,1,0
projectseed-bds-production,BackwardsDigitSpan-v2.0,0123456,1,2025-05-19 16:17:21 (Central Daylight Time),"Mozilla/5.0 (iPhone; CPU iPhone OS 18_5 like Mac OS X) AppleWebKit/605.1.15 (KHTML, like Gecko) Version/18.5 Mobile/15E148 Safari/604.1",edc1b14d-92b8-47ae-99bd-4c171dd6cc0f,852,393,eng,1.0,2025-05-19 16:19:02 (Central Daylight Time),101500,2,51.0,15,1.0,False,560.0,149.0,11,1.000000000014552,invalid,2025-05-19,test,1,,-999,1.5,1,0
projectseed-bds-production,BackwardsDigitSpan-v2.0,0123456,1,2025-05-19 16:17:21 (Central Daylight Time),"Mozilla/5.0 (iPhone; CPU iPhone OS 18_5 like Mac OS X) AppleWebKit/605.1.15 (KHTML, like Gecko) Version/18.5 Mobile/15E148 Safari/604.1",edc1b14d-92b8-47ae-99bd-4c171dd6cc0f,852,393,eng,2.0,2025-05-19 16:19:06 (Central Daylight Time),104868,2,54.0,45,1.0,False,362.0,201.0,11,0.0,invalid,2025-05-19,test,1,,-999,1.5,1,0
projectseed-bds-production,BackwardsDigitSpan-v2.0,0123456,1,2025-05-19 16:17:21 (Central Daylight Time),"Mozilla/5.0 (iPhone; CPU iPhone OS 18_5 like Mac OS X) AppleWebKit/605.1.15 (KHTML, like Gecko) Version/18.5 Mobile/15E148 Safari/604.1",edc1b14d-92b8-47ae-99bd-4c171dd6cc0f,852,393,eng,3.0,2025-05-19 16:19:09 (Central Daylight Time),108336,2,13.0,31,1.0,False,463.0,201.0,11,0.0,invalid,2025-05-19,test,1,,-999,1.5,1,0
projectseed-bds-production,BackwardsDigitSpan-v2.0,0123456,1,2025-05-19 16:17:21 (Central Daylight Time),"Mozilla/5.0 (iPhone; CPU iPhone OS 18_5 like Mac OS X) AppleWebKit/605.1.15 (KHTML, like Gecko) Version/18.5 Mobile/15E148 Safari/604.1",edc1b14d-92b8-47ae-99bd-4c171dd6cc0f,852,393,eng,4.0,2025-05-19 16:19:13 (Central Daylight Time),111670,2,37.0,73,1.0,False,329.0,168.0,11,1.0,invalid,2025-05-19,test,1,,-999,1.5,1,0
projectseed-bds-production,BackwardsDigitSpan-v2.0,0123456,1,2025-05-19 16:17:21 (Central Daylight Time),"Mozilla/5.0 (iPhone; CPU iPhone OS 18_5 like Mac OS X) AppleWebKit/605.1.15 (KHTML, like Gecko) Version/18.5 Mobile/15E148 Safari/604.1",edc1b14d-92b8-47ae-99bd-4c171dd6cc0f,852,393,eng,5.0,2025-05-19 16:19:16 (Central Daylight Time),115271,2,84.0,48,1.0,False,595.0,350.0,11,1.0,invalid,2025-05-19,test,1,,-999,1.5,1,0
projectseed-bds-production,BackwardsDigitSpan-v2.0,0123456,1,2025-05-19 16:17:21 (Central Daylight Time),"Mozilla/5.0 (iPhone; CPU iPhone OS 18_5 like Mac OS X) AppleWebKit/605.1.15 (KHTML, like Gecko) Version/18.5 Mobile/15E148 Safari/604.1",edc1b14d-92b8-47ae-99bd-4c171dd6cc0f,852,393,eng,6.0,2025-05-19 16:19:20 (Central Daylight Time),119321,2,32.0,23,1.0,False,1045.0,201.0,11,0.0,invalid,2025-05-19,test,1,,-999,1.5,1,0
projectseed-bds-production,BackwardsDigitSpan-v2.0,0123456,1,2025-05-19 16:17:21 (Central Daylight Time),"Mozilla/5.0 (iPhone; CPU iPhone OS 18_5 like Mac OS X) AppleWebKit/605.1.15 (KHTML, like Gecko) Version/18.5 Mobile/15E148 Safari/604.1",edc1b14d-92b8-47ae-99bd-4c171dd6cc0f,852,393,eng,7.0,2025-05-19 16:19:24 (Central Daylight Time),123172,2,48.0,84,1.0,False,844.0,567.0,11,1.000000000014552,invalid,2025-05-19,test,1,,-999,1.5,1,0
projectseed-bds-production,BackwardsDigitSpan-v2.0,0123456,1,2025-05-19 16:17:21 (Central Daylight Time),"Mozilla/5.0 (iPhone; CPU iPhone OS 18_5 like Mac OS X) AppleWebKit/605.1.15 (KHTML, like Gecko) Version/18.5 Mobile/15E148 Safari/604.1",edc1b14d-92b8-47ae-99bd-4c171dd6cc0f,852,393,eng,8.0,2025-05-19 16:19:28 (Central Daylight Time),127039,2,81.0,18,1.0,False,862.0,217.0,11,0.9999999999854481,invalid,2025-05-19,test,1,,-999,1.5,1,0
projectseed-bds-production,BackwardsDigitSpan-v2.0,0123456,1,2025-05-19 16:17:21 (Central Daylight Time),"Mozilla/5.0 (iPhone; CPU iPhone OS 18_5 like Mac OS X) AppleWebKit/605.1.15 (KHTML, like Gecko) Version/18.5 Mobile/15E148 Safari/604.1",edc1b14d-92b8-47ae-99bd-4c171dd6cc0f,852,393,eng,9.0,2025-05-19 16:19:31 (Central Daylight Time),130494,2,82.0,28,1.0,False,451.0,200.0,11,0.0,invalid,2025-05-19,test,1,,-999,1.5,1,0
projectseed-bds-production,BackwardsDigitSpan-v2.0,0123456,1,2025-05-19 16:17:21 (Central Daylight Time),"Mozilla/5.0 (iPhone; CPU iPhone OS 18_5 like Mac OS X) AppleWebKit/605.1.15 (KHTML, like Gecko) Version/18.5 Mobile/15E148 Safari/604.1",edc1b14d-92b8-47ae-99bd-4c171dd6cc0f,852,393,eng,10.0,2025-05-19 16:19:35 (Central Daylight Time),134128,2,86.0,68,1.0,False,629.0,201.0,11,0.0,invalid,2025-05-19,test,1,,-999,1.5,1,0
projectseed-bds-production,BackwardsDigitSpan-v2.0,0123456,1,2025-05-19 16:17:21 (Central Daylight Time),"Mozilla/5.0 (iPhone; CPU iPhone OS 18_5 like Mac OS X) AppleWebKit/605.1.15 (KHTML, like Gecko) Version/18.5 Mobile/15E148 Safari/604.1",edc1b14d-92b8-47ae-99bd-4c171dd6cc0f,852,393,eng,11.0,2025-05-19 16:19:38 (Central Daylight Time),137608,2,73.0,37,1.0,False,475.0,201.0,11,1.0,invalid,2025-05-19,test,1,,-999,1.5,1,0
projectseed-bds-production,BackwardsDigitSpan-v2.0,0123456,1,2025-05-19 16:17:21 (Central Daylight Time),"Mozilla/5.0 (iPhone; CPU iPhone OS 18_5 like Mac OS X) AppleWebKit/605.1.15 (KHTML, like Gecko) Version/18.5 Mobile/15E148 Safari/604.1",edc1b14d-92b8-47ae-99bd-4c171dd6cc0f,852,393,eng,12.0,2025-05-19 16:19:42 (Central Daylight Time),141092,2,25.0,52,1.0,False,479.0,184.0,11,0.0,invalid,2025-05-19,test,1,,-999,1.5,1,0
projectseed-bds-production,BackwardsDigitSpan-v2.0,0123456,1,2025-05-19 16:17:21 (Central Daylight Time),"Mozilla/5.0 (iPhone; CPU iPhone OS 18_5 like Mac OS X) AppleWebKit/605.1.15 (KHTML, like Gecko) Version/18.5 Mobile/15E148 Safari/604.1",edc1b14d-92b8-47ae-99bd-4c171dd6cc0f,852,393,eng,13.0,2025-05-19 16:19:46 (Central Daylight Time),144676,2,67.0,76,1.0,False,579.0,284.0,11,0.0,invalid,2025-05-19,test,1,,-999,1.5,1,0
projectseed-bds-production,BackwardsDigitSpan-v2.0,0123456,1,2025-05-19 16:17:21 (Central Daylight Time),"Mozilla/5.0 (iPhone; CPU iPhone OS 18_5 like Mac OS X) AppleWebKit/605.1.15 (KHTML, like Gecko) Version/18.5 Mobile/15E148 Safari/604.1",edc1b14d-92b8-47ae-99bd-4c171dd6cc0f,852,393,eng,14.0,2025-05-19 16:19:49 (Central Daylight Time),148509,2,41.0,14,1.0,False,828.0,199.0,11,0.0,invalid,2025-05-19,test,1,,-999,1.5,1,0
