experiment_name,ExperimentName,Subject,CurrentDate,useragent,session_uuid,day,screen_availHeight,screen_availWidth,lang,Trial,TrialEPrime,trial_timestamp,Slide1.RTTime,Compatibility,CorrectResponse,ProcedureTrial,Slide1.ACC,Slide1.CRESP,Slide1.RESP,Slide1.RT,StimulusLocation,StimulusColor,stimulus_load_time,role,cycle_start_date,task_section,connectivity
projectseed-simon-production,SimonTask-v2.0,9,2025-06-15 15:19:17 (Pacific Daylight Time),"Mozilla/5.0 (iPhone; CPU iPhone OS 18_3_2 like Mac OS X) AppleWebKit/605.1.15 (KHTML, like Gecko) Version/18.3.1 Mobile/15E148 Safari/604.1",4f40d89a-dae6-4f76-9ae1-ac6f2f8b8cdc,0,896,414,eng,-999.0,1.0,2025-06-15 15:19:38 (Pacific Daylight Time),21444,incompatible,left,TrainingList,False,left,none,-999.0,right,blue,1.0,adolescent,2025-06-16,training,
projectseed-simon-production,SimonTask-v2.0,9,2025-06-15 15:19:17 (Pacific Daylight Time),"Mozilla/5.0 (iPhone; CPU iPhone OS 18_3_2 like Mac OS X) AppleWebKit/605.1.15 (KHTML, like Gecko) Version/18.3.1 Mobile/15E148 Safari/604.1",4f40d89a-dae6-4f76-9ae1-ac6f2f8b8cdc,0,896,414,eng,-999.0,2.0,2025-06-15 15:19:45 (Pacific Daylight Time),27884,incompatible,right,TrainingList,True,right,right,658.0,left,red,1.0,adolescent,2025-06-16,training,
projectseed-simon-production,SimonTask-v2.0,9,2025-06-15 15:19:17 (Pacific Daylight Time),"Mozilla/5.0 (iPhone; CPU iPhone OS 18_3_2 like Mac OS X) AppleWebKit/605.1.15 (KHTML, like Gecko) Version/18.3.1 Mobile/15E148 Safari/604.1",4f40d89a-dae6-4f76-9ae1-ac6f2f8b8cdc,0,896,414,eng,-999.0,3.0,2025-06-15 15:19:48 (Pacific Daylight Time),31134,incompatible,left,TrainingList,True,left,left,626.0,right,blue,1.0,adolescent,2025-06-16,training,
projectseed-simon-production,SimonTask-v2.0,9,2025-06-15 15:19:17 (Pacific Daylight Time),"Mozilla/5.0 (iPhone; CPU iPhone OS 18_3_2 like Mac OS X) AppleWebKit/605.1.15 (KHTML, like Gecko) Version/18.3.1 Mobile/15E148 Safari/604.1",4f40d89a-dae6-4f76-9ae1-ac6f2f8b8cdc,0,896,414,eng,-999.0,4.0,2025-06-15 15:19:53 (Pacific Daylight Time),36534,incompatible,right,TrainingList,True,right,right,593.0,left,red,1.0,adolescent,2025-06-16,training,
projectseed-simon-production,SimonTask-v2.0,9,2025-06-15 15:19:17 (Pacific Daylight Time),"Mozilla/5.0 (iPhone; CPU iPhone OS 18_3_2 like Mac OS X) AppleWebKit/605.1.15 (KHTML, like Gecko) Version/18.3.1 Mobile/15E148 Safari/604.1",4f40d89a-dae6-4f76-9ae1-ac6f2f8b8cdc,0,896,414,eng,-999.0,5.0,2025-06-15 15:19:56 (Pacific Daylight Time),39402,incompatible,right,TrainingList,True,right,right,577.0,left,red,1.0,adolescent,2025-06-16,training,
projectseed-simon-production,SimonTask-v2.0,9,2025-06-24 00:45:23 (Pacific Daylight Time),"Mozilla/5.0 (iPhone; CPU iPhone OS 18_5 like Mac OS X) AppleWebKit/605.1.15 (KHTML, like Gecko) Version/18.5 Mobile/15E148 Safari/604.1",13795575-80f4-45fc-857c-502b5f53fa58,8,896,414,eng,-999.0,1.0,2025-06-24 00:45:31 (Pacific Daylight Time),8250,incompatible,left,TrainingList,False,left,none,-999.0,right,blue,2.0,adolescent,2025-06-16,training,
projectseed-simon-production,SimonTask-v2.0,9,2025-06-24 00:45:23 (Pacific Daylight Time),"Mozilla/5.0 (iPhone; CPU iPhone OS 18_5 like Mac OS X) AppleWebKit/605.1.15 (KHTML, like Gecko) Version/18.5 Mobile/15E148 Safari/604.1",13795575-80f4-45fc-857c-502b5f53fa58,8,896,414,eng,-999.0,2.0,2025-06-24 00:45:34 (Pacific Daylight Time),11518,compatible,right,TrainingList,True,right,right,609.0,right,red,1.0,adolescent,2025-06-16,training,
projectseed-simon-production,SimonTask-v2.0,9,2025-06-24 00:45:23 (Pacific Daylight Time),"Mozilla/5.0 (iPhone; CPU iPhone OS 18_5 like Mac OS X) AppleWebKit/605.1.15 (KHTML, like Gecko) Version/18.5 Mobile/15E148 Safari/604.1",13795575-80f4-45fc-857c-502b5f53fa58,8,896,414,eng,-999.0,3.0,2025-06-24 00:45:37 (Pacific Daylight Time),14536,compatible,right,TrainingList,True,right,right,610.0,right,red,0.999999999998181,adolescent,2025-06-16,training,
projectseed-simon-production,SimonTask-v2.0,9,2025-06-24 00:45:23 (Pacific Daylight Time),"Mozilla/5.0 (iPhone; CPU iPhone OS 18_5 like Mac OS X) AppleWebKit/605.1.15 (KHTML, like Gecko) Version/18.5 Mobile/15E148 Safari/604.1",13795575-80f4-45fc-857c-502b5f53fa58,8,896,414,eng,-999.0,4.0,2025-06-24 00:45:40 (Pacific Daylight Time),17503,compatible,right,TrainingList,True,right,right,527.0,right,red,0.0,adolescent,2025-06-16,training,
projectseed-simon-production,SimonTask-v2.0,9,2025-06-24 00:45:23 (Pacific Daylight Time),"Mozilla/5.0 (iPhone; CPU iPhone OS 18_5 like Mac OS X) AppleWebKit/605.1.15 (KHTML, like Gecko) Version/18.5 Mobile/15E148 Safari/604.1",13795575-80f4-45fc-857c-502b5f53fa58,8,896,414,eng,-999.0,5.0,2025-06-24 00:45:44 (Pacific Daylight Time),20869,incompatible,right,TrainingList,True,right,right,643.0,left,red,1.0,adolescent,2025-06-16,training,
projectseed-simon-production,SimonTask-v2.0,9,2025-06-24 00:45:23 (Pacific Daylight Time),"Mozilla/5.0 (iPhone; CPU iPhone OS 18_5 like Mac OS X) AppleWebKit/605.1.15 (KHTML, like Gecko) Version/18.5 Mobile/15E148 Safari/604.1",13795575-80f4-45fc-857c-502b5f53fa58,8,896,414,eng,1.0,1.0,2025-06-24 00:46:59 (Pacific Daylight Time),96447,incompatible,right,TestingProc,False,right,none,-999.0,left,red,1.0,adolescent,2025-06-16,test,
projectseed-simon-production,SimonTask-v2.0,9,2025-06-24 00:45:23 (Pacific Daylight Time),"Mozilla/5.0 (iPhone; CPU iPhone OS 18_5 like Mac OS X) AppleWebKit/605.1.15 (KHTML, like Gecko) Version/18.5 Mobile/15E148 Safari/604.1",13795575-80f4-45fc-857c-502b5f53fa58,8,896,414,eng,2.0,2.0,2025-06-24 00:47:11 (Pacific Daylight Time),107674,incompatible,left,TestingProc,True,left,left,662.0,right,blue,1.0,adolescent,2025-06-16,test,
projectseed-simon-production,SimonTask-v2.0,9,2025-06-24 00:45:23 (Pacific Daylight Time),"Mozilla/5.0 (iPhone; CPU iPhone OS 18_5 like Mac OS X) AppleWebKit/605.1.15 (KHTML, like Gecko) Version/18.5 Mobile/15E148 Safari/604.1",13795575-80f4-45fc-857c-502b5f53fa58,8,896,414,eng,3.0,3.0,2025-06-24 00:47:12 (Pacific Daylight Time),109542,compatible,left,TestingProc,True,left,left,560.0,left,blue,1.0,adolescent,2025-06-16,test,
projectseed-simon-production,SimonTask-v2.0,9,2025-06-24 00:45:23 (Pacific Daylight Time),"Mozilla/5.0 (iPhone; CPU iPhone OS 18_5 like Mac OS X) AppleWebKit/605.1.15 (KHTML, like Gecko) Version/18.5 Mobile/15E148 Safari/604.1",13795575-80f4-45fc-857c-502b5f53fa58,8,896,414,eng,4.0,4.0,2025-06-24 00:47:14 (Pacific Daylight Time),111406,incompatible,right,TestingProc,True,right,right,558.0,left,red,1.000000000014552,adolescent,2025-06-16,test,
projectseed-simon-production,SimonTask-v2.0,9,2025-06-24 00:45:23 (Pacific Daylight Time),"Mozilla/5.0 (iPhone; CPU iPhone OS 18_5 like Mac OS X) AppleWebKit/605.1.15 (KHTML, like Gecko) Version/18.5 Mobile/15E148 Safari/604.1",13795575-80f4-45fc-857c-502b5f53fa58,8,896,414,eng,5.0,5.0,2025-06-24 00:47:17 (Pacific Daylight Time),113658,incompatible,right,TestingProc,True,right,right,946.0,left,red,0.9999999999854481,adolescent,2025-06-16,test,
projectseed-simon-production,SimonTask-v2.0,9,2025-06-24 00:45:23 (Pacific Daylight Time),"Mozilla/5.0 (iPhone; CPU iPhone OS 18_5 like Mac OS X) AppleWebKit/605.1.15 (KHTML, like Gecko) Version/18.5 Mobile/15E148 Safari/604.1",13795575-80f4-45fc-857c-502b5f53fa58,8,896,414,eng,6.0,6.0,2025-06-24 00:47:18 (Pacific Daylight Time),115423,compatible,right,TestingProc,True,right,right,460.0,right,red,0.0,adolescent,2025-06-16,test,
projectseed-simon-production,SimonTask-v2.0,9,2025-06-24 00:45:23 (Pacific Daylight Time),"Mozilla/5.0 (iPhone; CPU iPhone OS 18_5 like Mac OS X) AppleWebKit/605.1.15 (KHTML, like Gecko) Version/18.5 Mobile/15E148 Safari/604.1",13795575-80f4-45fc-857c-502b5f53fa58,8,896,414,eng,7.0,7.0,2025-06-24 00:47:20 (Pacific Daylight Time),117258,incompatible,right,TestingProc,True,right,right,528.0,left,red,1.000000000014552,adolescent,2025-06-16,test,
projectseed-simon-production,SimonTask-v2.0,9,2025-06-24 00:45:23 (Pacific Daylight Time),"Mozilla/5.0 (iPhone; CPU iPhone OS 18_5 like Mac OS X) AppleWebKit/605.1.15 (KHTML, like Gecko) Version/18.5 Mobile/15E148 Safari/604.1",13795575-80f4-45fc-857c-502b5f53fa58,8,896,414,eng,8.0,8.0,2025-06-24 00:47:22 (Pacific Daylight Time),119091,compatible,left,TestingProc,True,left,left,526.0,left,blue,0.0,adolescent,2025-06-16,test,
projectseed-simon-production,SimonTask-v2.0,9,2025-06-24 00:45:23 (Pacific Daylight Time),"Mozilla/5.0 (iPhone; CPU iPhone OS 18_5 like Mac OS X) AppleWebKit/605.1.15 (KHTML, like Gecko) Version/18.5 Mobile/15E148 Safari/604.1",13795575-80f4-45fc-857c-502b5f53fa58,8,896,414,eng,9.0,9.0,2025-06-24 00:47:24 (Pacific Daylight Time),121225,incompatible,right,TestingProc,True,right,right,828.0,left,red,1.0,adolescent,2025-06-16,test,
projectseed-simon-production,SimonTask-v2.0,9,2025-06-24 00:45:23 (Pacific Daylight Time),"Mozilla/5.0 (iPhone; CPU iPhone OS 18_5 like Mac OS X) AppleWebKit/605.1.15 (KHTML, like Gecko) Version/18.5 Mobile/15E148 Safari/604.1",13795575-80f4-45fc-857c-502b5f53fa58,8,896,414,eng,10.0,10.0,2025-06-24 00:47:26 (Pacific Daylight Time),123108,incompatible,left,TestingProc,True,left,left,577.0,right,blue,0.0,adolescent,2025-06-16,test,
projectseed-simon-production,SimonTask-v2.0,9,2025-06-24 00:45:23 (Pacific Daylight Time),"Mozilla/5.0 (iPhone; CPU iPhone OS 18_5 like Mac OS X) AppleWebKit/605.1.15 (KHTML, like Gecko) Version/18.5 Mobile/15E148 Safari/604.1",13795575-80f4-45fc-857c-502b5f53fa58,8,896,414,eng,11.0,11.0,2025-06-24 00:47:28 (Pacific Daylight Time),125025,incompatible,left,TestingProc,True,left,left,611.0,right,blue,1.0,adolescent,2025-06-16,test,
projectseed-simon-production,SimonTask-v2.0,9,2025-06-24 00:45:23 (Pacific Daylight Time),"Mozilla/5.0 (iPhone; CPU iPhone OS 18_5 like Mac OS X) AppleWebKit/605.1.15 (KHTML, like Gecko) Version/18.5 Mobile/15E148 Safari/604.1",13795575-80f4-45fc-857c-502b5f53fa58,8,896,414,eng,12.0,12.0,2025-06-24 00:47:30 (Pacific Daylight Time),126725,compatible,right,TestingProc,True,right,right,394.0,right,red,0.0,adolescent,2025-06-16,test,
projectseed-simon-production,SimonTask-v2.0,9,2025-06-24 00:45:23 (Pacific Daylight Time),"Mozilla/5.0 (iPhone; CPU iPhone OS 18_5 like Mac OS X) AppleWebKit/605.1.15 (KHTML, like Gecko) Version/18.5 Mobile/15E148 Safari/604.1",13795575-80f4-45fc-857c-502b5f53fa58,8,896,414,eng,13.0,13.0,2025-06-24 00:47:31 (Pacific Daylight Time),128476,compatible,right,TestingProc,True,right,right,444.0,right,red,1.0,adolescent,2025-06-16,test,
projectseed-simon-production,SimonTask-v2.0,9,2025-06-24 00:45:23 (Pacific Daylight Time),"Mozilla/5.0 (iPhone; CPU iPhone OS 18_5 like Mac OS X) AppleWebKit/605.1.15 (KHTML, like Gecko) Version/18.5 Mobile/15E148 Safari/604.1",13795575-80f4-45fc-857c-502b5f53fa58,8,896,414,eng,14.0,14.0,2025-06-24 00:47:33 (Pacific Daylight Time),130375,incompatible,left,TestingProc,True,left,left,593.0,right,blue,0.9999999999708962,adolescent,2025-06-16,test,
projectseed-simon-production,SimonTask-v2.0,9,2025-06-24 00:45:23 (Pacific Daylight Time),"Mozilla/5.0 (iPhone; CPU iPhone OS 18_5 like Mac OS X) AppleWebKit/605.1.15 (KHTML, like Gecko) Version/18.5 Mobile/15E148 Safari/604.1",13795575-80f4-45fc-857c-502b5f53fa58,8,896,414,eng,15.0,15.0,2025-06-24 00:47:35 (Pacific Daylight Time),132159,incompatible,right,TestingProc,True,right,right,477.0,left,red,0.9999999999708962,adolescent,2025-06-16,test,
projectseed-simon-production,SimonTask-v2.0,9,2025-06-24 00:45:23 (Pacific Daylight Time),"Mozilla/5.0 (iPhone; CPU iPhone OS 18_5 like Mac OS X) AppleWebKit/605.1.15 (KHTML, like Gecko) Version/18.5 Mobile/15E148 Safari/604.1",13795575-80f4-45fc-857c-502b5f53fa58,8,896,414,eng,16.0,16.0,2025-06-24 00:47:37 (Pacific Daylight Time),133942,compatible,right,TestingProc,True,right,right,477.0,right,red,1.0,adolescent,2025-06-16,test,
projectseed-simon-production,SimonTask-v2.0,9,2025-06-24 00:45:23 (Pacific Daylight Time),"Mozilla/5.0 (iPhone; CPU iPhone OS 18_5 like Mac OS X) AppleWebKit/605.1.15 (KHTML, like Gecko) Version/18.5 Mobile/15E148 Safari/604.1",13795575-80f4-45fc-857c-502b5f53fa58,8,896,414,eng,17.0,17.0,2025-06-24 00:47:39 (Pacific Daylight Time),135709,compatible,left,TestingProc,True,left,left,463.0,left,blue,0.0,adolescent,2025-06-16,test,
projectseed-simon-production,SimonTask-v2.0,9,2025-06-24 00:45:23 (Pacific Daylight Time),"Mozilla/5.0 (iPhone; CPU iPhone OS 18_5 like Mac OS X) AppleWebKit/605.1.15 (KHTML, like Gecko) Version/18.5 Mobile/15E148 Safari/604.1",13795575-80f4-45fc-857c-502b5f53fa58,8,896,414,eng,18.0,18.0,2025-06-24 00:47:40 (Pacific Daylight Time),137511,compatible,right,TestingProc,True,right,right,495.0,right,red,0.0,adolescent,2025-06-16,test,
projectseed-simon-production,SimonTask-v2.0,9,2025-06-24 00:45:23 (Pacific Daylight Time),"Mozilla/5.0 (iPhone; CPU iPhone OS 18_5 like Mac OS X) AppleWebKit/605.1.15 (KHTML, like Gecko) Version/18.5 Mobile/15E148 Safari/604.1",13795575-80f4-45fc-857c-502b5f53fa58,8,896,414,eng,19.0,19.0,2025-06-24 00:47:42 (Pacific Daylight Time),139193,compatible,left,TestingProc,True,left,left,376.0,left,blue,1.0,adolescent,2025-06-16,test,
projectseed-simon-production,SimonTask-v2.0,9,2025-06-24 00:45:23 (Pacific Daylight Time),"Mozilla/5.0 (iPhone; CPU iPhone OS 18_5 like Mac OS X) AppleWebKit/605.1.15 (KHTML, like Gecko) Version/18.5 Mobile/15E148 Safari/604.1",13795575-80f4-45fc-857c-502b5f53fa58,8,896,414,eng,20.0,20.0,2025-06-24 00:47:44 (Pacific Daylight Time),141059,compatible,left,TestingProc,True,left,left,560.0,left,blue,0.0,adolescent,2025-06-16,test,
projectseed-simon-production,SimonTask-v2.0,9,2025-06-24 00:45:23 (Pacific Daylight Time),"Mozilla/5.0 (iPhone; CPU iPhone OS 18_5 like Mac OS X) AppleWebKit/605.1.15 (KHTML, like Gecko) Version/18.5 Mobile/15E148 Safari/604.1",13795575-80f4-45fc-857c-502b5f53fa58,8,896,414,eng,21.0,21.0,2025-06-24 00:47:46 (Pacific Daylight Time),142791,incompatible,right,TestingProc,True,right,right,425.0,left,red,0.0,adolescent,2025-06-16,test,
projectseed-simon-production,SimonTask-v2.0,9,2025-06-24 00:45:23 (Pacific Daylight Time),"Mozilla/5.0 (iPhone; CPU iPhone OS 18_5 like Mac OS X) AppleWebKit/605.1.15 (KHTML, like Gecko) Version/18.5 Mobile/15E148 Safari/604.1",13795575-80f4-45fc-857c-502b5f53fa58,8,896,414,eng,22.0,22.0,2025-06-24 00:47:48 (Pacific Daylight Time),144626,compatible,left,TestingProc,True,left,left,529.0,left,blue,1.0,adolescent,2025-06-16,test,
projectseed-simon-production,SimonTask-v2.0,9,2025-06-24 00:45:23 (Pacific Daylight Time),"Mozilla/5.0 (iPhone; CPU iPhone OS 18_5 like Mac OS X) AppleWebKit/605.1.15 (KHTML, like Gecko) Version/18.5 Mobile/15E148 Safari/604.1",13795575-80f4-45fc-857c-502b5f53fa58,8,896,414,eng,23.0,23.0,2025-06-24 00:47:50 (Pacific Daylight Time),146725,compatible,right,TestingProc,True,right,right,792.0,right,red,1.0,adolescent,2025-06-16,test,
projectseed-simon-production,SimonTask-v2.0,9,2025-06-24 00:45:23 (Pacific Daylight Time),"Mozilla/5.0 (iPhone; CPU iPhone OS 18_5 like Mac OS X) AppleWebKit/605.1.15 (KHTML, like Gecko) Version/18.5 Mobile/15E148 Safari/604.1",13795575-80f4-45fc-857c-502b5f53fa58,8,896,414,eng,24.0,24.0,2025-06-24 00:47:51 (Pacific Daylight Time),148494,compatible,left,TestingProc,True,left,left,463.0,left,blue,0.0,adolescent,2025-06-16,test,
projectseed-simon-production,SimonTask-v2.0,9,2025-06-24 00:45:23 (Pacific Daylight Time),"Mozilla/5.0 (iPhone; CPU iPhone OS 18_5 like Mac OS X) AppleWebKit/605.1.15 (KHTML, like Gecko) Version/18.5 Mobile/15E148 Safari/604.1",13795575-80f4-45fc-857c-502b5f53fa58,8,896,414,eng,25.0,25.0,2025-06-24 00:47:53 (Pacific Daylight Time),150361,compatible,right,TestingProc,True,right,right,561.0,right,red,0.9999999999708962,adolescent,2025-06-16,test,
projectseed-simon-production,SimonTask-v2.0,9,2025-06-24 00:45:23 (Pacific Daylight Time),"Mozilla/5.0 (iPhone; CPU iPhone OS 18_5 like Mac OS X) AppleWebKit/605.1.15 (KHTML, like Gecko) Version/18.5 Mobile/15E148 Safari/604.1",13795575-80f4-45fc-857c-502b5f53fa58,8,896,414,eng,26.0,26.0,2025-06-24 00:47:55 (Pacific Daylight Time),152177,incompatible,right,TestingProc,True,right,right,509.0,left,red,1.0000000000291038,adolescent,2025-06-16,test,
projectseed-simon-production,SimonTask-v2.0,9,2025-06-24 00:45:23 (Pacific Daylight Time),"Mozilla/5.0 (iPhone; CPU iPhone OS 18_5 like Mac OS X) AppleWebKit/605.1.15 (KHTML, like Gecko) Version/18.5 Mobile/15E148 Safari/604.1",13795575-80f4-45fc-857c-502b5f53fa58,8,896,414,eng,27.0,27.0,2025-06-24 00:47:57 (Pacific Daylight Time),154027,incompatible,right,TestingProc,True,right,right,543.0,left,red,1.0,adolescent,2025-06-16,test,
projectseed-simon-production,SimonTask-v2.0,9,2025-06-24 00:45:23 (Pacific Daylight Time),"Mozilla/5.0 (iPhone; CPU iPhone OS 18_5 like Mac OS X) AppleWebKit/605.1.15 (KHTML, like Gecko) Version/18.5 Mobile/15E148 Safari/604.1",13795575-80f4-45fc-857c-502b5f53fa58,8,896,414,eng,28.0,28.0,2025-06-24 00:47:59 (Pacific Daylight Time),155844,incompatible,right,TestingProc,True,right,right,511.0,left,red,1.0,adolescent,2025-06-16,test,
projectseed-simon-production,SimonTask-v2.0,9,2025-06-24 00:45:23 (Pacific Daylight Time),"Mozilla/5.0 (iPhone; CPU iPhone OS 18_5 like Mac OS X) AppleWebKit/605.1.15 (KHTML, like Gecko) Version/18.5 Mobile/15E148 Safari/604.1",13795575-80f4-45fc-857c-502b5f53fa58,8,896,414,eng,29.0,29.0,2025-06-24 00:48:00 (Pacific Daylight Time),157608,compatible,right,TestingProc,True,right,right,457.0,right,red,0.9999999999708962,adolescent,2025-06-16,test,
projectseed-simon-production,SimonTask-v2.0,9,2025-06-24 00:45:23 (Pacific Daylight Time),"Mozilla/5.0 (iPhone; CPU iPhone OS 18_5 like Mac OS X) AppleWebKit/605.1.15 (KHTML, like Gecko) Version/18.5 Mobile/15E148 Safari/604.1",13795575-80f4-45fc-857c-502b5f53fa58,8,896,414,eng,30.0,30.0,2025-06-24 00:48:02 (Pacific Daylight Time),159611,compatible,left,TestingProc,True,left,left,695.0,left,blue,1.0,adolescent,2025-06-16,test,
projectseed-simon-production,SimonTask-v2.0,9,2025-06-24 00:45:23 (Pacific Daylight Time),"Mozilla/5.0 (iPhone; CPU iPhone OS 18_5 like Mac OS X) AppleWebKit/605.1.15 (KHTML, like Gecko) Version/18.5 Mobile/15E148 Safari/604.1",13795575-80f4-45fc-857c-502b5f53fa58,8,896,414,eng,31.0,31.0,2025-06-24 00:48:05 (Pacific Daylight Time),161895,incompatible,right,TestingProc,True,right,right,978.0,left,red,0.0,adolescent,2025-06-16,test,
projectseed-simon-production,SimonTask-v2.0,9,2025-06-24 00:45:23 (Pacific Daylight Time),"Mozilla/5.0 (iPhone; CPU iPhone OS 18_5 like Mac OS X) AppleWebKit/605.1.15 (KHTML, like Gecko) Version/18.5 Mobile/15E148 Safari/604.1",13795575-80f4-45fc-857c-502b5f53fa58,8,896,414,eng,32.0,32.0,2025-06-24 00:48:07 (Pacific Daylight Time),163761,compatible,left,TestingProc,True,left,left,560.0,left,blue,1.0,adolescent,2025-06-16,test,
projectseed-simon-production,SimonTask-v2.0,9,2025-06-25 03:52:25 (Mountain Daylight Time),"Mozilla/5.0 (iPhone; CPU iPhone OS 18_5 like Mac OS X) AppleWebKit/605.1.15 (KHTML, like Gecko) Version/18.5 Mobile/15E148 Safari/604.1",bd972101-1f80-4d18-91cc-aaa64a882a90,9,896,414,eng,-999.0,1.0,2025-06-25 03:52:32 (Mountain Daylight Time),7513,incompatible,left,TrainingList,False,left,none,-999.0,right,blue,2.0,adolescent,2025-06-16,training,
projectseed-simon-production,SimonTask-v2.0,9,2025-06-25 03:52:25 (Mountain Daylight Time),"Mozilla/5.0 (iPhone; CPU iPhone OS 18_5 like Mac OS X) AppleWebKit/605.1.15 (KHTML, like Gecko) Version/18.5 Mobile/15E148 Safari/604.1",bd972101-1f80-4d18-91cc-aaa64a882a90,9,896,414,eng,-999.0,2.0,2025-06-25 03:52:36 (Mountain Daylight Time),10730,incompatible,left,TrainingList,True,left,left,643.0,right,blue,1.0,adolescent,2025-06-16,training,
projectseed-simon-production,SimonTask-v2.0,9,2025-06-25 03:52:25 (Mountain Daylight Time),"Mozilla/5.0 (iPhone; CPU iPhone OS 18_5 like Mac OS X) AppleWebKit/605.1.15 (KHTML, like Gecko) Version/18.5 Mobile/15E148 Safari/604.1",bd972101-1f80-4d18-91cc-aaa64a882a90,9,896,414,eng,-999.0,3.0,2025-06-25 03:52:39 (Mountain Daylight Time),13880,incompatible,left,TrainingList,True,left,left,627.0,right,blue,1.000000000001819,adolescent,2025-06-16,training,
projectseed-simon-production,SimonTask-v2.0,9,2025-06-25 03:52:25 (Mountain Daylight Time),"Mozilla/5.0 (iPhone; CPU iPhone OS 18_5 like Mac OS X) AppleWebKit/605.1.15 (KHTML, like Gecko) Version/18.5 Mobile/15E148 Safari/604.1",bd972101-1f80-4d18-91cc-aaa64a882a90,9,896,414,eng,-999.0,4.0,2025-06-25 03:52:42 (Mountain Daylight Time),17030,compatible,left,TrainingList,True,left,left,627.0,left,blue,0.999999999996362,adolescent,2025-06-16,training,
projectseed-simon-production,SimonTask-v2.0,9,2025-06-25 03:52:25 (Mountain Daylight Time),"Mozilla/5.0 (iPhone; CPU iPhone OS 18_5 like Mac OS X) AppleWebKit/605.1.15 (KHTML, like Gecko) Version/18.5 Mobile/15E148 Safari/604.1",bd972101-1f80-4d18-91cc-aaa64a882a90,9,896,414,eng,-999.0,5.0,2025-06-25 03:52:45 (Mountain Daylight Time),20080,compatible,left,TrainingList,True,left,left,526.0,left,blue,1.0,adolescent,2025-06-16,training,
projectseed-simon-production,SimonTask-v2.0,9,2025-06-25 03:52:25 (Mountain Daylight Time),"Mozilla/5.0 (iPhone; CPU iPhone OS 18_5 like Mac OS X) AppleWebKit/605.1.15 (KHTML, like Gecko) Version/18.5 Mobile/15E148 Safari/604.1",bd972101-1f80-4d18-91cc-aaa64a882a90,9,896,414,eng,1.0,1.0,2025-06-25 03:52:49 (Mountain Daylight Time),23878,incompatible,right,TestingProc,True,right,right,592.0,left,red,0.0,adolescent,2025-06-16,test,
projectseed-simon-production,SimonTask-v2.0,9,2025-06-25 03:52:25 (Mountain Daylight Time),"Mozilla/5.0 (iPhone; CPU iPhone OS 18_5 like Mac OS X) AppleWebKit/605.1.15 (KHTML, like Gecko) Version/18.5 Mobile/15E148 Safari/604.1",bd972101-1f80-4d18-91cc-aaa64a882a90,9,896,414,eng,2.0,2.0,2025-06-25 03:52:51 (Mountain Daylight Time),25798,incompatible,right,TestingProc,True,right,right,613.0,left,red,0.0,adolescent,2025-06-16,test,
projectseed-simon-production,SimonTask-v2.0,9,2025-06-25 03:52:25 (Mountain Daylight Time),"Mozilla/5.0 (iPhone; CPU iPhone OS 18_5 like Mac OS X) AppleWebKit/605.1.15 (KHTML, like Gecko) Version/18.5 Mobile/15E148 Safari/604.1",bd972101-1f80-4d18-91cc-aaa64a882a90,9,896,414,eng,3.0,3.0,2025-06-25 03:52:53 (Mountain Daylight Time),27664,incompatible,left,TestingProc,True,left,left,559.0,right,blue,1.0,adolescent,2025-06-16,test,
projectseed-simon-production,SimonTask-v2.0,9,2025-06-25 03:52:25 (Mountain Daylight Time),"Mozilla/5.0 (iPhone; CPU iPhone OS 18_5 like Mac OS X) AppleWebKit/605.1.15 (KHTML, like Gecko) Version/18.5 Mobile/15E148 Safari/604.1",bd972101-1f80-4d18-91cc-aaa64a882a90,9,896,414,eng,4.0,4.0,2025-06-25 03:52:55 (Mountain Daylight Time),29530,incompatible,right,TestingProc,True,right,right,559.0,left,red,0.0,adolescent,2025-06-16,test,
projectseed-simon-production,SimonTask-v2.0,9,2025-06-25 03:52:25 (Mountain Daylight Time),"Mozilla/5.0 (iPhone; CPU iPhone OS 18_5 like Mac OS X) AppleWebKit/605.1.15 (KHTML, like Gecko) Version/18.5 Mobile/15E148 Safari/604.1",bd972101-1f80-4d18-91cc-aaa64a882a90,9,896,414,eng,5.0,5.0,2025-06-25 03:52:56 (Mountain Daylight Time),31381,incompatible,right,TestingProc,True,right,right,545.0,left,red,0.0,adolescent,2025-06-16,test,
projectseed-simon-production,SimonTask-v2.0,9,2025-06-25 03:52:25 (Mountain Daylight Time),"Mozilla/5.0 (iPhone; CPU iPhone OS 18_5 like Mac OS X) AppleWebKit/605.1.15 (KHTML, like Gecko) Version/18.5 Mobile/15E148 Safari/604.1",bd972101-1f80-4d18-91cc-aaa64a882a90,9,896,414,eng,6.0,6.0,2025-06-25 03:52:58 (Mountain Daylight Time),33164,compatible,left,TestingProc,True,left,left,477.0,left,blue,0.0,adolescent,2025-06-16,test,
projectseed-simon-production,SimonTask-v2.0,9,2025-06-25 03:52:25 (Mountain Daylight Time),"Mozilla/5.0 (iPhone; CPU iPhone OS 18_5 like Mac OS X) AppleWebKit/605.1.15 (KHTML, like Gecko) Version/18.5 Mobile/15E148 Safari/604.1",bd972101-1f80-4d18-91cc-aaa64a882a90,9,896,414,eng,7.0,7.0,2025-06-25 03:53:00 (Mountain Daylight Time),34981,compatible,right,TestingProc,True,right,right,511.0,right,red,1.0,adolescent,2025-06-16,test,
projectseed-simon-production,SimonTask-v2.0,9,2025-06-25 03:52:25 (Mountain Daylight Time),"Mozilla/5.0 (iPhone; CPU iPhone OS 18_5 like Mac OS X) AppleWebKit/605.1.15 (KHTML, like Gecko) Version/18.5 Mobile/15E148 Safari/604.1",bd972101-1f80-4d18-91cc-aaa64a882a90,9,896,414,eng,8.0,8.0,2025-06-25 03:53:02 (Mountain Daylight Time),36781,compatible,left,TestingProc,True,left,left,493.0,left,blue,1.0,adolescent,2025-06-16,test,
projectseed-simon-production,SimonTask-v2.0,9,2025-06-25 03:52:25 (Mountain Daylight Time),"Mozilla/5.0 (iPhone; CPU iPhone OS 18_5 like Mac OS X) AppleWebKit/605.1.15 (KHTML, like Gecko) Version/18.5 Mobile/15E148 Safari/604.1",bd972101-1f80-4d18-91cc-aaa64a882a90,9,896,414,eng,9.0,9.0,2025-06-25 03:53:04 (Mountain Daylight Time),38631,incompatible,left,TestingProc,True,left,left,543.0,right,blue,0.0,adolescent,2025-06-16,test,
projectseed-simon-production,SimonTask-v2.0,9,2025-06-25 03:52:25 (Mountain Daylight Time),"Mozilla/5.0 (iPhone; CPU iPhone OS 18_5 like Mac OS X) AppleWebKit/605.1.15 (KHTML, like Gecko) Version/18.5 Mobile/15E148 Safari/604.1",bd972101-1f80-4d18-91cc-aaa64a882a90,9,896,414,eng,10.0,10.0,2025-06-25 03:53:05 (Mountain Daylight Time),40431,incompatible,left,TestingProc,True,left,left,493.0,right,blue,1.0,adolescent,2025-06-16,test,
projectseed-simon-production,SimonTask-v2.0,9,2025-06-25 03:52:25 (Mountain Daylight Time),"Mozilla/5.0 (iPhone; CPU iPhone OS 18_5 like Mac OS X) AppleWebKit/605.1.15 (KHTML, like Gecko) Version/18.5 Mobile/15E148 Safari/604.1",bd972101-1f80-4d18-91cc-aaa64a882a90,9,896,414,eng,11.0,11.0,2025-06-25 03:53:07 (Mountain Daylight Time),42281,incompatible,left,TestingProc,True,left,left,544.0,right,blue,0.0,adolescent,2025-06-16,test,
projectseed-simon-production,SimonTask-v2.0,9,2025-06-25 03:52:25 (Mountain Daylight Time),"Mozilla/5.0 (iPhone; CPU iPhone OS 18_5 like Mac OS X) AppleWebKit/605.1.15 (KHTML, like Gecko) Version/18.5 Mobile/15E148 Safari/604.1",bd972101-1f80-4d18-91cc-aaa64a882a90,9,896,414,eng,12.0,12.0,2025-06-25 03:53:09 (Mountain Daylight Time),44097,incompatible,right,TestingProc,True,right,right,509.0,left,red,0.999999999992724,adolescent,2025-06-16,test,
projectseed-simon-production,SimonTask-v2.0,9,2025-06-25 03:52:25 (Mountain Daylight Time),"Mozilla/5.0 (iPhone; CPU iPhone OS 18_5 like Mac OS X) AppleWebKit/605.1.15 (KHTML, like Gecko) Version/18.5 Mobile/15E148 Safari/604.1",bd972101-1f80-4d18-91cc-aaa64a882a90,9,896,414,eng,13.0,13.0,2025-06-25 03:53:11 (Mountain Daylight Time),45899,compatible,right,TestingProc,True,right,right,495.0,right,red,1.000000000007276,adolescent,2025-06-16,test,
projectseed-simon-production,SimonTask-v2.0,9,2025-06-25 03:52:25 (Mountain Daylight Time),"Mozilla/5.0 (iPhone; CPU iPhone OS 18_5 like Mac OS X) AppleWebKit/605.1.15 (KHTML, like Gecko) Version/18.5 Mobile/15E148 Safari/604.1",bd972101-1f80-4d18-91cc-aaa64a882a90,9,896,414,eng,14.0,14.0,2025-06-25 03:53:13 (Mountain Daylight Time),47898,incompatible,right,TestingProc,True,right,right,693.0,left,red,0.0,adolescent,2025-06-16,test,
projectseed-simon-production,SimonTask-v2.0,9,2025-06-25 03:52:25 (Mountain Daylight Time),"Mozilla/5.0 (iPhone; CPU iPhone OS 18_5 like Mac OS X) AppleWebKit/605.1.15 (KHTML, like Gecko) Version/18.5 Mobile/15E148 Safari/604.1",bd972101-1f80-4d18-91cc-aaa64a882a90,9,896,414,eng,15.0,15.0,2025-06-25 03:53:15 (Mountain Daylight Time),49682,incompatible,left,TestingProc,True,left,left,478.0,right,blue,1.0,adolescent,2025-06-16,test,
projectseed-simon-production,SimonTask-v2.0,9,2025-06-25 03:52:25 (Mountain Daylight Time),"Mozilla/5.0 (iPhone; CPU iPhone OS 18_5 like Mac OS X) AppleWebKit/605.1.15 (KHTML, like Gecko) Version/18.5 Mobile/15E148 Safari/604.1",bd972101-1f80-4d18-91cc-aaa64a882a90,9,896,414,eng,16.0,16.0,2025-06-25 03:53:17 (Mountain Daylight Time),51532,incompatible,left,TestingProc,True,left,left,543.0,right,blue,1.0,adolescent,2025-06-16,test,
projectseed-simon-production,SimonTask-v2.0,9,2025-06-25 03:52:25 (Mountain Daylight Time),"Mozilla/5.0 (iPhone; CPU iPhone OS 18_5 like Mac OS X) AppleWebKit/605.1.15 (KHTML, like Gecko) Version/18.5 Mobile/15E148 Safari/604.1",bd972101-1f80-4d18-91cc-aaa64a882a90,9,896,414,eng,17.0,17.0,2025-06-25 03:53:18 (Mountain Daylight Time),53398,compatible,right,TestingProc,True,right,right,559.0,right,red,1.0,adolescent,2025-06-16,test,
projectseed-simon-production,SimonTask-v2.0,9,2025-06-25 03:52:25 (Mountain Daylight Time),"Mozilla/5.0 (iPhone; CPU iPhone OS 18_5 like Mac OS X) AppleWebKit/605.1.15 (KHTML, like Gecko) Version/18.5 Mobile/15E148 Safari/604.1",bd972101-1f80-4d18-91cc-aaa64a882a90,9,896,414,eng,18.0,18.0,2025-06-25 03:53:20 (Mountain Daylight Time),55149,compatible,right,TestingProc,True,right,right,445.0,right,red,1.0,adolescent,2025-06-16,test,
projectseed-simon-production,SimonTask-v2.0,9,2025-06-25 03:52:25 (Mountain Daylight Time),"Mozilla/5.0 (iPhone; CPU iPhone OS 18_5 like Mac OS X) AppleWebKit/605.1.15 (KHTML, like Gecko) Version/18.5 Mobile/15E148 Safari/604.1",bd972101-1f80-4d18-91cc-aaa64a882a90,9,896,414,eng,19.0,19.0,2025-06-25 03:53:22 (Mountain Daylight Time),57099,incompatible,left,TestingProc,True,left,left,644.0,right,blue,1.000000000007276,adolescent,2025-06-16,test,
projectseed-simon-production,SimonTask-v2.0,9,2025-06-25 03:52:25 (Mountain Daylight Time),"Mozilla/5.0 (iPhone; CPU iPhone OS 18_5 like Mac OS X) AppleWebKit/605.1.15 (KHTML, like Gecko) Version/18.5 Mobile/15E148 Safari/604.1",bd972101-1f80-4d18-91cc-aaa64a882a90,9,896,414,eng,20.0,20.0,2025-06-25 03:53:24 (Mountain Daylight Time),58849,incompatible,left,TestingProc,True,left,left,443.0,right,blue,0.0,adolescent,2025-06-16,test,
projectseed-simon-production,SimonTask-v2.0,9,2025-06-25 03:52:25 (Mountain Daylight Time),"Mozilla/5.0 (iPhone; CPU iPhone OS 18_5 like Mac OS X) AppleWebKit/605.1.15 (KHTML, like Gecko) Version/18.5 Mobile/15E148 Safari/604.1",bd972101-1f80-4d18-91cc-aaa64a882a90,9,896,414,eng,21.0,21.0,2025-06-25 03:53:26 (Mountain Daylight Time),60781,incompatible,right,TestingProc,True,right,right,627.0,left,red,0.999999999992724,adolescent,2025-06-16,test,
projectseed-simon-production,SimonTask-v2.0,9,2025-06-25 03:52:25 (Mountain Daylight Time),"Mozilla/5.0 (iPhone; CPU iPhone OS 18_5 like Mac OS X) AppleWebKit/605.1.15 (KHTML, like Gecko) Version/18.5 Mobile/15E148 Safari/604.1",bd972101-1f80-4d18-91cc-aaa64a882a90,9,896,414,eng,22.0,22.0,2025-06-25 03:53:28 (Mountain Daylight Time),62549,compatible,right,TestingProc,True,right,right,461.0,right,red,0.0,adolescent,2025-06-16,test,
projectseed-simon-production,SimonTask-v2.0,9,2025-06-25 03:52:25 (Mountain Daylight Time),"Mozilla/5.0 (iPhone; CPU iPhone OS 18_5 like Mac OS X) AppleWebKit/605.1.15 (KHTML, like Gecko) Version/18.5 Mobile/15E148 Safari/604.1",bd972101-1f80-4d18-91cc-aaa64a882a90,9,896,414,eng,23.0,23.0,2025-06-25 03:53:29 (Mountain Daylight Time),64332,incompatible,right,TestingProc,True,right,right,477.0,left,red,0.0,adolescent,2025-06-16,test,
projectseed-simon-production,SimonTask-v2.0,9,2025-06-25 03:52:25 (Mountain Daylight Time),"Mozilla/5.0 (iPhone; CPU iPhone OS 18_5 like Mac OS X) AppleWebKit/605.1.15 (KHTML, like Gecko) Version/18.5 Mobile/15E148 Safari/604.1",bd972101-1f80-4d18-91cc-aaa64a882a90,9,896,414,eng,24.0,24.0,2025-06-25 03:53:31 (Mountain Daylight Time),66149,compatible,right,TestingProc,True,right,right,511.0,right,red,1.0,adolescent,2025-06-16,test,
projectseed-simon-production,SimonTask-v2.0,9,2025-06-25 03:52:25 (Mountain Daylight Time),"Mozilla/5.0 (iPhone; CPU iPhone OS 18_5 like Mac OS X) AppleWebKit/605.1.15 (KHTML, like Gecko) Version/18.5 Mobile/15E148 Safari/604.1",bd972101-1f80-4d18-91cc-aaa64a882a90,9,896,414,eng,25.0,25.0,2025-06-25 03:53:33 (Mountain Daylight Time),67966,compatible,right,TestingProc,True,right,right,511.0,right,red,0.0,adolescent,2025-06-16,test,
projectseed-simon-production,SimonTask-v2.0,9,2025-06-25 03:52:25 (Mountain Daylight Time),"Mozilla/5.0 (iPhone; CPU iPhone OS 18_5 like Mac OS X) AppleWebKit/605.1.15 (KHTML, like Gecko) Version/18.5 Mobile/15E148 Safari/604.1",bd972101-1f80-4d18-91cc-aaa64a882a90,9,896,414,eng,26.0,26.0,2025-06-25 03:53:35 (Mountain Daylight Time),69866,incompatible,right,TestingProc,True,right,right,594.0,left,red,0.0,adolescent,2025-06-16,test,
projectseed-simon-production,SimonTask-v2.0,9,2025-06-25 03:52:25 (Mountain Daylight Time),"Mozilla/5.0 (iPhone; CPU iPhone OS 18_5 like Mac OS X) AppleWebKit/605.1.15 (KHTML, like Gecko) Version/18.5 Mobile/15E148 Safari/604.1",bd972101-1f80-4d18-91cc-aaa64a882a90,9,896,414,eng,27.0,27.0,2025-06-25 03:53:37 (Mountain Daylight Time),71897,compatible,left,TestingProc,True,left,left,724.0,left,blue,1.0,adolescent,2025-06-16,test,
projectseed-simon-production,SimonTask-v2.0,9,2025-06-25 03:52:25 (Mountain Daylight Time),"Mozilla/5.0 (iPhone; CPU iPhone OS 18_5 like Mac OS X) AppleWebKit/605.1.15 (KHTML, like Gecko) Version/18.5 Mobile/15E148 Safari/604.1",bd972101-1f80-4d18-91cc-aaa64a882a90,9,896,414,eng,28.0,28.0,2025-06-25 03:53:39 (Mountain Daylight Time),73933,compatible,right,TestingProc,True,right,right,730.0,right,red,1.0,adolescent,2025-06-16,test,
projectseed-simon-production,SimonTask-v2.0,9,2025-06-25 03:52:25 (Mountain Daylight Time),"Mozilla/5.0 (iPhone; CPU iPhone OS 18_5 like Mac OS X) AppleWebKit/605.1.15 (KHTML, like Gecko) Version/18.5 Mobile/15E148 Safari/604.1",bd972101-1f80-4d18-91cc-aaa64a882a90,9,896,414,eng,29.0,29.0,2025-06-25 03:53:41 (Mountain Daylight Time),75916,incompatible,right,TestingProc,True,right,right,676.0,left,red,1.000000000014552,adolescent,2025-06-16,test,
projectseed-simon-production,SimonTask-v2.0,9,2025-06-25 03:52:25 (Mountain Daylight Time),"Mozilla/5.0 (iPhone; CPU iPhone OS 18_5 like Mac OS X) AppleWebKit/605.1.15 (KHTML, like Gecko) Version/18.5 Mobile/15E148 Safari/604.1",bd972101-1f80-4d18-91cc-aaa64a882a90,9,896,414,eng,30.0,30.0,2025-06-25 03:53:43 (Mountain Daylight Time),77884,incompatible,right,TestingProc,True,right,right,661.0,left,red,1.0,adolescent,2025-06-16,test,
projectseed-simon-production,SimonTask-v2.0,9,2025-06-25 03:52:25 (Mountain Daylight Time),"Mozilla/5.0 (iPhone; CPU iPhone OS 18_5 like Mac OS X) AppleWebKit/605.1.15 (KHTML, like Gecko) Version/18.5 Mobile/15E148 Safari/604.1",bd972101-1f80-4d18-91cc-aaa64a882a90,9,896,414,eng,31.0,31.0,2025-06-25 03:53:45 (Mountain Daylight Time),79834,incompatible,right,TestingProc,True,right,right,643.0,left,red,1.0,adolescent,2025-06-16,test,
projectseed-simon-production,SimonTask-v2.0,9,2025-06-25 03:52:25 (Mountain Daylight Time),"Mozilla/5.0 (iPhone; CPU iPhone OS 18_5 like Mac OS X) AppleWebKit/605.1.15 (KHTML, like Gecko) Version/18.5 Mobile/15E148 Safari/604.1",bd972101-1f80-4d18-91cc-aaa64a882a90,9,896,414,eng,32.0,32.0,2025-06-25 03:53:47 (Mountain Daylight Time),81734,incompatible,left,TestingProc,True,left,left,592.0,right,blue,1.0,adolescent,2025-06-16,test,
projectseed-simon-production,SimonTask-v2.0,9,2025-06-25 23:37:50 (Pacific Daylight Time),"Mozilla/5.0 (iPhone; CPU iPhone OS 18_5 like Mac OS X) AppleWebKit/605.1.15 (KHTML, like Gecko) Version/18.5 Mobile/15E148 Safari/604.1",952a31b2-8818-4893-8e11-f2f094e47e8b,10,896,414,eng,-999.0,1.0,2025-06-25 23:37:55 (Pacific Daylight Time),5485,compatible,left,TrainingList,True,left,left,723.0,left,blue,3.0,adolescent,2025-06-16,training,
projectseed-simon-production,SimonTask-v2.0,9,2025-06-25 23:37:50 (Pacific Daylight Time),"Mozilla/5.0 (iPhone; CPU iPhone OS 18_5 like Mac OS X) AppleWebKit/605.1.15 (KHTML, like Gecko) Version/18.5 Mobile/15E148 Safari/604.1",952a31b2-8818-4893-8e11-f2f094e47e8b,10,896,414,eng,-999.0,2.0,2025-06-25 23:38:00 (Pacific Daylight Time),9635,incompatible,right,TrainingList,True,right,right,691.0,left,red,0.0,adolescent,2025-06-16,training,
projectseed-simon-production,SimonTask-v2.0,9,2025-06-25 23:37:50 (Pacific Daylight Time),"Mozilla/5.0 (iPhone; CPU iPhone OS 18_5 like Mac OS X) AppleWebKit/605.1.15 (KHTML, like Gecko) Version/18.5 Mobile/15E148 Safari/604.1",952a31b2-8818-4893-8e11-f2f094e47e8b,10,896,414,eng,-999.0,3.0,2025-06-25 23:38:03 (Pacific Daylight Time),12868,incompatible,right,TrainingList,True,right,right,742.0,left,red,1.0,adolescent,2025-06-16,training,
projectseed-simon-production,SimonTask-v2.0,9,2025-06-25 23:37:50 (Pacific Daylight Time),"Mozilla/5.0 (iPhone; CPU iPhone OS 18_5 like Mac OS X) AppleWebKit/605.1.15 (KHTML, like Gecko) Version/18.5 Mobile/15E148 Safari/604.1",952a31b2-8818-4893-8e11-f2f094e47e8b,10,896,414,eng,-999.0,4.0,2025-06-25 23:38:07 (Pacific Daylight Time),16969,incompatible,left,TrainingList,True,left,left,597.0,right,blue,1.0,adolescent,2025-06-16,training,
projectseed-simon-production,SimonTask-v2.0,9,2025-06-25 23:37:50 (Pacific Daylight Time),"Mozilla/5.0 (iPhone; CPU iPhone OS 18_5 like Mac OS X) AppleWebKit/605.1.15 (KHTML, like Gecko) Version/18.5 Mobile/15E148 Safari/604.1",952a31b2-8818-4893-8e11-f2f094e47e8b,10,896,414,eng,1.0,1.0,2025-06-25 23:38:13 (Pacific Daylight Time),22802,compatible,right,TestingProc,True,right,right,460.0,right,red,1.0,adolescent,2025-06-16,test,
projectseed-simon-production,SimonTask-v2.0,9,2025-06-25 23:37:50 (Pacific Daylight Time),"Mozilla/5.0 (iPhone; CPU iPhone OS 18_5 like Mac OS X) AppleWebKit/605.1.15 (KHTML, like Gecko) Version/18.5 Mobile/15E148 Safari/604.1",952a31b2-8818-4893-8e11-f2f094e47e8b,10,896,414,eng,2.0,2.0,2025-06-25 23:38:15 (Pacific Daylight Time),24535,compatible,left,TestingProc,True,left,left,427.0,left,blue,0.0,adolescent,2025-06-16,test,
projectseed-simon-production,SimonTask-v2.0,9,2025-06-25 23:37:50 (Pacific Daylight Time),"Mozilla/5.0 (iPhone; CPU iPhone OS 18_5 like Mac OS X) AppleWebKit/605.1.15 (KHTML, like Gecko) Version/18.5 Mobile/15E148 Safari/604.1",952a31b2-8818-4893-8e11-f2f094e47e8b,10,896,414,eng,3.0,3.0,2025-06-25 23:38:16 (Pacific Daylight Time),26154,compatible,right,TestingProc,True,right,right,311.0,right,red,1.0,adolescent,2025-06-16,test,
projectseed-simon-production,SimonTask-v2.0,9,2025-06-25 23:37:50 (Pacific Daylight Time),"Mozilla/5.0 (iPhone; CPU iPhone OS 18_5 like Mac OS X) AppleWebKit/605.1.15 (KHTML, like Gecko) Version/18.5 Mobile/15E148 Safari/604.1",952a31b2-8818-4893-8e11-f2f094e47e8b,10,896,414,eng,4.0,4.0,2025-06-25 23:38:18 (Pacific Daylight Time),27852,compatible,left,TestingProc,True,left,left,392.0,left,blue,1.000000000003638,adolescent,2025-06-16,test,
projectseed-simon-production,SimonTask-v2.0,9,2025-06-25 23:37:50 (Pacific Daylight Time),"Mozilla/5.0 (iPhone; CPU iPhone OS 18_5 like Mac OS X) AppleWebKit/605.1.15 (KHTML, like Gecko) Version/18.5 Mobile/15E148 Safari/604.1",952a31b2-8818-4893-8e11-f2f094e47e8b,10,896,414,eng,5.0,5.0,2025-06-25 23:38:20 (Pacific Daylight Time),29569,compatible,left,TestingProc,True,left,left,410.0,left,blue,1.0,adolescent,2025-06-16,test,
projectseed-simon-production,SimonTask-v2.0,9,2025-06-25 23:37:50 (Pacific Daylight Time),"Mozilla/5.0 (iPhone; CPU iPhone OS 18_5 like Mac OS X) AppleWebKit/605.1.15 (KHTML, like Gecko) Version/18.5 Mobile/15E148 Safari/604.1",952a31b2-8818-4893-8e11-f2f094e47e8b,10,896,414,eng,6.0,6.0,2025-06-25 23:38:21 (Pacific Daylight Time),31253,incompatible,left,TestingProc,False,left,right,376.0,right,blue,1.0,adolescent,2025-06-16,test,
projectseed-simon-production,SimonTask-v2.0,9,2025-06-25 23:37:50 (Pacific Daylight Time),"Mozilla/5.0 (iPhone; CPU iPhone OS 18_5 like Mac OS X) AppleWebKit/605.1.15 (KHTML, like Gecko) Version/18.5 Mobile/15E148 Safari/604.1",952a31b2-8818-4893-8e11-f2f094e47e8b,10,896,414,eng,7.0,7.0,2025-06-25 23:38:23 (Pacific Daylight Time),33136,incompatible,left,TestingProc,True,left,left,576.0,right,blue,1.0,adolescent,2025-06-16,test,
projectseed-simon-production,SimonTask-v2.0,9,2025-06-25 23:37:50 (Pacific Daylight Time),"Mozilla/5.0 (iPhone; CPU iPhone OS 18_5 like Mac OS X) AppleWebKit/605.1.15 (KHTML, like Gecko) Version/18.5 Mobile/15E148 Safari/604.1",952a31b2-8818-4893-8e11-f2f094e47e8b,10,896,414,eng,8.0,8.0,2025-06-25 23:38:25 (Pacific Daylight Time),34936,incompatible,right,TestingProc,True,right,right,493.0,left,red,0.999999999992724,adolescent,2025-06-16,test,
projectseed-simon-production,SimonTask-v2.0,9,2025-06-25 23:37:50 (Pacific Daylight Time),"Mozilla/5.0 (iPhone; CPU iPhone OS 18_5 like Mac OS X) AppleWebKit/605.1.15 (KHTML, like Gecko) Version/18.5 Mobile/15E148 Safari/604.1",952a31b2-8818-4893-8e11-f2f094e47e8b,10,896,414,eng,9.0,9.0,2025-06-25 23:38:27 (Pacific Daylight Time),36803,incompatible,left,TestingProc,True,left,left,560.0,right,blue,1.0,adolescent,2025-06-16,test,
projectseed-simon-production,SimonTask-v2.0,9,2025-06-25 23:37:50 (Pacific Daylight Time),"Mozilla/5.0 (iPhone; CPU iPhone OS 18_5 like Mac OS X) AppleWebKit/605.1.15 (KHTML, like Gecko) Version/18.5 Mobile/15E148 Safari/604.1",952a31b2-8818-4893-8e11-f2f094e47e8b,10,896,414,eng,10.0,10.0,2025-06-25 23:38:29 (Pacific Daylight Time),38603,incompatible,left,TestingProc,True,left,left,493.0,right,blue,1.0,adolescent,2025-06-16,test,
projectseed-simon-production,SimonTask-v2.0,9,2025-06-25 23:37:50 (Pacific Daylight Time),"Mozilla/5.0 (iPhone; CPU iPhone OS 18_5 like Mac OS X) AppleWebKit/605.1.15 (KHTML, like Gecko) Version/18.5 Mobile/15E148 Safari/604.1",952a31b2-8818-4893-8e11-f2f094e47e8b,10,896,414,eng,11.0,11.0,2025-06-25 23:38:30 (Pacific Daylight Time),40420,incompatible,left,TestingProc,True,left,left,510.0,right,blue,0.0,adolescent,2025-06-16,test,
projectseed-simon-production,SimonTask-v2.0,9,2025-06-25 23:37:50 (Pacific Daylight Time),"Mozilla/5.0 (iPhone; CPU iPhone OS 18_5 like Mac OS X) AppleWebKit/605.1.15 (KHTML, like Gecko) Version/18.5 Mobile/15E148 Safari/604.1",952a31b2-8818-4893-8e11-f2f094e47e8b,10,896,414,eng,12.0,12.0,2025-06-25 23:38:32 (Pacific Daylight Time),42236,incompatible,right,TestingProc,True,right,right,510.0,left,red,1.0,adolescent,2025-06-16,test,
projectseed-simon-production,SimonTask-v2.0,9,2025-06-25 23:37:50 (Pacific Daylight Time),"Mozilla/5.0 (iPhone; CPU iPhone OS 18_5 like Mac OS X) AppleWebKit/605.1.15 (KHTML, like Gecko) Version/18.5 Mobile/15E148 Safari/604.1",952a31b2-8818-4893-8e11-f2f094e47e8b,10,896,414,eng,13.0,13.0,2025-06-25 23:38:34 (Pacific Daylight Time),44037,compatible,left,TestingProc,True,left,left,494.0,left,blue,1.0,adolescent,2025-06-16,test,
projectseed-simon-production,SimonTask-v2.0,9,2025-06-25 23:37:50 (Pacific Daylight Time),"Mozilla/5.0 (iPhone; CPU iPhone OS 18_5 like Mac OS X) AppleWebKit/605.1.15 (KHTML, like Gecko) Version/18.5 Mobile/15E148 Safari/604.1",952a31b2-8818-4893-8e11-f2f094e47e8b,10,896,414,eng,14.0,14.0,2025-06-25 23:38:36 (Pacific Daylight Time),45937,incompatible,right,TestingProc,True,right,right,593.0,left,red,1.0,adolescent,2025-06-16,test,
projectseed-simon-production,SimonTask-v2.0,9,2025-06-25 23:37:50 (Pacific Daylight Time),"Mozilla/5.0 (iPhone; CPU iPhone OS 18_5 like Mac OS X) AppleWebKit/605.1.15 (KHTML, like Gecko) Version/18.5 Mobile/15E148 Safari/604.1",952a31b2-8818-4893-8e11-f2f094e47e8b,10,896,414,eng,15.0,15.0,2025-06-25 23:38:38 (Pacific Daylight Time),47737,incompatible,left,TestingProc,True,left,left,493.0,right,blue,1.0,adolescent,2025-06-16,test,
projectseed-simon-production,SimonTask-v2.0,9,2025-06-25 23:37:50 (Pacific Daylight Time),"Mozilla/5.0 (iPhone; CPU iPhone OS 18_5 like Mac OS X) AppleWebKit/605.1.15 (KHTML, like Gecko) Version/18.5 Mobile/15E148 Safari/604.1",952a31b2-8818-4893-8e11-f2f094e47e8b,10,896,414,eng,16.0,16.0,2025-06-25 23:38:40 (Pacific Daylight Time),49587,compatible,left,TestingProc,True,left,left,545.0,left,blue,0.0,adolescent,2025-06-16,test,
projectseed-simon-production,SimonTask-v2.0,9,2025-06-25 23:37:50 (Pacific Daylight Time),"Mozilla/5.0 (iPhone; CPU iPhone OS 18_5 like Mac OS X) AppleWebKit/605.1.15 (KHTML, like Gecko) Version/18.5 Mobile/15E148 Safari/604.1",952a31b2-8818-4893-8e11-f2f094e47e8b,10,896,414,eng,17.0,17.0,2025-06-25 23:38:41 (Pacific Daylight Time),51437,compatible,right,TestingProc,True,right,right,544.0,right,red,0.999999999992724,adolescent,2025-06-16,test,
projectseed-simon-production,SimonTask-v2.0,9,2025-06-25 23:37:50 (Pacific Daylight Time),"Mozilla/5.0 (iPhone; CPU iPhone OS 18_5 like Mac OS X) AppleWebKit/605.1.15 (KHTML, like Gecko) Version/18.5 Mobile/15E148 Safari/604.1",952a31b2-8818-4893-8e11-f2f094e47e8b,10,896,414,eng,18.0,18.0,2025-06-25 23:38:43 (Pacific Daylight Time),53254,compatible,right,TestingProc,True,right,right,509.0,right,red,1.0,adolescent,2025-06-16,test,
projectseed-simon-production,SimonTask-v2.0,9,2025-06-25 23:37:50 (Pacific Daylight Time),"Mozilla/5.0 (iPhone; CPU iPhone OS 18_5 like Mac OS X) AppleWebKit/605.1.15 (KHTML, like Gecko) Version/18.5 Mobile/15E148 Safari/604.1",952a31b2-8818-4893-8e11-f2f094e47e8b,10,896,414,eng,19.0,19.0,2025-06-25 23:38:45 (Pacific Daylight Time),55121,compatible,left,TestingProc,True,left,left,560.0,left,blue,1.0,adolescent,2025-06-16,test,
projectseed-simon-production,SimonTask-v2.0,9,2025-06-25 23:37:50 (Pacific Daylight Time),"Mozilla/5.0 (iPhone; CPU iPhone OS 18_5 like Mac OS X) AppleWebKit/605.1.15 (KHTML, like Gecko) Version/18.5 Mobile/15E148 Safari/604.1",952a31b2-8818-4893-8e11-f2f094e47e8b,10,896,414,eng,20.0,20.0,2025-06-25 23:38:47 (Pacific Daylight Time),57037,incompatible,right,TestingProc,True,right,right,611.0,left,red,1.0,adolescent,2025-06-16,test,
projectseed-simon-production,SimonTask-v2.0,9,2025-06-25 23:37:50 (Pacific Daylight Time),"Mozilla/5.0 (iPhone; CPU iPhone OS 18_5 like Mac OS X) AppleWebKit/605.1.15 (KHTML, like Gecko) Version/18.5 Mobile/15E148 Safari/604.1",952a31b2-8818-4893-8e11-f2f094e47e8b,10,896,414,eng,21.0,21.0,2025-06-25 23:38:49 (Pacific Daylight Time),59088,incompatible,left,TestingProc,True,left,left,744.0,right,blue,0.0,adolescent,2025-06-16,test,
projectseed-simon-production,SimonTask-v2.0,9,2025-06-25 23:37:50 (Pacific Daylight Time),"Mozilla/5.0 (iPhone; CPU iPhone OS 18_5 like Mac OS X) AppleWebKit/605.1.15 (KHTML, like Gecko) Version/18.5 Mobile/15E148 Safari/604.1",952a31b2-8818-4893-8e11-f2f094e47e8b,10,896,414,eng,22.0,22.0,2025-06-25 23:38:51 (Pacific Daylight Time),61021,compatible,left,TestingProc,True,left,left,628.0,left,blue,0.0,adolescent,2025-06-16,test,
projectseed-simon-production,SimonTask-v2.0,9,2025-06-25 23:37:50 (Pacific Daylight Time),"Mozilla/5.0 (iPhone; CPU iPhone OS 18_5 like Mac OS X) AppleWebKit/605.1.15 (KHTML, like Gecko) Version/18.5 Mobile/15E148 Safari/604.1",952a31b2-8818-4893-8e11-f2f094e47e8b,10,896,414,eng,23.0,23.0,2025-06-25 23:38:53 (Pacific Daylight Time),62841,incompatible,left,TestingProc,True,left,left,514.0,right,blue,0.0,adolescent,2025-06-16,test,
projectseed-simon-production,SimonTask-v2.0,9,2025-06-25 23:37:50 (Pacific Daylight Time),"Mozilla/5.0 (iPhone; CPU iPhone OS 18_5 like Mac OS X) AppleWebKit/605.1.15 (KHTML, like Gecko) Version/18.5 Mobile/15E148 Safari/604.1",952a31b2-8818-4893-8e11-f2f094e47e8b,10,896,414,eng,24.0,24.0,2025-06-25 23:38:55 (Pacific Daylight Time),64671,incompatible,right,TestingProc,True,right,right,524.0,left,red,0.0,adolescent,2025-06-16,test,
projectseed-simon-production,SimonTask-v2.0,9,2025-06-25 23:37:50 (Pacific Daylight Time),"Mozilla/5.0 (iPhone; CPU iPhone OS 18_5 like Mac OS X) AppleWebKit/605.1.15 (KHTML, like Gecko) Version/18.5 Mobile/15E148 Safari/604.1",952a31b2-8818-4893-8e11-f2f094e47e8b,10,896,414,eng,25.0,25.0,2025-06-25 23:38:56 (Pacific Daylight Time),66488,compatible,right,TestingProc,True,right,right,511.0,right,red,0.0,adolescent,2025-06-16,test,
projectseed-simon-production,SimonTask-v2.0,9,2025-06-25 23:37:50 (Pacific Daylight Time),"Mozilla/5.0 (iPhone; CPU iPhone OS 18_5 like Mac OS X) AppleWebKit/605.1.15 (KHTML, like Gecko) Version/18.5 Mobile/15E148 Safari/604.1",952a31b2-8818-4893-8e11-f2f094e47e8b,10,896,414,eng,26.0,26.0,2025-06-25 23:38:59 (Pacific Daylight Time),68796,compatible,left,TestingProc,False,left,none,-999.0,left,blue,0.0,adolescent,2025-06-16,test,
projectseed-simon-production,SimonTask-v2.0,9,2025-06-25 23:37:50 (Pacific Daylight Time),"Mozilla/5.0 (iPhone; CPU iPhone OS 18_5 like Mac OS X) AppleWebKit/605.1.15 (KHTML, like Gecko) Version/18.5 Mobile/15E148 Safari/604.1",952a31b2-8818-4893-8e11-f2f094e47e8b,10,896,414,eng,27.0,27.0,2025-06-25 23:39:02 (Pacific Daylight Time),72496,incompatible,left,TestingProc,False,left,none,-999.0,right,blue,1.0,adolescent,2025-06-16,test,
projectseed-simon-production,SimonTask-v2.0,9,2025-06-25 23:37:50 (Pacific Daylight Time),"Mozilla/5.0 (iPhone; CPU iPhone OS 18_5 like Mac OS X) AppleWebKit/605.1.15 (KHTML, like Gecko) Version/18.5 Mobile/15E148 Safari/604.1",952a31b2-8818-4893-8e11-f2f094e47e8b,10,896,414,eng,28.0,28.0,2025-06-25 23:39:07 (Pacific Daylight Time),77322,incompatible,left,TestingProc,True,left,left,760.0,right,blue,0.9999999999854481,adolescent,2025-06-16,test,
projectseed-simon-production,SimonTask-v2.0,9,2025-06-25 23:37:50 (Pacific Daylight Time),"Mozilla/5.0 (iPhone; CPU iPhone OS 18_5 like Mac OS X) AppleWebKit/605.1.15 (KHTML, like Gecko) Version/18.5 Mobile/15E148 Safari/604.1",952a31b2-8818-4893-8e11-f2f094e47e8b,10,896,414,eng,29.0,29.0,2025-06-25 23:39:09 (Pacific Daylight Time),79239,incompatible,left,TestingProc,True,left,left,612.0,right,blue,0.0,adolescent,2025-06-16,test,
projectseed-simon-production,SimonTask-v2.0,9,2025-06-25 23:37:50 (Pacific Daylight Time),"Mozilla/5.0 (iPhone; CPU iPhone OS 18_5 like Mac OS X) AppleWebKit/605.1.15 (KHTML, like Gecko) Version/18.5 Mobile/15E148 Safari/604.1",952a31b2-8818-4893-8e11-f2f094e47e8b,10,896,414,eng,30.0,30.0,2025-06-25 23:39:11 (Pacific Daylight Time),81155,incompatible,right,TestingProc,True,right,right,609.0,left,red,1.000000000014552,adolescent,2025-06-16,test,
projectseed-simon-production,SimonTask-v2.0,9,2025-06-25 23:37:50 (Pacific Daylight Time),"Mozilla/5.0 (iPhone; CPU iPhone OS 18_5 like Mac OS X) AppleWebKit/605.1.15 (KHTML, like Gecko) Version/18.5 Mobile/15E148 Safari/604.1",952a31b2-8818-4893-8e11-f2f094e47e8b,10,896,414,eng,31.0,31.0,2025-06-25 23:39:13 (Pacific Daylight Time),83022,compatible,left,TestingProc,True,left,left,561.0,left,blue,0.0,adolescent,2025-06-16,test,
projectseed-simon-production,SimonTask-v2.0,9,2025-06-25 23:37:50 (Pacific Daylight Time),"Mozilla/5.0 (iPhone; CPU iPhone OS 18_5 like Mac OS X) AppleWebKit/605.1.15 (KHTML, like Gecko) Version/18.5 Mobile/15E148 Safari/604.1",952a31b2-8818-4893-8e11-f2f094e47e8b,10,896,414,eng,32.0,32.0,2025-06-25 23:39:15 (Pacific Daylight Time),85139,compatible,right,TestingProc,True,right,right,811.0,right,red,0.0,adolescent,2025-06-16,test,
projectseed-simon-production,SimonTask-v2.0,9,2025-06-29 04:02:31 (Pacific Daylight Time),"Mozilla/5.0 (iPhone; CPU iPhone OS 18_5 like Mac OS X) AppleWebKit/605.1.15 (KHTML, like Gecko) Version/18.5 Mobile/15E148 Safari/604.1",7408d8ff-a8f8-4fad-8dc2-d249bf86dc32,13,896,414,eng,-999.0,1.0,2025-06-29 04:02:37 (Pacific Daylight Time),6227,compatible,left,TrainingList,True,left,left,624.0,left,blue,1.9999999999990905,adolescent,2025-06-16,training,
projectseed-simon-production,SimonTask-v2.0,9,2025-06-29 04:02:31 (Pacific Daylight Time),"Mozilla/5.0 (iPhone; CPU iPhone OS 18_5 like Mac OS X) AppleWebKit/605.1.15 (KHTML, like Gecko) Version/18.5 Mobile/15E148 Safari/604.1",7408d8ff-a8f8-4fad-8dc2-d249bf86dc32,13,896,414,eng,-999.0,2.0,2025-06-29 04:02:40 (Pacific Daylight Time),9590,compatible,left,TrainingList,True,left,left,508.0,left,blue,1.0,adolescent,2025-06-16,training,
projectseed-simon-production,SimonTask-v2.0,9,2025-06-29 04:02:31 (Pacific Daylight Time),"Mozilla/5.0 (iPhone; CPU iPhone OS 18_5 like Mac OS X) AppleWebKit/605.1.15 (KHTML, like Gecko) Version/18.5 Mobile/15E148 Safari/604.1",7408d8ff-a8f8-4fad-8dc2-d249bf86dc32,13,896,414,eng,-999.0,3.0,2025-06-29 04:02:43 (Pacific Daylight Time),12707,compatible,left,TrainingList,True,left,left,492.0,left,blue,1.0,adolescent,2025-06-16,training,
projectseed-simon-production,SimonTask-v2.0,9,2025-06-29 04:02:31 (Pacific Daylight Time),"Mozilla/5.0 (iPhone; CPU iPhone OS 18_5 like Mac OS X) AppleWebKit/605.1.15 (KHTML, like Gecko) Version/18.5 Mobile/15E148 Safari/604.1",7408d8ff-a8f8-4fad-8dc2-d249bf86dc32,13,896,414,eng,-999.0,4.0,2025-06-29 04:02:47 (Pacific Daylight Time),16224,incompatible,left,TrainingList,True,left,left,927.0,right,blue,1.0,adolescent,2025-06-16,training,
projectseed-simon-production,SimonTask-v2.0,9,2025-06-29 04:02:31 (Pacific Daylight Time),"Mozilla/5.0 (iPhone; CPU iPhone OS 18_5 like Mac OS X) AppleWebKit/605.1.15 (KHTML, like Gecko) Version/18.5 Mobile/15E148 Safari/604.1",7408d8ff-a8f8-4fad-8dc2-d249bf86dc32,13,896,414,eng,1.0,1.0,2025-06-29 04:02:51 (Pacific Daylight Time),20807,incompatible,right,TestingProc,True,right,right,593.0,left,red,1.0,adolescent,2025-06-16,test,
projectseed-simon-production,SimonTask-v2.0,9,2025-06-29 04:02:31 (Pacific Daylight Time),"Mozilla/5.0 (iPhone; CPU iPhone OS 18_5 like Mac OS X) AppleWebKit/605.1.15 (KHTML, like Gecko) Version/18.5 Mobile/15E148 Safari/604.1",7408d8ff-a8f8-4fad-8dc2-d249bf86dc32,13,896,414,eng,2.0,2.0,2025-06-29 04:02:53 (Pacific Daylight Time),22626,compatible,right,TestingProc,True,right,right,512.0,right,red,0.999999999996362,adolescent,2025-06-16,test,
projectseed-simon-production,SimonTask-v2.0,9,2025-06-29 04:02:31 (Pacific Daylight Time),"Mozilla/5.0 (iPhone; CPU iPhone OS 18_5 like Mac OS X) AppleWebKit/605.1.15 (KHTML, like Gecko) Version/18.5 Mobile/15E148 Safari/604.1",7408d8ff-a8f8-4fad-8dc2-d249bf86dc32,13,896,414,eng,3.0,3.0,2025-06-29 04:02:55 (Pacific Daylight Time),24425,compatible,right,TestingProc,True,right,right,492.0,right,red,1.0,adolescent,2025-06-16,test,
projectseed-simon-production,SimonTask-v2.0,9,2025-06-29 04:02:31 (Pacific Daylight Time),"Mozilla/5.0 (iPhone; CPU iPhone OS 18_5 like Mac OS X) AppleWebKit/605.1.15 (KHTML, like Gecko) Version/18.5 Mobile/15E148 Safari/604.1",7408d8ff-a8f8-4fad-8dc2-d249bf86dc32,13,896,414,eng,4.0,4.0,2025-06-29 04:02:57 (Pacific Daylight Time),26175,compatible,left,TestingProc,True,left,left,443.0,left,blue,0.0,adolescent,2025-06-16,test,
projectseed-simon-production,SimonTask-v2.0,9,2025-06-29 04:02:31 (Pacific Daylight Time),"Mozilla/5.0 (iPhone; CPU iPhone OS 18_5 like Mac OS X) AppleWebKit/605.1.15 (KHTML, like Gecko) Version/18.5 Mobile/15E148 Safari/604.1",7408d8ff-a8f8-4fad-8dc2-d249bf86dc32,13,896,414,eng,5.0,5.0,2025-06-29 04:02:59 (Pacific Daylight Time),27959,incompatible,left,TestingProc,True,left,left,476.0,right,blue,0.999999999996362,adolescent,2025-06-16,test,
projectseed-simon-production,SimonTask-v2.0,9,2025-06-29 04:02:31 (Pacific Daylight Time),"Mozilla/5.0 (iPhone; CPU iPhone OS 18_5 like Mac OS X) AppleWebKit/605.1.15 (KHTML, like Gecko) Version/18.5 Mobile/15E148 Safari/604.1",7408d8ff-a8f8-4fad-8dc2-d249bf86dc32,13,896,414,eng,6.0,6.0,2025-06-29 04:03:00 (Pacific Daylight Time),29823,compatible,right,TestingProc,True,right,right,559.0,right,red,1.000000000003638,adolescent,2025-06-16,test,
projectseed-simon-production,SimonTask-v2.0,9,2025-06-29 04:02:31 (Pacific Daylight Time),"Mozilla/5.0 (iPhone; CPU iPhone OS 18_5 like Mac OS X) AppleWebKit/605.1.15 (KHTML, like Gecko) Version/18.5 Mobile/15E148 Safari/604.1",7408d8ff-a8f8-4fad-8dc2-d249bf86dc32,13,896,414,eng,7.0,7.0,2025-06-29 04:03:02 (Pacific Daylight Time),31591,compatible,right,TestingProc,True,right,right,461.0,right,red,1.0,adolescent,2025-06-16,test,
projectseed-simon-production,SimonTask-v2.0,9,2025-06-29 04:02:31 (Pacific Daylight Time),"Mozilla/5.0 (iPhone; CPU iPhone OS 18_5 like Mac OS X) AppleWebKit/605.1.15 (KHTML, like Gecko) Version/18.5 Mobile/15E148 Safari/604.1",7408d8ff-a8f8-4fad-8dc2-d249bf86dc32,13,896,414,eng,8.0,8.0,2025-06-29 04:03:04 (Pacific Daylight Time),33308,compatible,right,TestingProc,True,right,right,410.0,right,red,1.0,adolescent,2025-06-16,test,
projectseed-simon-production,SimonTask-v2.0,9,2025-06-29 04:02:31 (Pacific Daylight Time),"Mozilla/5.0 (iPhone; CPU iPhone OS 18_5 like Mac OS X) AppleWebKit/605.1.15 (KHTML, like Gecko) Version/18.5 Mobile/15E148 Safari/604.1",7408d8ff-a8f8-4fad-8dc2-d249bf86dc32,13,896,414,eng,9.0,9.0,2025-06-29 04:03:06 (Pacific Daylight Time),35141,compatible,left,TestingProc,True,left,left,527.0,left,blue,1.0,adolescent,2025-06-16,test,
projectseed-simon-production,SimonTask-v2.0,9,2025-06-29 04:02:31 (Pacific Daylight Time),"Mozilla/5.0 (iPhone; CPU iPhone OS 18_5 like Mac OS X) AppleWebKit/605.1.15 (KHTML, like Gecko) Version/18.5 Mobile/15E148 Safari/604.1",7408d8ff-a8f8-4fad-8dc2-d249bf86dc32,13,896,414,eng,10.0,10.0,2025-06-29 04:03:08 (Pacific Daylight Time),37125,incompatible,right,TestingProc,True,right,right,677.0,left,red,0.0,adolescent,2025-06-16,test,
projectseed-simon-production,SimonTask-v2.0,9,2025-06-29 04:02:31 (Pacific Daylight Time),"Mozilla/5.0 (iPhone; CPU iPhone OS 18_5 like Mac OS X) AppleWebKit/605.1.15 (KHTML, like Gecko) Version/18.5 Mobile/15E148 Safari/604.1",7408d8ff-a8f8-4fad-8dc2-d249bf86dc32,13,896,414,eng,11.0,11.0,2025-06-29 04:03:10 (Pacific Daylight Time),39091,incompatible,left,TestingProc,True,left,left,660.0,right,blue,1.0,adolescent,2025-06-16,test,
projectseed-simon-production,SimonTask-v2.0,9,2025-06-29 04:02:31 (Pacific Daylight Time),"Mozilla/5.0 (iPhone; CPU iPhone OS 18_5 like Mac OS X) AppleWebKit/605.1.15 (KHTML, like Gecko) Version/18.5 Mobile/15E148 Safari/604.1",7408d8ff-a8f8-4fad-8dc2-d249bf86dc32,13,896,414,eng,12.0,12.0,2025-06-29 04:03:12 (Pacific Daylight Time),40975,incompatible,right,TestingProc,True,right,right,576.0,left,red,1.0,adolescent,2025-06-16,test,
projectseed-simon-production,SimonTask-v2.0,9,2025-06-29 04:02:31 (Pacific Daylight Time),"Mozilla/5.0 (iPhone; CPU iPhone OS 18_5 like Mac OS X) AppleWebKit/605.1.15 (KHTML, like Gecko) Version/18.5 Mobile/15E148 Safari/604.1",7408d8ff-a8f8-4fad-8dc2-d249bf86dc32,13,896,414,eng,13.0,13.0,2025-06-29 04:03:13 (Pacific Daylight Time),42808,compatible,left,TestingProc,True,left,left,529.0,left,blue,0.0,adolescent,2025-06-16,test,
projectseed-simon-production,SimonTask-v2.0,9,2025-06-29 04:02:31 (Pacific Daylight Time),"Mozilla/5.0 (iPhone; CPU iPhone OS 18_5 like Mac OS X) AppleWebKit/605.1.15 (KHTML, like Gecko) Version/18.5 Mobile/15E148 Safari/604.1",7408d8ff-a8f8-4fad-8dc2-d249bf86dc32,13,896,414,eng,14.0,14.0,2025-06-29 04:03:15 (Pacific Daylight Time),44659,compatible,left,TestingProc,True,left,left,544.0,left,blue,0.0,adolescent,2025-06-16,test,
projectseed-simon-production,SimonTask-v2.0,9,2025-06-29 04:02:31 (Pacific Daylight Time),"Mozilla/5.0 (iPhone; CPU iPhone OS 18_5 like Mac OS X) AppleWebKit/605.1.15 (KHTML, like Gecko) Version/18.5 Mobile/15E148 Safari/604.1",7408d8ff-a8f8-4fad-8dc2-d249bf86dc32,13,896,414,eng,15.0,15.0,2025-06-29 04:03:17 (Pacific Daylight Time),46443,compatible,right,TestingProc,True,right,right,477.0,right,red,1.0,adolescent,2025-06-16,test,
projectseed-simon-production,SimonTask-v2.0,9,2025-06-29 04:02:31 (Pacific Daylight Time),"Mozilla/5.0 (iPhone; CPU iPhone OS 18_5 like Mac OS X) AppleWebKit/605.1.15 (KHTML, like Gecko) Version/18.5 Mobile/15E148 Safari/604.1",7408d8ff-a8f8-4fad-8dc2-d249bf86dc32,13,896,414,eng,16.0,16.0,2025-06-29 04:03:19 (Pacific Daylight Time),48358,compatible,left,TestingProc,True,left,left,610.0,left,blue,0.0,adolescent,2025-06-16,test,
projectseed-simon-production,SimonTask-v2.0,9,2025-06-29 04:02:31 (Pacific Daylight Time),"Mozilla/5.0 (iPhone; CPU iPhone OS 18_5 like Mac OS X) AppleWebKit/605.1.15 (KHTML, like Gecko) Version/18.5 Mobile/15E148 Safari/604.1",7408d8ff-a8f8-4fad-8dc2-d249bf86dc32,13,896,414,eng,17.0,17.0,2025-06-29 04:03:21 (Pacific Daylight Time),50208,incompatible,left,TestingProc,True,left,left,543.0,right,blue,1.0,adolescent,2025-06-16,test,
projectseed-simon-production,SimonTask-v2.0,9,2025-06-29 04:02:31 (Pacific Daylight Time),"Mozilla/5.0 (iPhone; CPU iPhone OS 18_5 like Mac OS X) AppleWebKit/605.1.15 (KHTML, like Gecko) Version/18.5 Mobile/15E148 Safari/604.1",7408d8ff-a8f8-4fad-8dc2-d249bf86dc32,13,896,414,eng,18.0,18.0,2025-06-29 04:03:23 (Pacific Daylight Time),52009,compatible,right,TestingProc,True,right,right,493.0,right,red,1.000000000007276,adolescent,2025-06-16,test,
projectseed-simon-production,SimonTask-v2.0,9,2025-06-29 04:02:31 (Pacific Daylight Time),"Mozilla/5.0 (iPhone; CPU iPhone OS 18_5 like Mac OS X) AppleWebKit/605.1.15 (KHTML, like Gecko) Version/18.5 Mobile/15E148 Safari/604.1",7408d8ff-a8f8-4fad-8dc2-d249bf86dc32,13,896,414,eng,19.0,19.0,2025-06-29 04:03:24 (Pacific Daylight Time),53892,incompatible,right,TestingProc,True,right,right,577.0,left,red,0.999999999992724,adolescent,2025-06-16,test,
projectseed-simon-production,SimonTask-v2.0,9,2025-06-29 04:02:31 (Pacific Daylight Time),"Mozilla/5.0 (iPhone; CPU iPhone OS 18_5 like Mac OS X) AppleWebKit/605.1.15 (KHTML, like Gecko) Version/18.5 Mobile/15E148 Safari/604.1",7408d8ff-a8f8-4fad-8dc2-d249bf86dc32,13,896,414,eng,20.0,20.0,2025-06-29 04:03:26 (Pacific Daylight Time),55709,incompatible,right,TestingProc,True,right,right,512.0,left,red,1.0,adolescent,2025-06-16,test,
projectseed-simon-production,SimonTask-v2.0,9,2025-06-29 04:02:31 (Pacific Daylight Time),"Mozilla/5.0 (iPhone; CPU iPhone OS 18_5 like Mac OS X) AppleWebKit/605.1.15 (KHTML, like Gecko) Version/18.5 Mobile/15E148 Safari/604.1",7408d8ff-a8f8-4fad-8dc2-d249bf86dc32,13,896,414,eng,21.0,21.0,2025-06-29 04:03:28 (Pacific Daylight Time),57560,incompatible,right,TestingProc,True,right,right,544.0,left,red,1.000000000007276,adolescent,2025-06-16,test,
projectseed-simon-production,SimonTask-v2.0,9,2025-06-29 04:02:31 (Pacific Daylight Time),"Mozilla/5.0 (iPhone; CPU iPhone OS 18_5 like Mac OS X) AppleWebKit/605.1.15 (KHTML, like Gecko) Version/18.5 Mobile/15E148 Safari/604.1",7408d8ff-a8f8-4fad-8dc2-d249bf86dc32,13,896,414,eng,22.0,22.0,2025-06-29 04:03:30 (Pacific Daylight Time),59492,incompatible,left,TestingProc,True,left,left,626.0,right,blue,1.0,adolescent,2025-06-16,test,
projectseed-simon-production,SimonTask-v2.0,9,2025-06-29 04:02:31 (Pacific Daylight Time),"Mozilla/5.0 (iPhone; CPU iPhone OS 18_5 like Mac OS X) AppleWebKit/605.1.15 (KHTML, like Gecko) Version/18.5 Mobile/15E148 Safari/604.1",7408d8ff-a8f8-4fad-8dc2-d249bf86dc32,13,896,414,eng,23.0,23.0,2025-06-29 04:03:32 (Pacific Daylight Time),61408,incompatible,left,TestingProc,True,left,left,609.0,right,blue,1.0,adolescent,2025-06-16,test,
projectseed-simon-production,SimonTask-v2.0,9,2025-06-29 04:02:31 (Pacific Daylight Time),"Mozilla/5.0 (iPhone; CPU iPhone OS 18_5 like Mac OS X) AppleWebKit/605.1.15 (KHTML, like Gecko) Version/18.5 Mobile/15E148 Safari/604.1",7408d8ff-a8f8-4fad-8dc2-d249bf86dc32,13,896,414,eng,24.0,24.0,2025-06-29 04:03:34 (Pacific Daylight Time),63315,incompatible,left,TestingProc,True,left,left,600.0,right,blue,1.0,adolescent,2025-06-16,test,
projectseed-simon-production,SimonTask-v2.0,9,2025-06-29 04:02:31 (Pacific Daylight Time),"Mozilla/5.0 (iPhone; CPU iPhone OS 18_5 like Mac OS X) AppleWebKit/605.1.15 (KHTML, like Gecko) Version/18.5 Mobile/15E148 Safari/604.1",7408d8ff-a8f8-4fad-8dc2-d249bf86dc32,13,896,414,eng,25.0,25.0,2025-06-29 04:03:36 (Pacific Daylight Time),65194,incompatible,left,TestingProc,True,left,left,573.0,right,blue,0.0,adolescent,2025-06-16,test,
projectseed-simon-production,SimonTask-v2.0,9,2025-06-29 04:02:31 (Pacific Daylight Time),"Mozilla/5.0 (iPhone; CPU iPhone OS 18_5 like Mac OS X) AppleWebKit/605.1.15 (KHTML, like Gecko) Version/18.5 Mobile/15E148 Safari/604.1",7408d8ff-a8f8-4fad-8dc2-d249bf86dc32,13,896,414,eng,26.0,26.0,2025-06-29 04:03:38 (Pacific Daylight Time),67144,incompatible,left,TestingProc,True,left,left,643.0,right,blue,1.0,adolescent,2025-06-16,test,
projectseed-simon-production,SimonTask-v2.0,9,2025-06-29 04:02:31 (Pacific Daylight Time),"Mozilla/5.0 (iPhone; CPU iPhone OS 18_5 like Mac OS X) AppleWebKit/605.1.15 (KHTML, like Gecko) Version/18.5 Mobile/15E148 Safari/604.1",7408d8ff-a8f8-4fad-8dc2-d249bf86dc32,13,896,414,eng,27.0,27.0,2025-06-29 04:03:40 (Pacific Daylight Time),69042,incompatible,right,TestingProc,True,right,right,592.0,left,red,1.0,adolescent,2025-06-16,test,
projectseed-simon-production,SimonTask-v2.0,9,2025-06-29 04:02:31 (Pacific Daylight Time),"Mozilla/5.0 (iPhone; CPU iPhone OS 18_5 like Mac OS X) AppleWebKit/605.1.15 (KHTML, like Gecko) Version/18.5 Mobile/15E148 Safari/604.1",7408d8ff-a8f8-4fad-8dc2-d249bf86dc32,13,896,414,eng,28.0,28.0,2025-06-29 04:03:42 (Pacific Daylight Time),70978,incompatible,right,TestingProc,True,right,right,629.0,left,red,1.000000000014552,adolescent,2025-06-16,test,
projectseed-simon-production,SimonTask-v2.0,9,2025-06-29 04:02:31 (Pacific Daylight Time),"Mozilla/5.0 (iPhone; CPU iPhone OS 18_5 like Mac OS X) AppleWebKit/605.1.15 (KHTML, like Gecko) Version/18.5 Mobile/15E148 Safari/604.1",7408d8ff-a8f8-4fad-8dc2-d249bf86dc32,13,896,414,eng,29.0,29.0,2025-06-29 04:03:43 (Pacific Daylight Time),72878,incompatible,right,TestingProc,True,right,right,595.0,left,red,0.0,adolescent,2025-06-16,test,
projectseed-simon-production,SimonTask-v2.0,9,2025-06-29 04:02:31 (Pacific Daylight Time),"Mozilla/5.0 (iPhone; CPU iPhone OS 18_5 like Mac OS X) AppleWebKit/605.1.15 (KHTML, like Gecko) Version/18.5 Mobile/15E148 Safari/604.1",7408d8ff-a8f8-4fad-8dc2-d249bf86dc32,13,896,414,eng,30.0,30.0,2025-06-29 04:03:45 (Pacific Daylight Time),74793,compatible,left,TestingProc,True,left,left,609.0,left,blue,0.0,adolescent,2025-06-16,test,
projectseed-simon-production,SimonTask-v2.0,9,2025-06-29 04:02:31 (Pacific Daylight Time),"Mozilla/5.0 (iPhone; CPU iPhone OS 18_5 like Mac OS X) AppleWebKit/605.1.15 (KHTML, like Gecko) Version/18.5 Mobile/15E148 Safari/604.1",7408d8ff-a8f8-4fad-8dc2-d249bf86dc32,13,896,414,eng,31.0,31.0,2025-06-29 04:03:47 (Pacific Daylight Time),76678,incompatible,right,TestingProc,True,right,right,578.0,left,red,0.9999999999854481,adolescent,2025-06-16,test,
projectseed-simon-production,SimonTask-v2.0,9,2025-06-29 04:02:31 (Pacific Daylight Time),"Mozilla/5.0 (iPhone; CPU iPhone OS 18_5 like Mac OS X) AppleWebKit/605.1.15 (KHTML, like Gecko) Version/18.5 Mobile/15E148 Safari/604.1",7408d8ff-a8f8-4fad-8dc2-d249bf86dc32,13,896,414,eng,32.0,32.0,2025-06-29 04:03:49 (Pacific Daylight Time),78561,compatible,right,TestingProc,True,right,right,576.0,right,red,1.0,adolescent,2025-06-16,test,
projectseed-simon-production,SimonTask-v2.0,10,2025-06-15 17:22:50 (Central Daylight Time),"Mozilla/5.0 (iPhone; CPU iPhone OS 18_5 like Mac OS X) AppleWebKit/605.1.15 (KHTML, like Gecko) Version/18.5 Mobile/15E148 Safari/604.1",a27bcdb3-5fbc-4311-88b2-86790af2b223,0,896,414,eng,-999.0,1.0,2025-06-15 17:23:04 (Central Daylight Time),14785,compatible,left,TrainingList,False,left,none,-999.0,left,blue,1.0,adolescent,2025-06-16,training,
projectseed-simon-production,SimonTask-v2.0,10,2025-06-15 17:22:50 (Central Daylight Time),"Mozilla/5.0 (iPhone; CPU iPhone OS 18_5 like Mac OS X) AppleWebKit/605.1.15 (KHTML, like Gecko) Version/18.5 Mobile/15E148 Safari/604.1",a27bcdb3-5fbc-4311-88b2-86790af2b223,0,896,414,eng,-999.0,2.0,2025-06-15 17:23:08 (Central Daylight Time),18293,incompatible,left,TrainingList,True,left,left,695.0,right,blue,0.0,adolescent,2025-06-16,training,
projectseed-simon-production,SimonTask-v2.0,10,2025-06-15 17:22:50 (Central Daylight Time),"Mozilla/5.0 (iPhone; CPU iPhone OS 18_5 like Mac OS X) AppleWebKit/605.1.15 (KHTML, like Gecko) Version/18.5 Mobile/15E148 Safari/604.1",a27bcdb3-5fbc-4311-88b2-86790af2b223,0,896,414,eng,-999.0,3.0,2025-06-15 17:23:11 (Central Daylight Time),21463,incompatible,right,TrainingList,True,right,right,629.0,left,red,0.0,adolescent,2025-06-16,training,
projectseed-simon-production,SimonTask-v2.0,10,2025-06-15 17:22:50 (Central Daylight Time),"Mozilla/5.0 (iPhone; CPU iPhone OS 18_5 like Mac OS X) AppleWebKit/605.1.15 (KHTML, like Gecko) Version/18.5 Mobile/15E148 Safari/604.1",a27bcdb3-5fbc-4311-88b2-86790af2b223,0,896,414,eng,-999.0,4.0,2025-06-15 17:23:14 (Central Daylight Time),24432,compatible,right,TrainingList,True,right,right,532.0,right,red,0.0,adolescent,2025-06-16,training,
projectseed-simon-production,SimonTask-v2.0,10,2025-06-15 17:22:50 (Central Daylight Time),"Mozilla/5.0 (iPhone; CPU iPhone OS 18_5 like Mac OS X) AppleWebKit/605.1.15 (KHTML, like Gecko) Version/18.5 Mobile/15E148 Safari/604.1",a27bcdb3-5fbc-4311-88b2-86790af2b223,0,896,414,eng,-999.0,5.0,2025-06-15 17:23:17 (Central Daylight Time),27651,compatible,right,TrainingList,True,right,right,544.0,right,red,1.0,adolescent,2025-06-16,training,
projectseed-simon-production,SimonTask-v2.0,10,2025-06-23 22:18:34 (Central Daylight Time),"Mozilla/5.0 (iPhone; CPU iPhone OS 18_5 like Mac OS X) AppleWebKit/605.1.15 (KHTML, like Gecko) Version/18.5 Mobile/15E148 Safari/604.1",2eab96b1-70d6-4a42-817c-7e546bf440fa,8,852,393,eng,-999.0,1.0,2025-06-23 22:18:52 (Central Daylight Time),18316,compatible,left,TrainingList,True,left,left,758.0,left,blue,2.0,adolescent,2025-06-16,training,
projectseed-simon-production,SimonTask-v2.0,10,2025-06-23 22:18:34 (Central Daylight Time),"Mozilla/5.0 (iPhone; CPU iPhone OS 18_5 like Mac OS X) AppleWebKit/605.1.15 (KHTML, like Gecko) Version/18.5 Mobile/15E148 Safari/604.1",2eab96b1-70d6-4a42-817c-7e546bf440fa,8,852,393,eng,-999.0,2.0,2025-06-23 22:18:55 (Central Daylight Time),21535,compatible,right,TrainingList,True,right,right,662.0,right,red,0.0,adolescent,2025-06-16,training,
projectseed-simon-production,SimonTask-v2.0,10,2025-06-23 22:18:34 (Central Daylight Time),"Mozilla/5.0 (iPhone; CPU iPhone OS 18_5 like Mac OS X) AppleWebKit/605.1.15 (KHTML, like Gecko) Version/18.5 Mobile/15E148 Safari/604.1",2eab96b1-70d6-4a42-817c-7e546bf440fa,8,852,393,eng,-999.0,3.0,2025-06-23 22:18:58 (Central Daylight Time),24821,compatible,left,TrainingList,True,left,left,512.0,left,blue,0.999999999996362,adolescent,2025-06-16,training,
projectseed-simon-production,SimonTask-v2.0,10,2025-06-23 22:18:34 (Central Daylight Time),"Mozilla/5.0 (iPhone; CPU iPhone OS 18_5 like Mac OS X) AppleWebKit/605.1.15 (KHTML, like Gecko) Version/18.5 Mobile/15E148 Safari/604.1",2eab96b1-70d6-4a42-817c-7e546bf440fa,8,852,393,eng,-999.0,4.0,2025-06-23 22:19:01 (Central Daylight Time),27891,compatible,left,TrainingList,True,left,left,496.0,left,blue,0.0,adolescent,2025-06-16,training,
projectseed-simon-production,SimonTask-v2.0,10,2025-06-23 22:18:34 (Central Daylight Time),"Mozilla/5.0 (iPhone; CPU iPhone OS 18_5 like Mac OS X) AppleWebKit/605.1.15 (KHTML, like Gecko) Version/18.5 Mobile/15E148 Safari/604.1",2eab96b1-70d6-4a42-817c-7e546bf440fa,8,852,393,eng,1.0,1.0,2025-06-23 22:19:06 (Central Daylight Time),32344,compatible,left,TestingProc,True,left,left,629.0,left,blue,0.999999999996362,adolescent,2025-06-16,test,
projectseed-simon-production,SimonTask-v2.0,10,2025-06-23 22:18:34 (Central Daylight Time),"Mozilla/5.0 (iPhone; CPU iPhone OS 18_5 like Mac OS X) AppleWebKit/605.1.15 (KHTML, like Gecko) Version/18.5 Mobile/15E148 Safari/604.1",2eab96b1-70d6-4a42-817c-7e546bf440fa,8,852,393,eng,2.0,2.0,2025-06-23 22:19:08 (Central Daylight Time),34395,incompatible,right,TestingProc,True,right,right,746.0,left,red,1.0,adolescent,2025-06-16,test,
projectseed-simon-production,SimonTask-v2.0,10,2025-06-23 22:18:34 (Central Daylight Time),"Mozilla/5.0 (iPhone; CPU iPhone OS 18_5 like Mac OS X) AppleWebKit/605.1.15 (KHTML, like Gecko) Version/18.5 Mobile/15E148 Safari/604.1",2eab96b1-70d6-4a42-817c-7e546bf440fa,8,852,393,eng,3.0,3.0,2025-06-23 22:19:10 (Central Daylight Time),36413,incompatible,right,TestingProc,True,right,right,712.0,left,red,1.0,adolescent,2025-06-16,test,
projectseed-simon-production,SimonTask-v2.0,10,2025-06-23 22:18:34 (Central Daylight Time),"Mozilla/5.0 (iPhone; CPU iPhone OS 18_5 like Mac OS X) AppleWebKit/605.1.15 (KHTML, like Gecko) Version/18.5 Mobile/15E148 Safari/604.1",2eab96b1-70d6-4a42-817c-7e546bf440fa,8,852,393,eng,4.0,4.0,2025-06-23 22:19:12 (Central Daylight Time),38380,compatible,right,TestingProc,True,right,right,661.0,right,red,1.0,adolescent,2025-06-16,test,
projectseed-simon-production,SimonTask-v2.0,10,2025-06-23 22:18:34 (Central Daylight Time),"Mozilla/5.0 (iPhone; CPU iPhone OS 18_5 like Mac OS X) AppleWebKit/605.1.15 (KHTML, like Gecko) Version/18.5 Mobile/15E148 Safari/604.1",2eab96b1-70d6-4a42-817c-7e546bf440fa,8,852,393,eng,5.0,5.0,2025-06-23 22:19:14 (Central Daylight Time),40400,incompatible,left,TestingProc,True,left,left,713.0,right,blue,1.0,adolescent,2025-06-16,test,
projectseed-simon-production,SimonTask-v2.0,10,2025-06-23 22:18:34 (Central Daylight Time),"Mozilla/5.0 (iPhone; CPU iPhone OS 18_5 like Mac OS X) AppleWebKit/605.1.15 (KHTML, like Gecko) Version/18.5 Mobile/15E148 Safari/604.1",2eab96b1-70d6-4a42-817c-7e546bf440fa,8,852,393,eng,6.0,6.0,2025-06-23 22:19:16 (Central Daylight Time),42402,compatible,right,TestingProc,True,right,right,697.0,right,red,1.0,adolescent,2025-06-16,test,
projectseed-simon-production,SimonTask-v2.0,10,2025-06-23 22:18:34 (Central Daylight Time),"Mozilla/5.0 (iPhone; CPU iPhone OS 18_5 like Mac OS X) AppleWebKit/605.1.15 (KHTML, like Gecko) Version/18.5 Mobile/15E148 Safari/604.1",2eab96b1-70d6-4a42-817c-7e546bf440fa,8,852,393,eng,7.0,7.0,2025-06-23 22:19:18 (Central Daylight Time),44402,incompatible,right,TestingProc,True,right,right,694.0,left,red,1.0,adolescent,2025-06-16,test,
projectseed-simon-production,SimonTask-v2.0,10,2025-06-23 22:18:34 (Central Daylight Time),"Mozilla/5.0 (iPhone; CPU iPhone OS 18_5 like Mac OS X) AppleWebKit/605.1.15 (KHTML, like Gecko) Version/18.5 Mobile/15E148 Safari/604.1",2eab96b1-70d6-4a42-817c-7e546bf440fa,8,852,393,eng,8.0,8.0,2025-06-23 22:19:20 (Central Daylight Time),46588,incompatible,left,TestingProc,True,left,left,881.0,right,blue,1.0,adolescent,2025-06-16,test,
projectseed-simon-production,SimonTask-v2.0,10,2025-06-23 22:18:34 (Central Daylight Time),"Mozilla/5.0 (iPhone; CPU iPhone OS 18_5 like Mac OS X) AppleWebKit/605.1.15 (KHTML, like Gecko) Version/18.5 Mobile/15E148 Safari/604.1",2eab96b1-70d6-4a42-817c-7e546bf440fa,8,852,393,eng,9.0,9.0,2025-06-23 22:19:22 (Central Daylight Time),48789,incompatible,right,TestingProc,True,right,right,895.0,left,red,1.0,adolescent,2025-06-16,test,
projectseed-simon-production,SimonTask-v2.0,10,2025-06-23 22:18:34 (Central Daylight Time),"Mozilla/5.0 (iPhone; CPU iPhone OS 18_5 like Mac OS X) AppleWebKit/605.1.15 (KHTML, like Gecko) Version/18.5 Mobile/15E148 Safari/604.1",2eab96b1-70d6-4a42-817c-7e546bf440fa,8,852,393,eng,10.0,10.0,2025-06-23 22:19:24 (Central Daylight Time),50707,compatible,right,TestingProc,True,right,right,612.0,right,red,0.0,adolescent,2025-06-16,test,
projectseed-simon-production,SimonTask-v2.0,10,2025-06-23 22:18:34 (Central Daylight Time),"Mozilla/5.0 (iPhone; CPU iPhone OS 18_5 like Mac OS X) AppleWebKit/605.1.15 (KHTML, like Gecko) Version/18.5 Mobile/15E148 Safari/604.1",2eab96b1-70d6-4a42-817c-7e546bf440fa,8,852,393,eng,11.0,11.0,2025-06-23 22:19:26 (Central Daylight Time),52742,compatible,left,TestingProc,True,left,left,728.0,left,blue,1.0,adolescent,2025-06-16,test,
projectseed-simon-production,SimonTask-v2.0,10,2025-06-23 22:18:34 (Central Daylight Time),"Mozilla/5.0 (iPhone; CPU iPhone OS 18_5 like Mac OS X) AppleWebKit/605.1.15 (KHTML, like Gecko) Version/18.5 Mobile/15E148 Safari/604.1",2eab96b1-70d6-4a42-817c-7e546bf440fa,8,852,393,eng,12.0,12.0,2025-06-23 22:19:29 (Central Daylight Time),55049,compatible,left,TestingProc,False,left,none,-999.0,left,blue,0.0,adolescent,2025-06-16,test,
projectseed-simon-production,SimonTask-v2.0,10,2025-06-23 22:18:34 (Central Daylight Time),"Mozilla/5.0 (iPhone; CPU iPhone OS 18_5 like Mac OS X) AppleWebKit/605.1.15 (KHTML, like Gecko) Version/18.5 Mobile/15E148 Safari/604.1",2eab96b1-70d6-4a42-817c-7e546bf440fa,8,852,393,eng,13.0,13.0,2025-06-23 22:19:32 (Central Daylight Time),58864,incompatible,left,TestingProc,True,left,left,946.0,right,blue,1.0,adolescent,2025-06-16,test,
projectseed-simon-production,SimonTask-v2.0,10,2025-06-23 22:18:34 (Central Daylight Time),"Mozilla/5.0 (iPhone; CPU iPhone OS 18_5 like Mac OS X) AppleWebKit/605.1.15 (KHTML, like Gecko) Version/18.5 Mobile/15E148 Safari/604.1",2eab96b1-70d6-4a42-817c-7e546bf440fa,8,852,393,eng,14.0,14.0,2025-06-23 22:19:34 (Central Daylight Time),60782,incompatible,right,TestingProc,True,right,right,613.0,left,red,1.0,adolescent,2025-06-16,test,
projectseed-simon-production,SimonTask-v2.0,10,2025-06-23 22:18:34 (Central Daylight Time),"Mozilla/5.0 (iPhone; CPU iPhone OS 18_5 like Mac OS X) AppleWebKit/605.1.15 (KHTML, like Gecko) Version/18.5 Mobile/15E148 Safari/604.1",2eab96b1-70d6-4a42-817c-7e546bf440fa,8,852,393,eng,15.0,15.0,2025-06-23 22:19:37 (Central Daylight Time),62983,compatible,left,TestingProc,True,left,left,896.0,left,blue,0.0,adolescent,2025-06-16,test,
projectseed-simon-production,SimonTask-v2.0,10,2025-06-23 22:18:34 (Central Daylight Time),"Mozilla/5.0 (iPhone; CPU iPhone OS 18_5 like Mac OS X) AppleWebKit/605.1.15 (KHTML, like Gecko) Version/18.5 Mobile/15E148 Safari/604.1",2eab96b1-70d6-4a42-817c-7e546bf440fa,8,852,393,eng,16.0,16.0,2025-06-23 22:19:39 (Central Daylight Time),65186,incompatible,left,TestingProc,True,left,left,897.0,right,blue,0.0,adolescent,2025-06-16,test,
projectseed-simon-production,SimonTask-v2.0,10,2025-06-23 22:18:34 (Central Daylight Time),"Mozilla/5.0 (iPhone; CPU iPhone OS 18_5 like Mac OS X) AppleWebKit/605.1.15 (KHTML, like Gecko) Version/18.5 Mobile/15E148 Safari/604.1",2eab96b1-70d6-4a42-817c-7e546bf440fa,8,852,393,eng,17.0,17.0,2025-06-23 22:19:41 (Central Daylight Time),67237,compatible,right,TestingProc,True,right,right,745.0,right,red,0.0,adolescent,2025-06-16,test,
projectseed-simon-production,SimonTask-v2.0,10,2025-06-23 22:18:34 (Central Daylight Time),"Mozilla/5.0 (iPhone; CPU iPhone OS 18_5 like Mac OS X) AppleWebKit/605.1.15 (KHTML, like Gecko) Version/18.5 Mobile/15E148 Safari/604.1",2eab96b1-70d6-4a42-817c-7e546bf440fa,8,852,393,eng,18.0,18.0,2025-06-23 22:19:43 (Central Daylight Time),69355,incompatible,left,TestingProc,True,left,left,813.0,right,blue,0.0,adolescent,2025-06-16,test,
projectseed-simon-production,SimonTask-v2.0,10,2025-06-23 22:18:34 (Central Daylight Time),"Mozilla/5.0 (iPhone; CPU iPhone OS 18_5 like Mac OS X) AppleWebKit/605.1.15 (KHTML, like Gecko) Version/18.5 Mobile/15E148 Safari/604.1",2eab96b1-70d6-4a42-817c-7e546bf440fa,8,852,393,eng,19.0,19.0,2025-06-23 22:19:45 (Central Daylight Time),71206,compatible,left,TestingProc,True,left,left,546.0,left,blue,1.000000000014552,adolescent,2025-06-16,test,
projectseed-simon-production,SimonTask-v2.0,10,2025-06-23 22:18:34 (Central Daylight Time),"Mozilla/5.0 (iPhone; CPU iPhone OS 18_5 like Mac OS X) AppleWebKit/605.1.15 (KHTML, like Gecko) Version/18.5 Mobile/15E148 Safari/604.1",2eab96b1-70d6-4a42-817c-7e546bf440fa,8,852,393,eng,20.0,20.0,2025-06-23 22:19:47 (Central Daylight Time),73108,incompatible,left,TestingProc,True,left,left,595.0,right,blue,1.0,adolescent,2025-06-16,test,
projectseed-simon-production,SimonTask-v2.0,10,2025-06-23 22:18:34 (Central Daylight Time),"Mozilla/5.0 (iPhone; CPU iPhone OS 18_5 like Mac OS X) AppleWebKit/605.1.15 (KHTML, like Gecko) Version/18.5 Mobile/15E148 Safari/604.1",2eab96b1-70d6-4a42-817c-7e546bf440fa,8,852,393,eng,21.0,21.0,2025-06-23 22:19:48 (Central Daylight Time),74892,compatible,left,TestingProc,True,left,left,478.0,left,blue,1.000000000014552,adolescent,2025-06-16,test,
projectseed-simon-production,SimonTask-v2.0,10,2025-06-23 22:18:34 (Central Daylight Time),"Mozilla/5.0 (iPhone; CPU iPhone OS 18_5 like Mac OS X) AppleWebKit/605.1.15 (KHTML, like Gecko) Version/18.5 Mobile/15E148 Safari/604.1",2eab96b1-70d6-4a42-817c-7e546bf440fa,8,852,393,eng,22.0,22.0,2025-06-23 22:19:50 (Central Daylight Time),76694,compatible,left,TestingProc,True,left,left,496.0,left,blue,1.0,adolescent,2025-06-16,test,
projectseed-simon-production,SimonTask-v2.0,10,2025-06-23 22:18:34 (Central Daylight Time),"Mozilla/5.0 (iPhone; CPU iPhone OS 18_5 like Mac OS X) AppleWebKit/605.1.15 (KHTML, like Gecko) Version/18.5 Mobile/15E148 Safari/604.1",2eab96b1-70d6-4a42-817c-7e546bf440fa,8,852,393,eng,23.0,23.0,2025-06-23 22:19:53 (Central Daylight Time),79001,compatible,left,TestingProc,False,left,none,-999.0,left,blue,1.0,adolescent,2025-06-16,test,
projectseed-simon-production,SimonTask-v2.0,10,2025-06-23 22:18:34 (Central Daylight Time),"Mozilla/5.0 (iPhone; CPU iPhone OS 18_5 like Mac OS X) AppleWebKit/605.1.15 (KHTML, like Gecko) Version/18.5 Mobile/15E148 Safari/604.1",2eab96b1-70d6-4a42-817c-7e546bf440fa,8,852,393,eng,24.0,24.0,2025-06-23 22:19:56 (Central Daylight Time),82637,compatible,left,TestingProc,False,left,none,-999.0,left,blue,1.0,adolescent,2025-06-16,test,
projectseed-simon-production,SimonTask-v2.0,10,2025-06-23 22:18:34 (Central Daylight Time),"Mozilla/5.0 (iPhone; CPU iPhone OS 18_5 like Mac OS X) AppleWebKit/605.1.15 (KHTML, like Gecko) Version/18.5 Mobile/15E148 Safari/604.1",2eab96b1-70d6-4a42-817c-7e546bf440fa,8,852,393,eng,25.0,25.0,2025-06-23 22:20:00 (Central Daylight Time),86818,compatible,left,TestingProc,True,left,left,929.0,left,blue,1.0,adolescent,2025-06-16,test,
projectseed-simon-production,SimonTask-v2.0,10,2025-06-23 22:18:34 (Central Daylight Time),"Mozilla/5.0 (iPhone; CPU iPhone OS 18_5 like Mac OS X) AppleWebKit/605.1.15 (KHTML, like Gecko) Version/18.5 Mobile/15E148 Safari/604.1",2eab96b1-70d6-4a42-817c-7e546bf440fa,8,852,393,eng,26.0,26.0,2025-06-23 22:20:03 (Central Daylight Time),89125,incompatible,right,TestingProc,False,right,none,-999.0,left,red,1.0,adolescent,2025-06-16,test,
projectseed-simon-production,SimonTask-v2.0,10,2025-06-23 22:18:34 (Central Daylight Time),"Mozilla/5.0 (iPhone; CPU iPhone OS 18_5 like Mac OS X) AppleWebKit/605.1.15 (KHTML, like Gecko) Version/18.5 Mobile/15E148 Safari/604.1",2eab96b1-70d6-4a42-817c-7e546bf440fa,8,852,393,eng,27.0,27.0,2025-06-23 22:20:06 (Central Daylight Time),92339,compatible,left,TestingProc,True,left,left,547.0,left,blue,0.0,adolescent,2025-06-16,test,
projectseed-simon-production,SimonTask-v2.0,10,2025-06-23 22:18:34 (Central Daylight Time),"Mozilla/5.0 (iPhone; CPU iPhone OS 18_5 like Mac OS X) AppleWebKit/605.1.15 (KHTML, like Gecko) Version/18.5 Mobile/15E148 Safari/604.1",2eab96b1-70d6-4a42-817c-7e546bf440fa,8,852,393,eng,28.0,28.0,2025-06-23 22:20:08 (Central Daylight Time),94207,compatible,left,TestingProc,True,left,left,563.0,left,blue,1.0,adolescent,2025-06-16,test,
projectseed-simon-production,SimonTask-v2.0,10,2025-06-23 22:18:34 (Central Daylight Time),"Mozilla/5.0 (iPhone; CPU iPhone OS 18_5 like Mac OS X) AppleWebKit/605.1.15 (KHTML, like Gecko) Version/18.5 Mobile/15E148 Safari/604.1",2eab96b1-70d6-4a42-817c-7e546bf440fa,8,852,393,eng,29.0,29.0,2025-06-23 22:20:10 (Central Daylight Time),96175,compatible,right,TestingProc,True,right,right,662.0,right,red,1.0,adolescent,2025-06-16,test,
projectseed-simon-production,SimonTask-v2.0,10,2025-06-23 22:18:34 (Central Daylight Time),"Mozilla/5.0 (iPhone; CPU iPhone OS 18_5 like Mac OS X) AppleWebKit/605.1.15 (KHTML, like Gecko) Version/18.5 Mobile/15E148 Safari/604.1",2eab96b1-70d6-4a42-817c-7e546bf440fa,8,852,393,eng,30.0,30.0,2025-06-23 22:20:12 (Central Daylight Time),98127,incompatible,left,TestingProc,True,left,left,646.0,right,blue,1.0,adolescent,2025-06-16,test,
projectseed-simon-production,SimonTask-v2.0,10,2025-06-23 22:18:34 (Central Daylight Time),"Mozilla/5.0 (iPhone; CPU iPhone OS 18_5 like Mac OS X) AppleWebKit/605.1.15 (KHTML, like Gecko) Version/18.5 Mobile/15E148 Safari/604.1",2eab96b1-70d6-4a42-817c-7e546bf440fa,8,852,393,eng,31.0,31.0,2025-06-23 22:20:13 (Central Daylight Time),99861,compatible,left,TestingProc,True,left,left,427.0,left,blue,1.0,adolescent,2025-06-16,test,
projectseed-simon-production,SimonTask-v2.0,10,2025-06-23 22:18:34 (Central Daylight Time),"Mozilla/5.0 (iPhone; CPU iPhone OS 18_5 like Mac OS X) AppleWebKit/605.1.15 (KHTML, like Gecko) Version/18.5 Mobile/15E148 Safari/604.1",2eab96b1-70d6-4a42-817c-7e546bf440fa,8,852,393,eng,32.0,32.0,2025-06-23 22:20:16 (Central Daylight Time),101963,incompatible,left,TestingProc,True,left,left,796.0,right,blue,0.9999999999854481,adolescent,2025-06-16,test,
projectseed-simon-production,SimonTask-v2.0,10,2025-06-24 23:33:22 (Central Daylight Time),"Mozilla/5.0 (iPhone; CPU iPhone OS 18_5 like Mac OS X) AppleWebKit/605.1.15 (KHTML, like Gecko) Version/18.5 Mobile/15E148 Safari/604.1",0e6577c1-5449-440f-9994-61ab2e1807fe,9,852,393,eng,-999.0,1.0,2025-06-24 23:33:27 (Central Daylight Time),5589,compatible,right,TrainingList,True,right,right,792.0,right,red,2.0,adolescent,2025-06-16,training,
projectseed-simon-production,SimonTask-v2.0,10,2025-06-24 23:33:22 (Central Daylight Time),"Mozilla/5.0 (iPhone; CPU iPhone OS 18_5 like Mac OS X) AppleWebKit/605.1.15 (KHTML, like Gecko) Version/18.5 Mobile/15E148 Safari/604.1",0e6577c1-5449-440f-9994-61ab2e1807fe,9,852,393,eng,-999.0,2.0,2025-06-24 23:33:31 (Central Daylight Time),8990,incompatible,left,TrainingList,True,left,left,762.0,right,blue,1.0,adolescent,2025-06-16,training,
projectseed-simon-production,SimonTask-v2.0,10,2025-06-24 23:33:22 (Central Daylight Time),"Mozilla/5.0 (iPhone; CPU iPhone OS 18_5 like Mac OS X) AppleWebKit/605.1.15 (KHTML, like Gecko) Version/18.5 Mobile/15E148 Safari/604.1",0e6577c1-5449-440f-9994-61ab2e1807fe,9,852,393,eng,-999.0,3.0,2025-06-24 23:33:34 (Central Daylight Time),12209,incompatible,left,TrainingList,True,left,left,712.0,right,blue,0.0,adolescent,2025-06-16,training,
projectseed-simon-production,SimonTask-v2.0,10,2025-06-24 23:33:22 (Central Daylight Time),"Mozilla/5.0 (iPhone; CPU iPhone OS 18_5 like Mac OS X) AppleWebKit/605.1.15 (KHTML, like Gecko) Version/18.5 Mobile/15E148 Safari/604.1",0e6577c1-5449-440f-9994-61ab2e1807fe,9,852,393,eng,-999.0,4.0,2025-06-24 23:33:37 (Central Daylight Time),15345,incompatible,left,TrainingList,True,left,left,545.0,right,blue,1.0,adolescent,2025-06-16,training,
projectseed-simon-production,SimonTask-v2.0,10,2025-06-24 23:33:22 (Central Daylight Time),"Mozilla/5.0 (iPhone; CPU iPhone OS 18_5 like Mac OS X) AppleWebKit/605.1.15 (KHTML, like Gecko) Version/18.5 Mobile/15E148 Safari/604.1",0e6577c1-5449-440f-9994-61ab2e1807fe,9,852,393,eng,1.0,1.0,2025-06-24 23:33:41 (Central Daylight Time),19481,compatible,right,TestingProc,True,right,right,680.0,right,red,1.0,adolescent,2025-06-16,test,
projectseed-simon-production,SimonTask-v2.0,10,2025-06-24 23:33:22 (Central Daylight Time),"Mozilla/5.0 (iPhone; CPU iPhone OS 18_5 like Mac OS X) AppleWebKit/605.1.15 (KHTML, like Gecko) Version/18.5 Mobile/15E148 Safari/604.1",0e6577c1-5449-440f-9994-61ab2e1807fe,9,852,393,eng,2.0,2.0,2025-06-24 23:33:43 (Central Daylight Time),21416,compatible,right,TestingProc,True,right,right,629.0,right,red,1.0,adolescent,2025-06-16,test,
projectseed-simon-production,SimonTask-v2.0,10,2025-06-24 23:33:22 (Central Daylight Time),"Mozilla/5.0 (iPhone; CPU iPhone OS 18_5 like Mac OS X) AppleWebKit/605.1.15 (KHTML, like Gecko) Version/18.5 Mobile/15E148 Safari/604.1",0e6577c1-5449-440f-9994-61ab2e1807fe,9,852,393,eng,3.0,3.0,2025-06-24 23:33:45 (Central Daylight Time),23217,compatible,right,TestingProc,True,right,right,495.0,right,red,1.0,adolescent,2025-06-16,test,
projectseed-simon-production,SimonTask-v2.0,10,2025-06-24 23:33:22 (Central Daylight Time),"Mozilla/5.0 (iPhone; CPU iPhone OS 18_5 like Mac OS X) AppleWebKit/605.1.15 (KHTML, like Gecko) Version/18.5 Mobile/15E148 Safari/604.1",0e6577c1-5449-440f-9994-61ab2e1807fe,9,852,393,eng,4.0,4.0,2025-06-24 23:33:47 (Central Daylight Time),25219,incompatible,right,TestingProc,True,right,right,696.0,left,red,1.0,adolescent,2025-06-16,test,
projectseed-simon-production,SimonTask-v2.0,10,2025-06-24 23:33:22 (Central Daylight Time),"Mozilla/5.0 (iPhone; CPU iPhone OS 18_5 like Mac OS X) AppleWebKit/605.1.15 (KHTML, like Gecko) Version/18.5 Mobile/15E148 Safari/604.1",0e6577c1-5449-440f-9994-61ab2e1807fe,9,852,393,eng,5.0,5.0,2025-06-24 23:33:49 (Central Daylight Time),26953,compatible,right,TestingProc,True,right,right,428.0,right,red,0.999999999996362,adolescent,2025-06-16,test,
projectseed-simon-production,SimonTask-v2.0,10,2025-06-24 23:33:22 (Central Daylight Time),"Mozilla/5.0 (iPhone; CPU iPhone OS 18_5 like Mac OS X) AppleWebKit/605.1.15 (KHTML, like Gecko) Version/18.5 Mobile/15E148 Safari/604.1",0e6577c1-5449-440f-9994-61ab2e1807fe,9,852,393,eng,6.0,6.0,2025-06-24 23:33:51 (Central Daylight Time),29038,compatible,left,TestingProc,True,left,left,779.0,left,blue,0.0,adolescent,2025-06-16,test,
projectseed-simon-production,SimonTask-v2.0,10,2025-06-24 23:33:22 (Central Daylight Time),"Mozilla/5.0 (iPhone; CPU iPhone OS 18_5 like Mac OS X) AppleWebKit/605.1.15 (KHTML, like Gecko) Version/18.5 Mobile/15E148 Safari/604.1",0e6577c1-5449-440f-9994-61ab2e1807fe,9,852,393,eng,7.0,7.0,2025-06-24 23:33:53 (Central Daylight Time),30906,compatible,left,TestingProc,True,left,left,562.0,left,blue,1.0,adolescent,2025-06-16,test,
projectseed-simon-production,SimonTask-v2.0,10,2025-06-24 23:33:22 (Central Daylight Time),"Mozilla/5.0 (iPhone; CPU iPhone OS 18_5 like Mac OS X) AppleWebKit/605.1.15 (KHTML, like Gecko) Version/18.5 Mobile/15E148 Safari/604.1",0e6577c1-5449-440f-9994-61ab2e1807fe,9,852,393,eng,8.0,8.0,2025-06-24 23:33:55 (Central Daylight Time),32942,incompatible,right,TestingProc,True,right,right,730.0,left,red,0.0,adolescent,2025-06-16,test,
projectseed-simon-production,SimonTask-v2.0,10,2025-06-24 23:33:22 (Central Daylight Time),"Mozilla/5.0 (iPhone; CPU iPhone OS 18_5 like Mac OS X) AppleWebKit/605.1.15 (KHTML, like Gecko) Version/18.5 Mobile/15E148 Safari/604.1",0e6577c1-5449-440f-9994-61ab2e1807fe,9,852,393,eng,9.0,9.0,2025-06-24 23:33:56 (Central Daylight Time),34843,incompatible,right,TestingProc,True,right,right,595.0,left,red,1.0,adolescent,2025-06-16,test,
projectseed-simon-production,SimonTask-v2.0,10,2025-06-24 23:33:22 (Central Daylight Time),"Mozilla/5.0 (iPhone; CPU iPhone OS 18_5 like Mac OS X) AppleWebKit/605.1.15 (KHTML, like Gecko) Version/18.5 Mobile/15E148 Safari/604.1",0e6577c1-5449-440f-9994-61ab2e1807fe,9,852,393,eng,10.0,10.0,2025-06-24 23:33:58 (Central Daylight Time),36844,incompatible,left,TestingProc,True,left,left,696.0,right,blue,0.0,adolescent,2025-06-16,test,
projectseed-simon-production,SimonTask-v2.0,10,2025-06-24 23:33:22 (Central Daylight Time),"Mozilla/5.0 (iPhone; CPU iPhone OS 18_5 like Mac OS X) AppleWebKit/605.1.15 (KHTML, like Gecko) Version/18.5 Mobile/15E148 Safari/604.1",0e6577c1-5449-440f-9994-61ab2e1807fe,9,852,393,eng,11.0,11.0,2025-06-24 23:34:00 (Central Daylight Time),38629,compatible,right,TestingProc,True,right,right,478.0,right,red,1.0,adolescent,2025-06-16,test,
projectseed-simon-production,SimonTask-v2.0,10,2025-06-24 23:33:22 (Central Daylight Time),"Mozilla/5.0 (iPhone; CPU iPhone OS 18_5 like Mac OS X) AppleWebKit/605.1.15 (KHTML, like Gecko) Version/18.5 Mobile/15E148 Safari/604.1",0e6577c1-5449-440f-9994-61ab2e1807fe,9,852,393,eng,12.0,12.0,2025-06-24 23:34:03 (Central Daylight Time),40935,incompatible,right,TestingProc,False,right,none,-999.0,left,red,1.0,adolescent,2025-06-16,test,
projectseed-simon-production,SimonTask-v2.0,10,2025-06-24 23:33:22 (Central Daylight Time),"Mozilla/5.0 (iPhone; CPU iPhone OS 18_5 like Mac OS X) AppleWebKit/605.1.15 (KHTML, like Gecko) Version/18.5 Mobile/15E148 Safari/604.1",0e6577c1-5449-440f-9994-61ab2e1807fe,9,852,393,eng,13.0,13.0,2025-06-24 23:34:06 (Central Daylight Time),44233,incompatible,right,TestingProc,True,right,right,695.0,left,red,0.0,adolescent,2025-06-16,test,
projectseed-simon-production,SimonTask-v2.0,10,2025-06-24 23:33:22 (Central Daylight Time),"Mozilla/5.0 (iPhone; CPU iPhone OS 18_5 like Mac OS X) AppleWebKit/605.1.15 (KHTML, like Gecko) Version/18.5 Mobile/15E148 Safari/604.1",0e6577c1-5449-440f-9994-61ab2e1807fe,9,852,393,eng,14.0,14.0,2025-06-24 23:34:08 (Central Daylight Time),46068,incompatible,right,TestingProc,True,right,right,529.0,left,red,1.0,adolescent,2025-06-16,test,
projectseed-simon-production,SimonTask-v2.0,10,2025-06-24 23:33:22 (Central Daylight Time),"Mozilla/5.0 (iPhone; CPU iPhone OS 18_5 like Mac OS X) AppleWebKit/605.1.15 (KHTML, like Gecko) Version/18.5 Mobile/15E148 Safari/604.1",0e6577c1-5449-440f-9994-61ab2e1807fe,9,852,393,eng,15.0,15.0,2025-06-24 23:34:10 (Central Daylight Time),48136,compatible,left,TestingProc,True,left,left,763.0,left,blue,0.0,adolescent,2025-06-16,test,
projectseed-simon-production,SimonTask-v2.0,10,2025-06-24 23:33:22 (Central Daylight Time),"Mozilla/5.0 (iPhone; CPU iPhone OS 18_5 like Mac OS X) AppleWebKit/605.1.15 (KHTML, like Gecko) Version/18.5 Mobile/15E148 Safari/604.1",0e6577c1-5449-440f-9994-61ab2e1807fe,9,852,393,eng,16.0,16.0,2025-06-24 23:34:12 (Central Daylight Time),50004,compatible,left,TestingProc,True,left,left,562.0,left,blue,1.0,adolescent,2025-06-16,test,
projectseed-simon-production,SimonTask-v2.0,10,2025-06-24 23:33:22 (Central Daylight Time),"Mozilla/5.0 (iPhone; CPU iPhone OS 18_5 like Mac OS X) AppleWebKit/605.1.15 (KHTML, like Gecko) Version/18.5 Mobile/15E148 Safari/604.1",0e6577c1-5449-440f-9994-61ab2e1807fe,9,852,393,eng,17.0,17.0,2025-06-24 23:34:14 (Central Daylight Time),51906,compatible,right,TestingProc,True,right,right,595.0,right,red,1.0,adolescent,2025-06-16,test,
projectseed-simon-production,SimonTask-v2.0,10,2025-06-24 23:33:22 (Central Daylight Time),"Mozilla/5.0 (iPhone; CPU iPhone OS 18_5 like Mac OS X) AppleWebKit/605.1.15 (KHTML, like Gecko) Version/18.5 Mobile/15E148 Safari/604.1",0e6577c1-5449-440f-9994-61ab2e1807fe,9,852,393,eng,18.0,18.0,2025-06-24 23:34:16 (Central Daylight Time),54174,compatible,right,TestingProc,True,right,right,962.0,right,red,0.999999999992724,adolescent,2025-06-16,test,
projectseed-simon-production,SimonTask-v2.0,10,2025-06-24 23:33:22 (Central Daylight Time),"Mozilla/5.0 (iPhone; CPU iPhone OS 18_5 like Mac OS X) AppleWebKit/605.1.15 (KHTML, like Gecko) Version/18.5 Mobile/15E148 Safari/604.1",0e6577c1-5449-440f-9994-61ab2e1807fe,9,852,393,eng,19.0,19.0,2025-06-24 23:34:18 (Central Daylight Time),55925,compatible,right,TestingProc,True,right,right,446.0,right,red,0.0,adolescent,2025-06-16,test,
projectseed-simon-production,SimonTask-v2.0,10,2025-06-24 23:33:22 (Central Daylight Time),"Mozilla/5.0 (iPhone; CPU iPhone OS 18_5 like Mac OS X) AppleWebKit/605.1.15 (KHTML, like Gecko) Version/18.5 Mobile/15E148 Safari/604.1",0e6577c1-5449-440f-9994-61ab2e1807fe,9,852,393,eng,20.0,20.0,2025-06-24 23:34:20 (Central Daylight Time),57877,compatible,left,TestingProc,True,left,left,645.0,left,blue,1.0,adolescent,2025-06-16,test,
projectseed-simon-production,SimonTask-v2.0,10,2025-06-24 23:33:22 (Central Daylight Time),"Mozilla/5.0 (iPhone; CPU iPhone OS 18_5 like Mac OS X) AppleWebKit/605.1.15 (KHTML, like Gecko) Version/18.5 Mobile/15E148 Safari/604.1",0e6577c1-5449-440f-9994-61ab2e1807fe,9,852,393,eng,21.0,21.0,2025-06-24 23:34:21 (Central Daylight Time),59845,incompatible,left,TestingProc,True,left,left,663.0,right,blue,1.0,adolescent,2025-06-16,test,
projectseed-simon-production,SimonTask-v2.0,10,2025-06-24 23:33:22 (Central Daylight Time),"Mozilla/5.0 (iPhone; CPU iPhone OS 18_5 like Mac OS X) AppleWebKit/605.1.15 (KHTML, like Gecko) Version/18.5 Mobile/15E148 Safari/604.1",0e6577c1-5449-440f-9994-61ab2e1807fe,9,852,393,eng,22.0,22.0,2025-06-24 23:34:24 (Central Daylight Time),62152,incompatible,right,TestingProc,False,right,none,-999.0,left,red,0.999999999992724,adolescent,2025-06-16,test,
projectseed-simon-production,SimonTask-v2.0,10,2025-06-24 23:33:22 (Central Daylight Time),"Mozilla/5.0 (iPhone; CPU iPhone OS 18_5 like Mac OS X) AppleWebKit/605.1.15 (KHTML, like Gecko) Version/18.5 Mobile/15E148 Safari/604.1",0e6577c1-5449-440f-9994-61ab2e1807fe,9,852,393,eng,23.0,23.0,2025-06-24 23:34:27 (Central Daylight Time),65449,incompatible,right,TestingProc,True,right,right,745.0,left,red,1.000000000007276,adolescent,2025-06-16,test,
projectseed-simon-production,SimonTask-v2.0,10,2025-06-24 23:33:22 (Central Daylight Time),"Mozilla/5.0 (iPhone; CPU iPhone OS 18_5 like Mac OS X) AppleWebKit/605.1.15 (KHTML, like Gecko) Version/18.5 Mobile/15E148 Safari/604.1",0e6577c1-5449-440f-9994-61ab2e1807fe,9,852,393,eng,24.0,24.0,2025-06-24 23:34:29 (Central Daylight Time),67265,compatible,right,TestingProc,True,right,right,510.0,right,red,1.0,adolescent,2025-06-16,test,
projectseed-simon-production,SimonTask-v2.0,10,2025-06-24 23:33:22 (Central Daylight Time),"Mozilla/5.0 (iPhone; CPU iPhone OS 18_5 like Mac OS X) AppleWebKit/605.1.15 (KHTML, like Gecko) Version/18.5 Mobile/15E148 Safari/604.1",0e6577c1-5449-440f-9994-61ab2e1807fe,9,852,393,eng,25.0,25.0,2025-06-24 23:34:31 (Central Daylight Time),69286,compatible,left,TestingProc,True,left,left,714.0,left,blue,1.0,adolescent,2025-06-16,test,
projectseed-simon-production,SimonTask-v2.0,10,2025-06-24 23:33:22 (Central Daylight Time),"Mozilla/5.0 (iPhone; CPU iPhone OS 18_5 like Mac OS X) AppleWebKit/605.1.15 (KHTML, like Gecko) Version/18.5 Mobile/15E148 Safari/604.1",0e6577c1-5449-440f-9994-61ab2e1807fe,9,852,393,eng,26.0,26.0,2025-06-24 23:34:33 (Central Daylight Time),71254,incompatible,right,TestingProc,True,right,right,663.0,left,red,1.0,adolescent,2025-06-16,test,
projectseed-simon-production,SimonTask-v2.0,10,2025-06-24 23:33:22 (Central Daylight Time),"Mozilla/5.0 (iPhone; CPU iPhone OS 18_5 like Mac OS X) AppleWebKit/605.1.15 (KHTML, like Gecko) Version/18.5 Mobile/15E148 Safari/604.1",0e6577c1-5449-440f-9994-61ab2e1807fe,9,852,393,eng,27.0,27.0,2025-06-24 23:34:35 (Central Daylight Time),73188,incompatible,right,TestingProc,True,right,right,628.0,left,red,1.000000000014552,adolescent,2025-06-16,test,
projectseed-simon-production,SimonTask-v2.0,10,2025-06-24 23:33:22 (Central Daylight Time),"Mozilla/5.0 (iPhone; CPU iPhone OS 18_5 like Mac OS X) AppleWebKit/605.1.15 (KHTML, like Gecko) Version/18.5 Mobile/15E148 Safari/604.1",0e6577c1-5449-440f-9994-61ab2e1807fe,9,852,393,eng,28.0,28.0,2025-06-24 23:34:37 (Central Daylight Time),75008,compatible,right,TestingProc,True,right,right,514.0,right,red,0.0,adolescent,2025-06-16,test,
projectseed-simon-production,SimonTask-v2.0,10,2025-06-24 23:33:22 (Central Daylight Time),"Mozilla/5.0 (iPhone; CPU iPhone OS 18_5 like Mac OS X) AppleWebKit/605.1.15 (KHTML, like Gecko) Version/18.5 Mobile/15E148 Safari/604.1",0e6577c1-5449-440f-9994-61ab2e1807fe,9,852,393,eng,29.0,29.0,2025-06-24 23:34:39 (Central Daylight Time),77142,incompatible,left,TestingProc,True,left,left,827.0,right,blue,0.9999999999854481,adolescent,2025-06-16,test,
projectseed-simon-production,SimonTask-v2.0,10,2025-06-24 23:33:22 (Central Daylight Time),"Mozilla/5.0 (iPhone; CPU iPhone OS 18_5 like Mac OS X) AppleWebKit/605.1.15 (KHTML, like Gecko) Version/18.5 Mobile/15E148 Safari/604.1",0e6577c1-5449-440f-9994-61ab2e1807fe,9,852,393,eng,30.0,30.0,2025-06-24 23:34:41 (Central Daylight Time),79043,compatible,left,TestingProc,True,left,left,595.0,left,blue,1.0,adolescent,2025-06-16,test,
projectseed-simon-production,SimonTask-v2.0,10,2025-06-24 23:33:22 (Central Daylight Time),"Mozilla/5.0 (iPhone; CPU iPhone OS 18_5 like Mac OS X) AppleWebKit/605.1.15 (KHTML, like Gecko) Version/18.5 Mobile/15E148 Safari/604.1",0e6577c1-5449-440f-9994-61ab2e1807fe,9,852,393,eng,31.0,31.0,2025-06-24 23:34:43 (Central Daylight Time),81012,incompatible,right,TestingProc,True,right,right,663.0,left,red,1.0,adolescent,2025-06-16,test,
projectseed-simon-production,SimonTask-v2.0,10,2025-06-24 23:33:22 (Central Daylight Time),"Mozilla/5.0 (iPhone; CPU iPhone OS 18_5 like Mac OS X) AppleWebKit/605.1.15 (KHTML, like Gecko) Version/18.5 Mobile/15E148 Safari/604.1",0e6577c1-5449-440f-9994-61ab2e1807fe,9,852,393,eng,32.0,32.0,2025-06-24 23:34:45 (Central Daylight Time),82979,incompatible,right,TestingProc,True,right,right,661.0,left,red,1.000000000014552,adolescent,2025-06-16,test,
projectseed-simon-production,SimonTask-v2.0,10,2025-06-25 21:11:02 (Central Daylight Time),"Mozilla/5.0 (iPhone; CPU iPhone OS 18_5 like Mac OS X) AppleWebKit/605.1.15 (KHTML, like Gecko) Version/18.5 Mobile/15E148 Safari/604.1",ff4cb226-062c-40cb-8ee4-fb6e6e5fe6da,10,852,393,eng,-999.0,1.0,2025-06-25 21:11:07 (Central Daylight Time),4735,compatible,right,TrainingList,True,right,right,543.0,right,red,2.0,adolescent,2025-06-16,training,
projectseed-simon-production,SimonTask-v2.0,10,2025-06-25 21:11:02 (Central Daylight Time),"Mozilla/5.0 (iPhone; CPU iPhone OS 18_5 like Mac OS X) AppleWebKit/605.1.15 (KHTML, like Gecko) Version/18.5 Mobile/15E148 Safari/604.1",ff4cb226-062c-40cb-8ee4-fb6e6e5fe6da,10,852,393,eng,-999.0,2.0,2025-06-25 21:11:10 (Central Daylight Time),7737,compatible,left,TrainingList,True,left,left,473.0,left,blue,0.9999999999990905,adolescent,2025-06-16,training,
projectseed-simon-production,SimonTask-v2.0,10,2025-06-25 21:11:02 (Central Daylight Time),"Mozilla/5.0 (iPhone; CPU iPhone OS 18_5 like Mac OS X) AppleWebKit/605.1.15 (KHTML, like Gecko) Version/18.5 Mobile/15E148 Safari/604.1",ff4cb226-062c-40cb-8ee4-fb6e6e5fe6da,10,852,393,eng,-999.0,3.0,2025-06-25 21:11:13 (Central Daylight Time),10823,compatible,left,TrainingList,True,left,left,480.0,left,blue,1.0,adolescent,2025-06-16,training,
projectseed-simon-production,SimonTask-v2.0,10,2025-06-25 21:11:02 (Central Daylight Time),"Mozilla/5.0 (iPhone; CPU iPhone OS 18_5 like Mac OS X) AppleWebKit/605.1.15 (KHTML, like Gecko) Version/18.5 Mobile/15E148 Safari/604.1",ff4cb226-062c-40cb-8ee4-fb6e6e5fe6da,10,852,393,eng,-999.0,4.0,2025-06-25 21:11:16 (Central Daylight Time),14143,incompatible,left,TrainingList,True,left,left,695.0,right,blue,1.0,adolescent,2025-06-16,training,
projectseed-simon-production,SimonTask-v2.0,10,2025-06-25 21:11:02 (Central Daylight Time),"Mozilla/5.0 (iPhone; CPU iPhone OS 18_5 like Mac OS X) AppleWebKit/605.1.15 (KHTML, like Gecko) Version/18.5 Mobile/15E148 Safari/604.1",ff4cb226-062c-40cb-8ee4-fb6e6e5fe6da,10,852,393,eng,1.0,1.0,2025-06-25 21:11:19 (Central Daylight Time),17612,compatible,left,TestingProc,True,left,left,429.0,left,blue,0.999999999996362,adolescent,2025-06-16,test,
projectseed-simon-production,SimonTask-v2.0,10,2025-06-25 21:11:02 (Central Daylight Time),"Mozilla/5.0 (iPhone; CPU iPhone OS 18_5 like Mac OS X) AppleWebKit/605.1.15 (KHTML, like Gecko) Version/18.5 Mobile/15E148 Safari/604.1",ff4cb226-062c-40cb-8ee4-fb6e6e5fe6da,10,852,393,eng,2.0,2.0,2025-06-25 21:11:21 (Central Daylight Time),19614,compatible,right,TestingProc,True,right,right,695.0,right,red,1.0,adolescent,2025-06-16,test,
projectseed-simon-production,SimonTask-v2.0,10,2025-06-25 21:11:02 (Central Daylight Time),"Mozilla/5.0 (iPhone; CPU iPhone OS 18_5 like Mac OS X) AppleWebKit/605.1.15 (KHTML, like Gecko) Version/18.5 Mobile/15E148 Safari/604.1",ff4cb226-062c-40cb-8ee4-fb6e6e5fe6da,10,852,393,eng,3.0,3.0,2025-06-25 21:11:23 (Central Daylight Time),21515,compatible,left,TestingProc,True,left,left,595.0,left,blue,0.0,adolescent,2025-06-16,test,
projectseed-simon-production,SimonTask-v2.0,10,2025-06-25 21:11:02 (Central Daylight Time),"Mozilla/5.0 (iPhone; CPU iPhone OS 18_5 like Mac OS X) AppleWebKit/605.1.15 (KHTML, like Gecko) Version/18.5 Mobile/15E148 Safari/604.1",ff4cb226-062c-40cb-8ee4-fb6e6e5fe6da,10,852,393,eng,4.0,4.0,2025-06-25 21:11:25 (Central Daylight Time),23501,incompatible,left,TestingProc,True,left,left,681.0,right,blue,0.0,adolescent,2025-06-16,test,
projectseed-simon-production,SimonTask-v2.0,10,2025-06-25 21:11:02 (Central Daylight Time),"Mozilla/5.0 (iPhone; CPU iPhone OS 18_5 like Mac OS X) AppleWebKit/605.1.15 (KHTML, like Gecko) Version/18.5 Mobile/15E148 Safari/604.1",ff4cb226-062c-40cb-8ee4-fb6e6e5fe6da,10,852,393,eng,5.0,5.0,2025-06-25 21:11:27 (Central Daylight Time),25269,compatible,left,TestingProc,True,left,left,462.0,left,blue,1.000000000003638,adolescent,2025-06-16,test,
projectseed-simon-production,SimonTask-v2.0,10,2025-06-25 21:11:02 (Central Daylight Time),"Mozilla/5.0 (iPhone; CPU iPhone OS 18_5 like Mac OS X) AppleWebKit/605.1.15 (KHTML, like Gecko) Version/18.5 Mobile/15E148 Safari/604.1",ff4cb226-062c-40cb-8ee4-fb6e6e5fe6da,10,852,393,eng,6.0,6.0,2025-06-25 21:11:29 (Central Daylight Time),27186,compatible,right,TestingProc,True,right,right,611.0,right,red,1.0,adolescent,2025-06-16,test,
projectseed-simon-production,SimonTask-v2.0,10,2025-06-25 21:11:02 (Central Daylight Time),"Mozilla/5.0 (iPhone; CPU iPhone OS 18_5 like Mac OS X) AppleWebKit/605.1.15 (KHTML, like Gecko) Version/18.5 Mobile/15E148 Safari/604.1",ff4cb226-062c-40cb-8ee4-fb6e6e5fe6da,10,852,393,eng,7.0,7.0,2025-06-25 21:11:31 (Central Daylight Time),29154,incompatible,right,TestingProc,True,right,right,662.0,left,red,0.0,adolescent,2025-06-16,test,
projectseed-simon-production,SimonTask-v2.0,10,2025-06-25 21:11:02 (Central Daylight Time),"Mozilla/5.0 (iPhone; CPU iPhone OS 18_5 like Mac OS X) AppleWebKit/605.1.15 (KHTML, like Gecko) Version/18.5 Mobile/15E148 Safari/604.1",ff4cb226-062c-40cb-8ee4-fb6e6e5fe6da,10,852,393,eng,8.0,8.0,2025-06-25 21:11:33 (Central Daylight Time),31461,incompatible,left,TestingProc,False,left,none,-999.0,right,blue,1.0,adolescent,2025-06-16,test,
projectseed-simon-production,SimonTask-v2.0,10,2025-06-25 21:11:02 (Central Daylight Time),"Mozilla/5.0 (iPhone; CPU iPhone OS 18_5 like Mac OS X) AppleWebKit/605.1.15 (KHTML, like Gecko) Version/18.5 Mobile/15E148 Safari/604.1",ff4cb226-062c-40cb-8ee4-fb6e6e5fe6da,10,852,393,eng,9.0,9.0,2025-06-25 21:11:36 (Central Daylight Time),34426,incompatible,right,TestingProc,True,right,right,513.0,left,red,0.0,adolescent,2025-06-16,test,
projectseed-simon-production,SimonTask-v2.0,10,2025-06-25 21:11:02 (Central Daylight Time),"Mozilla/5.0 (iPhone; CPU iPhone OS 18_5 like Mac OS X) AppleWebKit/605.1.15 (KHTML, like Gecko) Version/18.5 Mobile/15E148 Safari/604.1",ff4cb226-062c-40cb-8ee4-fb6e6e5fe6da,10,852,393,eng,10.0,10.0,2025-06-25 21:11:38 (Central Daylight Time),36377,compatible,left,TestingProc,True,left,left,645.0,left,blue,1.0,adolescent,2025-06-16,test,
projectseed-simon-production,SimonTask-v2.0,10,2025-06-25 21:11:02 (Central Daylight Time),"Mozilla/5.0 (iPhone; CPU iPhone OS 18_5 like Mac OS X) AppleWebKit/605.1.15 (KHTML, like Gecko) Version/18.5 Mobile/15E148 Safari/604.1",ff4cb226-062c-40cb-8ee4-fb6e6e5fe6da,10,852,393,eng,11.0,11.0,2025-06-25 21:11:40 (Central Daylight Time),38161,compatible,left,TestingProc,True,left,left,479.0,left,blue,1.0,adolescent,2025-06-16,test,
projectseed-simon-production,SimonTask-v2.0,10,2025-06-25 21:11:02 (Central Daylight Time),"Mozilla/5.0 (iPhone; CPU iPhone OS 18_5 like Mac OS X) AppleWebKit/605.1.15 (KHTML, like Gecko) Version/18.5 Mobile/15E148 Safari/604.1",ff4cb226-062c-40cb-8ee4-fb6e6e5fe6da,10,852,393,eng,12.0,12.0,2025-06-25 21:11:42 (Central Daylight Time),39980,compatible,left,TestingProc,True,left,left,514.0,left,blue,0.0,adolescent,2025-06-16,test,
projectseed-simon-production,SimonTask-v2.0,10,2025-06-25 21:11:02 (Central Daylight Time),"Mozilla/5.0 (iPhone; CPU iPhone OS 18_5 like Mac OS X) AppleWebKit/605.1.15 (KHTML, like Gecko) Version/18.5 Mobile/15E148 Safari/604.1",ff4cb226-062c-40cb-8ee4-fb6e6e5fe6da,10,852,393,eng,13.0,13.0,2025-06-25 21:11:44 (Central Daylight Time),41799,incompatible,right,TestingProc,True,right,right,513.0,left,red,0.0,adolescent,2025-06-16,test,
projectseed-simon-production,SimonTask-v2.0,10,2025-06-25 21:11:02 (Central Daylight Time),"Mozilla/5.0 (iPhone; CPU iPhone OS 18_5 like Mac OS X) AppleWebKit/605.1.15 (KHTML, like Gecko) Version/18.5 Mobile/15E148 Safari/604.1",ff4cb226-062c-40cb-8ee4-fb6e6e5fe6da,10,852,393,eng,14.0,14.0,2025-06-25 21:11:46 (Central Daylight Time),43649,incompatible,right,TestingProc,True,right,right,542.0,left,red,0.0,adolescent,2025-06-16,test,
projectseed-simon-production,SimonTask-v2.0,10,2025-06-25 21:11:02 (Central Daylight Time),"Mozilla/5.0 (iPhone; CPU iPhone OS 18_5 like Mac OS X) AppleWebKit/605.1.15 (KHTML, like Gecko) Version/18.5 Mobile/15E148 Safari/604.1",ff4cb226-062c-40cb-8ee4-fb6e6e5fe6da,10,852,393,eng,15.0,15.0,2025-06-25 21:11:47 (Central Daylight Time),45551,incompatible,left,TestingProc,True,left,left,596.0,right,blue,0.0,adolescent,2025-06-16,test,
projectseed-simon-production,SimonTask-v2.0,10,2025-06-25 21:11:02 (Central Daylight Time),"Mozilla/5.0 (iPhone; CPU iPhone OS 18_5 like Mac OS X) AppleWebKit/605.1.15 (KHTML, like Gecko) Version/18.5 Mobile/15E148 Safari/604.1",ff4cb226-062c-40cb-8ee4-fb6e6e5fe6da,10,852,393,eng,16.0,16.0,2025-06-25 21:11:49 (Central Daylight Time),47300,compatible,left,TestingProc,True,left,left,443.0,left,blue,1.0,adolescent,2025-06-16,test,
projectseed-simon-production,SimonTask-v2.0,10,2025-06-25 21:11:02 (Central Daylight Time),"Mozilla/5.0 (iPhone; CPU iPhone OS 18_5 like Mac OS X) AppleWebKit/605.1.15 (KHTML, like Gecko) Version/18.5 Mobile/15E148 Safari/604.1",ff4cb226-062c-40cb-8ee4-fb6e6e5fe6da,10,852,393,eng,17.0,17.0,2025-06-25 21:11:51 (Central Daylight Time),49120,incompatible,right,TestingProc,True,right,right,514.0,left,red,1.0,adolescent,2025-06-16,test,
projectseed-simon-production,SimonTask-v2.0,10,2025-06-25 21:11:02 (Central Daylight Time),"Mozilla/5.0 (iPhone; CPU iPhone OS 18_5 like Mac OS X) AppleWebKit/605.1.15 (KHTML, like Gecko) Version/18.5 Mobile/15E148 Safari/604.1",ff4cb226-062c-40cb-8ee4-fb6e6e5fe6da,10,852,393,eng,18.0,18.0,2025-06-25 21:11:53 (Central Daylight Time),50904,compatible,right,TestingProc,True,right,right,478.0,right,red,1.0,adolescent,2025-06-16,test,
projectseed-simon-production,SimonTask-v2.0,10,2025-06-25 21:11:02 (Central Daylight Time),"Mozilla/5.0 (iPhone; CPU iPhone OS 18_5 like Mac OS X) AppleWebKit/605.1.15 (KHTML, like Gecko) Version/18.5 Mobile/15E148 Safari/604.1",ff4cb226-062c-40cb-8ee4-fb6e6e5fe6da,10,852,393,eng,19.0,19.0,2025-06-25 21:11:55 (Central Daylight Time),52707,incompatible,right,TestingProc,True,right,right,497.0,left,red,0.0,adolescent,2025-06-16,test,
projectseed-simon-production,SimonTask-v2.0,10,2025-06-25 21:11:02 (Central Daylight Time),"Mozilla/5.0 (iPhone; CPU iPhone OS 18_5 like Mac OS X) AppleWebKit/605.1.15 (KHTML, like Gecko) Version/18.5 Mobile/15E148 Safari/604.1",ff4cb226-062c-40cb-8ee4-fb6e6e5fe6da,10,852,393,eng,20.0,20.0,2025-06-25 21:11:56 (Central Daylight Time),54487,incompatible,left,TestingProc,False,left,right,475.0,right,blue,0.999999999992724,adolescent,2025-06-16,test,
projectseed-simon-production,SimonTask-v2.0,10,2025-06-25 21:11:02 (Central Daylight Time),"Mozilla/5.0 (iPhone; CPU iPhone OS 18_5 like Mac OS X) AppleWebKit/605.1.15 (KHTML, like Gecko) Version/18.5 Mobile/15E148 Safari/604.1",ff4cb226-062c-40cb-8ee4-fb6e6e5fe6da,10,852,393,eng,21.0,21.0,2025-06-25 21:11:58 (Central Daylight Time),56376,incompatible,left,TestingProc,True,left,left,583.0,right,blue,1.0,adolescent,2025-06-16,test,
projectseed-simon-production,SimonTask-v2.0,10,2025-06-25 21:11:02 (Central Daylight Time),"Mozilla/5.0 (iPhone; CPU iPhone OS 18_5 like Mac OS X) AppleWebKit/605.1.15 (KHTML, like Gecko) Version/18.5 Mobile/15E148 Safari/604.1",ff4cb226-062c-40cb-8ee4-fb6e6e5fe6da,10,852,393,eng,22.0,22.0,2025-06-25 21:12:00 (Central Daylight Time),58261,incompatible,left,TestingProc,True,left,left,579.0,right,blue,0.0,adolescent,2025-06-16,test,
projectseed-simon-production,SimonTask-v2.0,10,2025-06-25 21:11:02 (Central Daylight Time),"Mozilla/5.0 (iPhone; CPU iPhone OS 18_5 like Mac OS X) AppleWebKit/605.1.15 (KHTML, like Gecko) Version/18.5 Mobile/15E148 Safari/604.1",ff4cb226-062c-40cb-8ee4-fb6e6e5fe6da,10,852,393,eng,23.0,23.0,2025-06-25 21:12:02 (Central Daylight Time),60243,compatible,right,TestingProc,True,right,right,676.0,right,red,1.0,adolescent,2025-06-16,test,
projectseed-simon-production,SimonTask-v2.0,10,2025-06-25 21:11:02 (Central Daylight Time),"Mozilla/5.0 (iPhone; CPU iPhone OS 18_5 like Mac OS X) AppleWebKit/605.1.15 (KHTML, like Gecko) Version/18.5 Mobile/15E148 Safari/604.1",ff4cb226-062c-40cb-8ee4-fb6e6e5fe6da,10,852,393,eng,24.0,24.0,2025-06-25 21:12:04 (Central Daylight Time),62330,incompatible,left,TestingProc,True,left,left,782.0,right,blue,0.0,adolescent,2025-06-16,test,
projectseed-simon-production,SimonTask-v2.0,10,2025-06-25 21:11:02 (Central Daylight Time),"Mozilla/5.0 (iPhone; CPU iPhone OS 18_5 like Mac OS X) AppleWebKit/605.1.15 (KHTML, like Gecko) Version/18.5 Mobile/15E148 Safari/604.1",ff4cb226-062c-40cb-8ee4-fb6e6e5fe6da,10,852,393,eng,25.0,25.0,2025-06-25 21:12:06 (Central Daylight Time),64582,incompatible,left,TestingProc,True,left,left,945.0,right,blue,0.999999999992724,adolescent,2025-06-16,test,
projectseed-simon-production,SimonTask-v2.0,10,2025-06-25 21:11:02 (Central Daylight Time),"Mozilla/5.0 (iPhone; CPU iPhone OS 18_5 like Mac OS X) AppleWebKit/605.1.15 (KHTML, like Gecko) Version/18.5 Mobile/15E148 Safari/604.1",ff4cb226-062c-40cb-8ee4-fb6e6e5fe6da,10,852,393,eng,26.0,26.0,2025-06-25 21:12:08 (Central Daylight Time),66433,compatible,right,TestingProc,True,right,right,544.0,right,red,1.0,adolescent,2025-06-16,test,
projectseed-simon-production,SimonTask-v2.0,10,2025-06-25 21:11:02 (Central Daylight Time),"Mozilla/5.0 (iPhone; CPU iPhone OS 18_5 like Mac OS X) AppleWebKit/605.1.15 (KHTML, like Gecko) Version/18.5 Mobile/15E148 Safari/604.1",ff4cb226-062c-40cb-8ee4-fb6e6e5fe6da,10,852,393,eng,27.0,27.0,2025-06-25 21:12:10 (Central Daylight Time),68418,incompatible,right,TestingProc,True,right,right,679.0,left,red,0.0,adolescent,2025-06-16,test,
projectseed-simon-production,SimonTask-v2.0,10,2025-06-25 21:11:02 (Central Daylight Time),"Mozilla/5.0 (iPhone; CPU iPhone OS 18_5 like Mac OS X) AppleWebKit/605.1.15 (KHTML, like Gecko) Version/18.5 Mobile/15E148 Safari/604.1",ff4cb226-062c-40cb-8ee4-fb6e6e5fe6da,10,852,393,eng,28.0,28.0,2025-06-25 21:12:12 (Central Daylight Time),70403,incompatible,left,TestingProc,True,left,left,679.0,right,blue,1.0,adolescent,2025-06-16,test,
projectseed-simon-production,SimonTask-v2.0,10,2025-06-25 21:11:02 (Central Daylight Time),"Mozilla/5.0 (iPhone; CPU iPhone OS 18_5 like Mac OS X) AppleWebKit/605.1.15 (KHTML, like Gecko) Version/18.5 Mobile/15E148 Safari/604.1",ff4cb226-062c-40cb-8ee4-fb6e6e5fe6da,10,852,393,eng,29.0,29.0,2025-06-25 21:12:14 (Central Daylight Time),72321,compatible,left,TestingProc,True,left,left,611.0,left,blue,1.0,adolescent,2025-06-16,test,
projectseed-simon-production,SimonTask-v2.0,10,2025-06-25 21:11:02 (Central Daylight Time),"Mozilla/5.0 (iPhone; CPU iPhone OS 18_5 like Mac OS X) AppleWebKit/605.1.15 (KHTML, like Gecko) Version/18.5 Mobile/15E148 Safari/604.1",ff4cb226-062c-40cb-8ee4-fb6e6e5fe6da,10,852,393,eng,30.0,30.0,2025-06-25 21:12:16 (Central Daylight Time),74339,compatible,right,TestingProc,True,right,right,712.0,right,red,0.0,adolescent,2025-06-16,test,
projectseed-simon-production,SimonTask-v2.0,10,2025-06-25 21:11:02 (Central Daylight Time),"Mozilla/5.0 (iPhone; CPU iPhone OS 18_5 like Mac OS X) AppleWebKit/605.1.15 (KHTML, like Gecko) Version/18.5 Mobile/15E148 Safari/604.1",ff4cb226-062c-40cb-8ee4-fb6e6e5fe6da,10,852,393,eng,31.0,31.0,2025-06-25 21:12:18 (Central Daylight Time),76276,incompatible,left,TestingProc,True,left,left,630.0,right,blue,0.0,adolescent,2025-06-16,test,
projectseed-simon-production,SimonTask-v2.0,10,2025-06-25 21:11:02 (Central Daylight Time),"Mozilla/5.0 (iPhone; CPU iPhone OS 18_5 like Mac OS X) AppleWebKit/605.1.15 (KHTML, like Gecko) Version/18.5 Mobile/15E148 Safari/604.1",ff4cb226-062c-40cb-8ee4-fb6e6e5fe6da,10,852,393,eng,32.0,32.0,2025-06-25 21:12:20 (Central Daylight Time),78160,incompatible,left,TestingProc,True,left,left,578.0,right,blue,1.0,adolescent,2025-06-16,test,
projectseed-simon-production,SimonTask-v2.0,10,2025-06-26 23:36:12 (Central Daylight Time),"Mozilla/5.0 (iPhone; CPU iPhone OS 18_5 like Mac OS X) AppleWebKit/605.1.15 (KHTML, like Gecko) Version/18.5 Mobile/15E148 Safari/604.1",1376f7d7-4677-47ec-9e5f-e3403d626a93,11,852,393,eng,-999.0,1.0,2025-06-26 23:36:16 (Central Daylight Time),4512,incompatible,left,TrainingList,True,left,left,613.0,right,blue,2.0,adolescent,2025-06-16,training,
projectseed-simon-production,SimonTask-v2.0,10,2025-06-26 23:36:12 (Central Daylight Time),"Mozilla/5.0 (iPhone; CPU iPhone OS 18_5 like Mac OS X) AppleWebKit/605.1.15 (KHTML, like Gecko) Version/18.5 Mobile/15E148 Safari/604.1",1376f7d7-4677-47ec-9e5f-e3403d626a93,11,852,393,eng,-999.0,2.0,2025-06-26 23:36:20 (Central Daylight Time),8279,incompatible,left,TrainingList,True,left,left,584.0,right,blue,0.9999999999990905,adolescent,2025-06-16,training,
projectseed-simon-production,SimonTask-v2.0,10,2025-06-26 23:36:12 (Central Daylight Time),"Mozilla/5.0 (iPhone; CPU iPhone OS 18_5 like Mac OS X) AppleWebKit/605.1.15 (KHTML, like Gecko) Version/18.5 Mobile/15E148 Safari/604.1",1376f7d7-4677-47ec-9e5f-e3403d626a93,11,852,393,eng,-999.0,3.0,2025-06-26 23:36:26 (Central Daylight Time),13945,incompatible,left,TrainingList,False,left,none,-999.0,right,blue,1.0,adolescent,2025-06-16,training,
projectseed-simon-production,SimonTask-v2.0,10,2025-06-26 23:36:12 (Central Daylight Time),"Mozilla/5.0 (iPhone; CPU iPhone OS 18_5 like Mac OS X) AppleWebKit/605.1.15 (KHTML, like Gecko) Version/18.5 Mobile/15E148 Safari/604.1",1376f7d7-4677-47ec-9e5f-e3403d626a93,11,852,393,eng,-999.0,4.0,2025-06-26 23:36:30 (Central Daylight Time),17989,incompatible,right,TrainingList,True,right,right,993.0,left,red,1.0,adolescent,2025-06-16,training,
projectseed-simon-production,SimonTask-v2.0,10,2025-06-26 23:36:12 (Central Daylight Time),"Mozilla/5.0 (iPhone; CPU iPhone OS 18_5 like Mac OS X) AppleWebKit/605.1.15 (KHTML, like Gecko) Version/18.5 Mobile/15E148 Safari/604.1",1376f7d7-4677-47ec-9e5f-e3403d626a93,11,852,393,eng,-999.0,5.0,2025-06-26 23:36:33 (Central Daylight Time),21046,incompatible,right,TrainingList,True,right,right,545.0,left,red,1.0,adolescent,2025-06-16,training,
projectseed-simon-production,SimonTask-v2.0,10,2025-06-26 23:36:12 (Central Daylight Time),"Mozilla/5.0 (iPhone; CPU iPhone OS 18_5 like Mac OS X) AppleWebKit/605.1.15 (KHTML, like Gecko) Version/18.5 Mobile/15E148 Safari/604.1",1376f7d7-4677-47ec-9e5f-e3403d626a93,11,852,393,eng,1.0,1.0,2025-06-26 23:36:37 (Central Daylight Time),25250,compatible,left,TestingProc,True,left,left,584.0,left,blue,1.000000000003638,adolescent,2025-06-16,test,
projectseed-simon-production,SimonTask-v2.0,10,2025-06-26 23:36:12 (Central Daylight Time),"Mozilla/5.0 (iPhone; CPU iPhone OS 18_5 like Mac OS X) AppleWebKit/605.1.15 (KHTML, like Gecko) Version/18.5 Mobile/15E148 Safari/604.1",1376f7d7-4677-47ec-9e5f-e3403d626a93,11,852,393,eng,2.0,2.0,2025-06-26 23:36:39 (Central Daylight Time),27158,incompatible,left,TestingProc,True,left,left,602.0,right,blue,0.0,adolescent,2025-06-16,test,
projectseed-simon-production,SimonTask-v2.0,10,2025-06-26 23:36:12 (Central Daylight Time),"Mozilla/5.0 (iPhone; CPU iPhone OS 18_5 like Mac OS X) AppleWebKit/605.1.15 (KHTML, like Gecko) Version/18.5 Mobile/15E148 Safari/604.1",1376f7d7-4677-47ec-9e5f-e3403d626a93,11,852,393,eng,3.0,3.0,2025-06-26 23:36:41 (Central Daylight Time),29166,incompatible,right,TestingProc,True,right,right,702.0,left,red,1.0,adolescent,2025-06-16,test,
projectseed-simon-production,SimonTask-v2.0,10,2025-06-26 23:36:12 (Central Daylight Time),"Mozilla/5.0 (iPhone; CPU iPhone OS 18_5 like Mac OS X) AppleWebKit/605.1.15 (KHTML, like Gecko) Version/18.5 Mobile/15E148 Safari/604.1",1376f7d7-4677-47ec-9e5f-e3403d626a93,11,852,393,eng,4.0,4.0,2025-06-26 23:36:43 (Central Daylight Time),31095,incompatible,right,TestingProc,True,right,right,622.0,left,red,1.0,adolescent,2025-06-16,test,
projectseed-simon-production,SimonTask-v2.0,10,2025-06-26 23:36:12 (Central Daylight Time),"Mozilla/5.0 (iPhone; CPU iPhone OS 18_5 like Mac OS X) AppleWebKit/605.1.15 (KHTML, like Gecko) Version/18.5 Mobile/15E148 Safari/604.1",1376f7d7-4677-47ec-9e5f-e3403d626a93,11,852,393,eng,5.0,5.0,2025-06-26 23:36:44 (Central Daylight Time),32748,compatible,left,TestingProc,False,left,right,346.0,left,blue,1.0,adolescent,2025-06-16,test,
projectseed-simon-production,SimonTask-v2.0,10,2025-06-26 23:36:12 (Central Daylight Time),"Mozilla/5.0 (iPhone; CPU iPhone OS 18_5 like Mac OS X) AppleWebKit/605.1.15 (KHTML, like Gecko) Version/18.5 Mobile/15E148 Safari/604.1",1376f7d7-4677-47ec-9e5f-e3403d626a93,11,852,393,eng,6.0,6.0,2025-06-26 23:36:46 (Central Daylight Time),34546,compatible,right,TestingProc,True,right,right,494.0,right,red,1.0,adolescent,2025-06-16,test,
projectseed-simon-production,SimonTask-v2.0,10,2025-06-26 23:36:12 (Central Daylight Time),"Mozilla/5.0 (iPhone; CPU iPhone OS 18_5 like Mac OS X) AppleWebKit/605.1.15 (KHTML, like Gecko) Version/18.5 Mobile/15E148 Safari/604.1",1376f7d7-4677-47ec-9e5f-e3403d626a93,11,852,393,eng,7.0,7.0,2025-06-26 23:36:48 (Central Daylight Time),36185,incompatible,right,TestingProc,True,right,right,333.0,left,red,1.0,adolescent,2025-06-16,test,
projectseed-simon-production,SimonTask-v2.0,10,2025-06-26 23:36:12 (Central Daylight Time),"Mozilla/5.0 (iPhone; CPU iPhone OS 18_5 like Mac OS X) AppleWebKit/605.1.15 (KHTML, like Gecko) Version/18.5 Mobile/15E148 Safari/604.1",1376f7d7-4677-47ec-9e5f-e3403d626a93,11,852,393,eng,8.0,8.0,2025-06-26 23:36:50 (Central Daylight Time),37962,incompatible,right,TestingProc,True,right,right,470.0,left,red,1.0,adolescent,2025-06-16,test,
projectseed-simon-production,SimonTask-v2.0,10,2025-06-26 23:36:12 (Central Daylight Time),"Mozilla/5.0 (iPhone; CPU iPhone OS 18_5 like Mac OS X) AppleWebKit/605.1.15 (KHTML, like Gecko) Version/18.5 Mobile/15E148 Safari/604.1",1376f7d7-4677-47ec-9e5f-e3403d626a93,11,852,393,eng,9.0,9.0,2025-06-26 23:36:52 (Central Daylight Time),39921,incompatible,right,TestingProc,True,right,right,653.0,left,red,0.0,adolescent,2025-06-16,test,
projectseed-simon-production,SimonTask-v2.0,10,2025-06-26 23:36:12 (Central Daylight Time),"Mozilla/5.0 (iPhone; CPU iPhone OS 18_5 like Mac OS X) AppleWebKit/605.1.15 (KHTML, like Gecko) Version/18.5 Mobile/15E148 Safari/604.1",1376f7d7-4677-47ec-9e5f-e3403d626a93,11,852,393,eng,10.0,10.0,2025-06-26 23:36:53 (Central Daylight Time),41591,incompatible,right,TestingProc,True,right,right,364.0,left,red,1.0,adolescent,2025-06-16,test,
projectseed-simon-production,SimonTask-v2.0,10,2025-06-26 23:36:12 (Central Daylight Time),"Mozilla/5.0 (iPhone; CPU iPhone OS 18_5 like Mac OS X) AppleWebKit/605.1.15 (KHTML, like Gecko) Version/18.5 Mobile/15E148 Safari/604.1",1376f7d7-4677-47ec-9e5f-e3403d626a93,11,852,393,eng,11.0,11.0,2025-06-26 23:36:55 (Central Daylight Time),43218,compatible,right,TestingProc,True,right,right,321.0,right,red,1.0,adolescent,2025-06-16,test,
projectseed-simon-production,SimonTask-v2.0,10,2025-06-26 23:36:12 (Central Daylight Time),"Mozilla/5.0 (iPhone; CPU iPhone OS 18_5 like Mac OS X) AppleWebKit/605.1.15 (KHTML, like Gecko) Version/18.5 Mobile/15E148 Safari/604.1",1376f7d7-4677-47ec-9e5f-e3403d626a93,11,852,393,eng,12.0,12.0,2025-06-26 23:36:57 (Central Daylight Time),45309,compatible,left,TestingProc,True,left,left,784.0,left,blue,1.000000000007276,adolescent,2025-06-16,test,
projectseed-simon-production,SimonTask-v2.0,10,2025-06-26 23:36:12 (Central Daylight Time),"Mozilla/5.0 (iPhone; CPU iPhone OS 18_5 like Mac OS X) AppleWebKit/605.1.15 (KHTML, like Gecko) Version/18.5 Mobile/15E148 Safari/604.1",1376f7d7-4677-47ec-9e5f-e3403d626a93,11,852,393,eng,13.0,13.0,2025-06-26 23:36:59 (Central Daylight Time),47404,compatible,left,TestingProc,True,left,left,788.0,left,blue,1.0,adolescent,2025-06-16,test,
projectseed-simon-production,SimonTask-v2.0,10,2025-06-26 23:36:12 (Central Daylight Time),"Mozilla/5.0 (iPhone; CPU iPhone OS 18_5 like Mac OS X) AppleWebKit/605.1.15 (KHTML, like Gecko) Version/18.5 Mobile/15E148 Safari/604.1",1376f7d7-4677-47ec-9e5f-e3403d626a93,11,852,393,eng,14.0,14.0,2025-06-26 23:37:01 (Central Daylight Time),49142,compatible,right,TestingProc,True,right,right,428.0,right,red,0.999999999992724,adolescent,2025-06-16,test,
projectseed-simon-production,SimonTask-v2.0,10,2025-06-26 23:36:12 (Central Daylight Time),"Mozilla/5.0 (iPhone; CPU iPhone OS 18_5 like Mac OS X) AppleWebKit/605.1.15 (KHTML, like Gecko) Version/18.5 Mobile/15E148 Safari/604.1",1376f7d7-4677-47ec-9e5f-e3403d626a93,11,852,393,eng,15.0,15.0,2025-06-26 23:37:03 (Central Daylight Time),51015,incompatible,left,TestingProc,True,left,left,566.0,right,blue,1.0,adolescent,2025-06-16,test,
projectseed-simon-production,SimonTask-v2.0,10,2025-06-26 23:36:12 (Central Daylight Time),"Mozilla/5.0 (iPhone; CPU iPhone OS 18_5 like Mac OS X) AppleWebKit/605.1.15 (KHTML, like Gecko) Version/18.5 Mobile/15E148 Safari/604.1",1376f7d7-4677-47ec-9e5f-e3403d626a93,11,852,393,eng,16.0,16.0,2025-06-26 23:37:05 (Central Daylight Time),52894,incompatible,left,TestingProc,True,left,left,571.0,right,blue,1.0,adolescent,2025-06-16,test,
projectseed-simon-production,SimonTask-v2.0,10,2025-06-26 23:36:12 (Central Daylight Time),"Mozilla/5.0 (iPhone; CPU iPhone OS 18_5 like Mac OS X) AppleWebKit/605.1.15 (KHTML, like Gecko) Version/18.5 Mobile/15E148 Safari/604.1",1376f7d7-4677-47ec-9e5f-e3403d626a93,11,852,393,eng,17.0,17.0,2025-06-26 23:37:06 (Central Daylight Time),54578,incompatible,right,TestingProc,False,right,left,379.0,left,red,1.0,adolescent,2025-06-16,test,
projectseed-simon-production,SimonTask-v2.0,10,2025-06-26 23:36:12 (Central Daylight Time),"Mozilla/5.0 (iPhone; CPU iPhone OS 18_5 like Mac OS X) AppleWebKit/605.1.15 (KHTML, like Gecko) Version/18.5 Mobile/15E148 Safari/604.1",1376f7d7-4677-47ec-9e5f-e3403d626a93,11,852,393,eng,18.0,18.0,2025-06-26 23:37:08 (Central Daylight Time),56465,incompatible,right,TestingProc,True,right,right,581.0,left,red,0.0,adolescent,2025-06-16,test,
projectseed-simon-production,SimonTask-v2.0,10,2025-06-26 23:36:12 (Central Daylight Time),"Mozilla/5.0 (iPhone; CPU iPhone OS 18_5 like Mac OS X) AppleWebKit/605.1.15 (KHTML, like Gecko) Version/18.5 Mobile/15E148 Safari/604.1",1376f7d7-4677-47ec-9e5f-e3403d626a93,11,852,393,eng,19.0,19.0,2025-06-26 23:37:10 (Central Daylight Time),58487,compatible,right,TestingProc,True,right,right,715.0,right,red,1.0,adolescent,2025-06-16,test,
projectseed-simon-production,SimonTask-v2.0,10,2025-06-26 23:36:12 (Central Daylight Time),"Mozilla/5.0 (iPhone; CPU iPhone OS 18_5 like Mac OS X) AppleWebKit/605.1.15 (KHTML, like Gecko) Version/18.5 Mobile/15E148 Safari/604.1",1376f7d7-4677-47ec-9e5f-e3403d626a93,11,852,393,eng,20.0,20.0,2025-06-26 23:37:12 (Central Daylight Time),60411,incompatible,right,TestingProc,True,right,right,618.0,left,red,0.999999999992724,adolescent,2025-06-16,test,
projectseed-simon-production,SimonTask-v2.0,10,2025-06-26 23:36:12 (Central Daylight Time),"Mozilla/5.0 (iPhone; CPU iPhone OS 18_5 like Mac OS X) AppleWebKit/605.1.15 (KHTML, like Gecko) Version/18.5 Mobile/15E148 Safari/604.1",1376f7d7-4677-47ec-9e5f-e3403d626a93,11,852,393,eng,21.0,21.0,2025-06-26 23:37:14 (Central Daylight Time),62401,incompatible,left,TestingProc,True,left,left,684.0,right,blue,0.999999999992724,adolescent,2025-06-16,test,
projectseed-simon-production,SimonTask-v2.0,10,2025-06-26 23:36:12 (Central Daylight Time),"Mozilla/5.0 (iPhone; CPU iPhone OS 18_5 like Mac OS X) AppleWebKit/605.1.15 (KHTML, like Gecko) Version/18.5 Mobile/15E148 Safari/604.1",1376f7d7-4677-47ec-9e5f-e3403d626a93,11,852,393,eng,22.0,22.0,2025-06-26 23:37:16 (Central Daylight Time),64317,incompatible,left,TestingProc,True,left,left,611.0,right,blue,0.0,adolescent,2025-06-16,test,
projectseed-simon-production,SimonTask-v2.0,10,2025-06-26 23:36:12 (Central Daylight Time),"Mozilla/5.0 (iPhone; CPU iPhone OS 18_5 like Mac OS X) AppleWebKit/605.1.15 (KHTML, like Gecko) Version/18.5 Mobile/15E148 Safari/604.1",1376f7d7-4677-47ec-9e5f-e3403d626a93,11,852,393,eng,23.0,23.0,2025-06-26 23:37:18 (Central Daylight Time),65995,incompatible,left,TestingProc,True,left,left,373.0,right,blue,0.0,adolescent,2025-06-16,test,
projectseed-simon-production,SimonTask-v2.0,10,2025-06-26 23:36:12 (Central Daylight Time),"Mozilla/5.0 (iPhone; CPU iPhone OS 18_5 like Mac OS X) AppleWebKit/605.1.15 (KHTML, like Gecko) Version/18.5 Mobile/15E148 Safari/604.1",1376f7d7-4677-47ec-9e5f-e3403d626a93,11,852,393,eng,24.0,24.0,2025-06-26 23:37:20 (Central Daylight Time),68022,compatible,right,TestingProc,True,right,right,721.0,right,red,1.0,adolescent,2025-06-16,test,
projectseed-simon-production,SimonTask-v2.0,10,2025-06-26 23:36:12 (Central Daylight Time),"Mozilla/5.0 (iPhone; CPU iPhone OS 18_5 like Mac OS X) AppleWebKit/605.1.15 (KHTML, like Gecko) Version/18.5 Mobile/15E148 Safari/604.1",1376f7d7-4677-47ec-9e5f-e3403d626a93,11,852,393,eng,25.0,25.0,2025-06-26 23:37:22 (Central Daylight Time),70113,incompatible,right,TestingProc,True,right,right,786.0,left,red,0.0,adolescent,2025-06-16,test,
projectseed-simon-production,SimonTask-v2.0,10,2025-06-26 23:36:12 (Central Daylight Time),"Mozilla/5.0 (iPhone; CPU iPhone OS 18_5 like Mac OS X) AppleWebKit/605.1.15 (KHTML, like Gecko) Version/18.5 Mobile/15E148 Safari/604.1",1376f7d7-4677-47ec-9e5f-e3403d626a93,11,852,393,eng,26.0,26.0,2025-06-26 23:37:24 (Central Daylight Time),71956,incompatible,right,TestingProc,True,right,right,537.0,left,red,0.0,adolescent,2025-06-16,test,
projectseed-simon-production,SimonTask-v2.0,10,2025-06-26 23:36:12 (Central Daylight Time),"Mozilla/5.0 (iPhone; CPU iPhone OS 18_5 like Mac OS X) AppleWebKit/605.1.15 (KHTML, like Gecko) Version/18.5 Mobile/15E148 Safari/604.1",1376f7d7-4677-47ec-9e5f-e3403d626a93,11,852,393,eng,27.0,27.0,2025-06-26 23:37:26 (Central Daylight Time),73918,compatible,left,TestingProc,True,left,left,658.0,left,blue,0.0,adolescent,2025-06-16,test,
projectseed-simon-production,SimonTask-v2.0,10,2025-06-26 23:36:12 (Central Daylight Time),"Mozilla/5.0 (iPhone; CPU iPhone OS 18_5 like Mac OS X) AppleWebKit/605.1.15 (KHTML, like Gecko) Version/18.5 Mobile/15E148 Safari/604.1",1376f7d7-4677-47ec-9e5f-e3403d626a93,11,852,393,eng,28.0,28.0,2025-06-26 23:37:28 (Central Daylight Time),75830,compatible,left,TestingProc,True,left,left,606.0,left,blue,0.0,adolescent,2025-06-16,test,
projectseed-simon-production,SimonTask-v2.0,10,2025-06-26 23:36:12 (Central Daylight Time),"Mozilla/5.0 (iPhone; CPU iPhone OS 18_5 like Mac OS X) AppleWebKit/605.1.15 (KHTML, like Gecko) Version/18.5 Mobile/15E148 Safari/604.1",1376f7d7-4677-47ec-9e5f-e3403d626a93,11,852,393,eng,29.0,29.0,2025-06-26 23:37:30 (Central Daylight Time),77798,incompatible,right,TestingProc,True,right,right,663.0,left,red,1.0,adolescent,2025-06-16,test,
projectseed-simon-production,SimonTask-v2.0,10,2025-06-26 23:36:12 (Central Daylight Time),"Mozilla/5.0 (iPhone; CPU iPhone OS 18_5 like Mac OS X) AppleWebKit/605.1.15 (KHTML, like Gecko) Version/18.5 Mobile/15E148 Safari/604.1",1376f7d7-4677-47ec-9e5f-e3403d626a93,11,852,393,eng,30.0,30.0,2025-06-26 23:37:31 (Central Daylight Time),79778,compatible,left,TestingProc,True,left,left,674.0,left,blue,1.0,adolescent,2025-06-16,test,
projectseed-simon-production,SimonTask-v2.0,10,2025-06-26 23:36:12 (Central Daylight Time),"Mozilla/5.0 (iPhone; CPU iPhone OS 18_5 like Mac OS X) AppleWebKit/605.1.15 (KHTML, like Gecko) Version/18.5 Mobile/15E148 Safari/604.1",1376f7d7-4677-47ec-9e5f-e3403d626a93,11,852,393,eng,31.0,31.0,2025-06-26 23:37:34 (Central Daylight Time),81797,incompatible,left,TestingProc,True,left,left,712.0,right,blue,1.0,adolescent,2025-06-16,test,
projectseed-simon-production,SimonTask-v2.0,10,2025-06-26 23:36:12 (Central Daylight Time),"Mozilla/5.0 (iPhone; CPU iPhone OS 18_5 like Mac OS X) AppleWebKit/605.1.15 (KHTML, like Gecko) Version/18.5 Mobile/15E148 Safari/604.1",1376f7d7-4677-47ec-9e5f-e3403d626a93,11,852,393,eng,32.0,32.0,2025-06-26 23:37:35 (Central Daylight Time),83677,incompatible,left,TestingProc,True,left,left,575.0,right,blue,0.0,adolescent,2025-06-16,test,
projectseed-simon-production,SimonTask-v2.0,10,2025-06-27 22:46:55 (Central Daylight Time),"Mozilla/5.0 (iPhone; CPU iPhone OS 18_5 like Mac OS X) AppleWebKit/605.1.15 (KHTML, like Gecko) Version/18.5 Mobile/15E148 Safari/604.1",6ac5b543-77cc-438e-b84a-ddd55a520ba7,12,852,393,eng,-999.0,1.0,2025-06-27 22:47:06 (Central Daylight Time),11519,compatible,right,TrainingList,True,right,right,972.0,right,red,1.0,adolescent,2025-06-16,training,
projectseed-simon-production,SimonTask-v2.0,10,2025-06-27 22:46:55 (Central Daylight Time),"Mozilla/5.0 (iPhone; CPU iPhone OS 18_5 like Mac OS X) AppleWebKit/605.1.15 (KHTML, like Gecko) Version/18.5 Mobile/15E148 Safari/604.1",6ac5b543-77cc-438e-b84a-ddd55a520ba7,12,852,393,eng,-999.0,2.0,2025-06-27 22:47:11 (Central Daylight Time),15696,incompatible,left,TrainingList,False,left,none,-999.0,right,blue,1.0,adolescent,2025-06-16,training,
projectseed-simon-production,SimonTask-v2.0,10,2025-06-27 22:46:55 (Central Daylight Time),"Mozilla/5.0 (iPhone; CPU iPhone OS 18_5 like Mac OS X) AppleWebKit/605.1.15 (KHTML, like Gecko) Version/18.5 Mobile/15E148 Safari/604.1",6ac5b543-77cc-438e-b84a-ddd55a520ba7,12,852,393,eng,-999.0,3.0,2025-06-27 22:47:16 (Central Daylight Time),21013,compatible,left,TrainingList,True,left,left,763.0,left,blue,1.0,adolescent,2025-06-16,training,
projectseed-simon-production,SimonTask-v2.0,10,2025-06-27 22:46:55 (Central Daylight Time),"Mozilla/5.0 (iPhone; CPU iPhone OS 18_5 like Mac OS X) AppleWebKit/605.1.15 (KHTML, like Gecko) Version/18.5 Mobile/15E148 Safari/604.1",6ac5b543-77cc-438e-b84a-ddd55a520ba7,12,852,393,eng,-999.0,4.0,2025-06-27 22:47:19 (Central Daylight Time),24147,compatible,right,TrainingList,True,right,right,463.0,right,red,0.0,adolescent,2025-06-16,training,
projectseed-simon-production,SimonTask-v2.0,10,2025-06-27 22:46:55 (Central Daylight Time),"Mozilla/5.0 (iPhone; CPU iPhone OS 18_5 like Mac OS X) AppleWebKit/605.1.15 (KHTML, like Gecko) Version/18.5 Mobile/15E148 Safari/604.1",6ac5b543-77cc-438e-b84a-ddd55a520ba7,12,852,393,eng,-999.0,5.0,2025-06-27 22:47:24 (Central Daylight Time),28651,compatible,left,TrainingList,True,left,left,662.0,left,blue,0.0,adolescent,2025-06-16,training,
projectseed-simon-production,SimonTask-v2.0,10,2025-06-27 22:46:55 (Central Daylight Time),"Mozilla/5.0 (iPhone; CPU iPhone OS 18_5 like Mac OS X) AppleWebKit/605.1.15 (KHTML, like Gecko) Version/18.5 Mobile/15E148 Safari/604.1",6ac5b543-77cc-438e-b84a-ddd55a520ba7,12,852,393,eng,1.0,1.0,2025-06-27 22:47:28 (Central Daylight Time),32838,compatible,left,TestingProc,True,left,left,683.0,left,blue,1.0,adolescent,2025-06-16,test,
projectseed-simon-production,SimonTask-v2.0,10,2025-06-27 22:46:55 (Central Daylight Time),"Mozilla/5.0 (iPhone; CPU iPhone OS 18_5 like Mac OS X) AppleWebKit/605.1.15 (KHTML, like Gecko) Version/18.5 Mobile/15E148 Safari/604.1",6ac5b543-77cc-438e-b84a-ddd55a520ba7,12,852,393,eng,2.0,2.0,2025-06-27 22:47:30 (Central Daylight Time),34856,incompatible,left,TestingProc,True,left,left,712.0,right,blue,0.0,adolescent,2025-06-16,test,
projectseed-simon-production,SimonTask-v2.0,10,2025-06-27 22:46:55 (Central Daylight Time),"Mozilla/5.0 (iPhone; CPU iPhone OS 18_5 like Mac OS X) AppleWebKit/605.1.15 (KHTML, like Gecko) Version/18.5 Mobile/15E148 Safari/604.1",6ac5b543-77cc-438e-b84a-ddd55a520ba7,12,852,393,eng,3.0,3.0,2025-06-27 22:47:32 (Central Daylight Time),36624,compatible,left,TestingProc,True,left,left,461.0,left,blue,1.0,adolescent,2025-06-16,test,
projectseed-simon-production,SimonTask-v2.0,10,2025-06-27 22:46:55 (Central Daylight Time),"Mozilla/5.0 (iPhone; CPU iPhone OS 18_5 like Mac OS X) AppleWebKit/605.1.15 (KHTML, like Gecko) Version/18.5 Mobile/15E148 Safari/604.1",6ac5b543-77cc-438e-b84a-ddd55a520ba7,12,852,393,eng,4.0,4.0,2025-06-27 22:47:34 (Central Daylight Time),38643,incompatible,left,TestingProc,True,left,left,712.0,right,blue,1.0,adolescent,2025-06-16,test,
projectseed-simon-production,SimonTask-v2.0,10,2025-06-27 22:46:55 (Central Daylight Time),"Mozilla/5.0 (iPhone; CPU iPhone OS 18_5 like Mac OS X) AppleWebKit/605.1.15 (KHTML, like Gecko) Version/18.5 Mobile/15E148 Safari/604.1",6ac5b543-77cc-438e-b84a-ddd55a520ba7,12,852,393,eng,5.0,5.0,2025-06-27 22:47:36 (Central Daylight Time),40744,compatible,right,TestingProc,True,right,right,795.0,right,red,1.0,adolescent,2025-06-16,test,
projectseed-simon-production,SimonTask-v2.0,10,2025-06-27 22:46:55 (Central Daylight Time),"Mozilla/5.0 (iPhone; CPU iPhone OS 18_5 like Mac OS X) AppleWebKit/605.1.15 (KHTML, like Gecko) Version/18.5 Mobile/15E148 Safari/604.1",6ac5b543-77cc-438e-b84a-ddd55a520ba7,12,852,393,eng,6.0,6.0,2025-06-27 22:47:38 (Central Daylight Time),42729,compatible,left,TestingProc,True,left,left,679.0,left,blue,1.0,adolescent,2025-06-16,test,
projectseed-simon-production,SimonTask-v2.0,10,2025-06-27 22:46:55 (Central Daylight Time),"Mozilla/5.0 (iPhone; CPU iPhone OS 18_5 like Mac OS X) AppleWebKit/605.1.15 (KHTML, like Gecko) Version/18.5 Mobile/15E148 Safari/604.1",6ac5b543-77cc-438e-b84a-ddd55a520ba7,12,852,393,eng,7.0,7.0,2025-06-27 22:47:40 (Central Daylight Time),44846,incompatible,right,TestingProc,True,right,right,811.0,left,red,0.999999999992724,adolescent,2025-06-16,test,
projectseed-simon-production,SimonTask-v2.0,10,2025-06-27 22:46:55 (Central Daylight Time),"Mozilla/5.0 (iPhone; CPU iPhone OS 18_5 like Mac OS X) AppleWebKit/605.1.15 (KHTML, like Gecko) Version/18.5 Mobile/15E148 Safari/604.1",6ac5b543-77cc-438e-b84a-ddd55a520ba7,12,852,393,eng,8.0,8.0,2025-06-27 22:47:42 (Central Daylight Time),47065,compatible,right,TestingProc,True,right,right,914.0,right,red,1.0,adolescent,2025-06-16,test,
projectseed-simon-production,SimonTask-v2.0,10,2025-06-27 22:46:55 (Central Daylight Time),"Mozilla/5.0 (iPhone; CPU iPhone OS 18_5 like Mac OS X) AppleWebKit/605.1.15 (KHTML, like Gecko) Version/18.5 Mobile/15E148 Safari/604.1",6ac5b543-77cc-438e-b84a-ddd55a520ba7,12,852,393,eng,9.0,9.0,2025-06-27 22:47:44 (Central Daylight Time),49047,incompatible,right,TestingProc,True,right,right,677.0,left,red,0.0,adolescent,2025-06-16,test,
projectseed-simon-production,SimonTask-v2.0,10,2025-06-27 22:46:55 (Central Daylight Time),"Mozilla/5.0 (iPhone; CPU iPhone OS 18_5 like Mac OS X) AppleWebKit/605.1.15 (KHTML, like Gecko) Version/18.5 Mobile/15E148 Safari/604.1",6ac5b543-77cc-438e-b84a-ddd55a520ba7,12,852,393,eng,10.0,10.0,2025-06-27 22:47:46 (Central Daylight Time),51085,compatible,left,TestingProc,True,left,left,731.0,left,blue,1.000000000007276,adolescent,2025-06-16,test,
projectseed-simon-production,SimonTask-v2.0,10,2025-06-27 22:46:55 (Central Daylight Time),"Mozilla/5.0 (iPhone; CPU iPhone OS 18_5 like Mac OS X) AppleWebKit/605.1.15 (KHTML, like Gecko) Version/18.5 Mobile/15E148 Safari/604.1",6ac5b543-77cc-438e-b84a-ddd55a520ba7,12,852,393,eng,11.0,11.0,2025-06-27 22:47:48 (Central Daylight Time),53249,incompatible,right,TestingProc,True,right,right,859.0,left,red,0.0,adolescent,2025-06-16,test,
projectseed-simon-production,SimonTask-v2.0,10,2025-06-27 22:46:55 (Central Daylight Time),"Mozilla/5.0 (iPhone; CPU iPhone OS 18_5 like Mac OS X) AppleWebKit/605.1.15 (KHTML, like Gecko) Version/18.5 Mobile/15E148 Safari/604.1",6ac5b543-77cc-438e-b84a-ddd55a520ba7,12,852,393,eng,12.0,12.0,2025-06-27 22:47:50 (Central Daylight Time),55355,compatible,right,TestingProc,True,right,right,800.0,right,red,1.0,adolescent,2025-06-16,test,
projectseed-simon-production,SimonTask-v2.0,10,2025-06-27 22:46:55 (Central Daylight Time),"Mozilla/5.0 (iPhone; CPU iPhone OS 18_5 like Mac OS X) AppleWebKit/605.1.15 (KHTML, like Gecko) Version/18.5 Mobile/15E148 Safari/604.1",6ac5b543-77cc-438e-b84a-ddd55a520ba7,12,852,393,eng,13.0,13.0,2025-06-27 22:47:52 (Central Daylight Time),57506,incompatible,left,TestingProc,True,left,left,845.0,right,blue,1.000000000007276,adolescent,2025-06-16,test,
projectseed-simon-production,SimonTask-v2.0,10,2025-06-27 22:46:55 (Central Daylight Time),"Mozilla/5.0 (iPhone; CPU iPhone OS 18_5 like Mac OS X) AppleWebKit/605.1.15 (KHTML, like Gecko) Version/18.5 Mobile/15E148 Safari/604.1",6ac5b543-77cc-438e-b84a-ddd55a520ba7,12,852,393,eng,14.0,14.0,2025-06-27 22:47:55 (Central Daylight Time),59708,compatible,right,TestingProc,True,right,right,898.0,right,red,0.0,adolescent,2025-06-16,test,
projectseed-simon-production,SimonTask-v2.0,10,2025-06-27 22:46:55 (Central Daylight Time),"Mozilla/5.0 (iPhone; CPU iPhone OS 18_5 like Mac OS X) AppleWebKit/605.1.15 (KHTML, like Gecko) Version/18.5 Mobile/15E148 Safari/604.1",6ac5b543-77cc-438e-b84a-ddd55a520ba7,12,852,393,eng,15.0,15.0,2025-06-27 22:47:57 (Central Daylight Time),61709,incompatible,right,TestingProc,True,right,right,696.0,left,red,1.0,adolescent,2025-06-16,test,
projectseed-simon-production,SimonTask-v2.0,10,2025-06-27 22:46:55 (Central Daylight Time),"Mozilla/5.0 (iPhone; CPU iPhone OS 18_5 like Mac OS X) AppleWebKit/605.1.15 (KHTML, like Gecko) Version/18.5 Mobile/15E148 Safari/604.1",6ac5b543-77cc-438e-b84a-ddd55a520ba7,12,852,393,eng,16.0,16.0,2025-06-27 22:47:59 (Central Daylight Time),63694,compatible,left,TestingProc,True,left,left,679.0,left,blue,1.0,adolescent,2025-06-16,test,
projectseed-simon-production,SimonTask-v2.0,10,2025-06-27 22:46:55 (Central Daylight Time),"Mozilla/5.0 (iPhone; CPU iPhone OS 18_5 like Mac OS X) AppleWebKit/605.1.15 (KHTML, like Gecko) Version/18.5 Mobile/15E148 Safari/604.1",6ac5b543-77cc-438e-b84a-ddd55a520ba7,12,852,393,eng,17.0,17.0,2025-06-27 22:48:01 (Central Daylight Time),65629,incompatible,left,TestingProc,True,left,left,629.0,right,blue,0.0,adolescent,2025-06-16,test,
projectseed-simon-production,SimonTask-v2.0,10,2025-06-27 22:46:55 (Central Daylight Time),"Mozilla/5.0 (iPhone; CPU iPhone OS 18_5 like Mac OS X) AppleWebKit/605.1.15 (KHTML, like Gecko) Version/18.5 Mobile/15E148 Safari/604.1",6ac5b543-77cc-438e-b84a-ddd55a520ba7,12,852,393,eng,18.0,18.0,2025-06-27 22:48:02 (Central Daylight Time),67480,compatible,right,TestingProc,True,right,right,546.0,right,red,0.9999999999854481,adolescent,2025-06-16,test,
projectseed-simon-production,SimonTask-v2.0,10,2025-06-27 22:46:55 (Central Daylight Time),"Mozilla/5.0 (iPhone; CPU iPhone OS 18_5 like Mac OS X) AppleWebKit/605.1.15 (KHTML, like Gecko) Version/18.5 Mobile/15E148 Safari/604.1",6ac5b543-77cc-438e-b84a-ddd55a520ba7,12,852,393,eng,19.0,19.0,2025-06-27 22:48:04 (Central Daylight Time),69231,compatible,right,TestingProc,True,right,right,445.0,right,red,1.0,adolescent,2025-06-16,test,
projectseed-simon-production,SimonTask-v2.0,10,2025-06-27 22:46:55 (Central Daylight Time),"Mozilla/5.0 (iPhone; CPU iPhone OS 18_5 like Mac OS X) AppleWebKit/605.1.15 (KHTML, like Gecko) Version/18.5 Mobile/15E148 Safari/604.1",6ac5b543-77cc-438e-b84a-ddd55a520ba7,12,852,393,eng,20.0,20.0,2025-06-27 22:48:06 (Central Daylight Time),71233,incompatible,left,TestingProc,True,left,left,696.0,right,blue,0.0,adolescent,2025-06-16,test,
projectseed-simon-production,SimonTask-v2.0,10,2025-06-27 22:46:55 (Central Daylight Time),"Mozilla/5.0 (iPhone; CPU iPhone OS 18_5 like Mac OS X) AppleWebKit/605.1.15 (KHTML, like Gecko) Version/18.5 Mobile/15E148 Safari/604.1",6ac5b543-77cc-438e-b84a-ddd55a520ba7,12,852,393,eng,21.0,21.0,2025-06-27 22:48:08 (Central Daylight Time),73100,compatible,left,TestingProc,True,left,left,562.0,left,blue,0.0,adolescent,2025-06-16,test,
projectseed-simon-production,SimonTask-v2.0,10,2025-06-27 22:46:55 (Central Daylight Time),"Mozilla/5.0 (iPhone; CPU iPhone OS 18_5 like Mac OS X) AppleWebKit/605.1.15 (KHTML, like Gecko) Version/18.5 Mobile/15E148 Safari/604.1",6ac5b543-77cc-438e-b84a-ddd55a520ba7,12,852,393,eng,22.0,22.0,2025-06-27 22:48:10 (Central Daylight Time),75052,incompatible,left,TestingProc,True,left,left,646.0,right,blue,1.0,adolescent,2025-06-16,test,
projectseed-simon-production,SimonTask-v2.0,10,2025-06-27 22:46:55 (Central Daylight Time),"Mozilla/5.0 (iPhone; CPU iPhone OS 18_5 like Mac OS X) AppleWebKit/605.1.15 (KHTML, like Gecko) Version/18.5 Mobile/15E148 Safari/604.1",6ac5b543-77cc-438e-b84a-ddd55a520ba7,12,852,393,eng,23.0,23.0,2025-06-27 22:48:12 (Central Daylight Time),76986,compatible,right,TestingProc,True,right,right,627.0,right,red,1.0,adolescent,2025-06-16,test,
projectseed-simon-production,SimonTask-v2.0,10,2025-06-27 22:46:55 (Central Daylight Time),"Mozilla/5.0 (iPhone; CPU iPhone OS 18_5 like Mac OS X) AppleWebKit/605.1.15 (KHTML, like Gecko) Version/18.5 Mobile/15E148 Safari/604.1",6ac5b543-77cc-438e-b84a-ddd55a520ba7,12,852,393,eng,24.0,24.0,2025-06-27 22:48:14 (Central Daylight Time),78972,incompatible,right,TestingProc,True,right,right,680.0,left,red,1.0,adolescent,2025-06-16,test,
projectseed-simon-production,SimonTask-v2.0,10,2025-06-27 22:46:55 (Central Daylight Time),"Mozilla/5.0 (iPhone; CPU iPhone OS 18_5 like Mac OS X) AppleWebKit/605.1.15 (KHTML, like Gecko) Version/18.5 Mobile/15E148 Safari/604.1",6ac5b543-77cc-438e-b84a-ddd55a520ba7,12,852,393,eng,25.0,25.0,2025-06-27 22:48:16 (Central Daylight Time),80924,incompatible,left,TestingProc,True,left,left,645.0,right,blue,1.0,adolescent,2025-06-16,test,
projectseed-simon-production,SimonTask-v2.0,10,2025-06-27 22:46:55 (Central Daylight Time),"Mozilla/5.0 (iPhone; CPU iPhone OS 18_5 like Mac OS X) AppleWebKit/605.1.15 (KHTML, like Gecko) Version/18.5 Mobile/15E148 Safari/604.1",6ac5b543-77cc-438e-b84a-ddd55a520ba7,12,852,393,eng,26.0,26.0,2025-06-27 22:48:18 (Central Daylight Time),82958,compatible,right,TestingProc,True,right,right,729.0,right,red,1.0,adolescent,2025-06-16,test,
projectseed-simon-production,SimonTask-v2.0,10,2025-06-27 22:46:55 (Central Daylight Time),"Mozilla/5.0 (iPhone; CPU iPhone OS 18_5 like Mac OS X) AppleWebKit/605.1.15 (KHTML, like Gecko) Version/18.5 Mobile/15E148 Safari/604.1",6ac5b543-77cc-438e-b84a-ddd55a520ba7,12,852,393,eng,27.0,27.0,2025-06-27 22:48:20 (Central Daylight Time),84776,compatible,right,TestingProc,True,right,right,512.0,right,red,0.0,adolescent,2025-06-16,test,
projectseed-simon-production,SimonTask-v2.0,10,2025-06-27 22:46:55 (Central Daylight Time),"Mozilla/5.0 (iPhone; CPU iPhone OS 18_5 like Mac OS X) AppleWebKit/605.1.15 (KHTML, like Gecko) Version/18.5 Mobile/15E148 Safari/604.1",6ac5b543-77cc-438e-b84a-ddd55a520ba7,12,852,393,eng,28.0,28.0,2025-06-27 22:48:22 (Central Daylight Time),86644,compatible,right,TestingProc,True,right,right,562.0,right,red,0.0,adolescent,2025-06-16,test,
projectseed-simon-production,SimonTask-v2.0,10,2025-06-27 22:46:55 (Central Daylight Time),"Mozilla/5.0 (iPhone; CPU iPhone OS 18_5 like Mac OS X) AppleWebKit/605.1.15 (KHTML, like Gecko) Version/18.5 Mobile/15E148 Safari/604.1",6ac5b543-77cc-438e-b84a-ddd55a520ba7,12,852,393,eng,29.0,29.0,2025-06-27 22:48:24 (Central Daylight Time),88613,compatible,left,TestingProc,True,left,left,663.0,left,blue,0.0,adolescent,2025-06-16,test,
projectseed-simon-production,SimonTask-v2.0,10,2025-06-27 22:46:55 (Central Daylight Time),"Mozilla/5.0 (iPhone; CPU iPhone OS 18_5 like Mac OS X) AppleWebKit/605.1.15 (KHTML, like Gecko) Version/18.5 Mobile/15E148 Safari/604.1",6ac5b543-77cc-438e-b84a-ddd55a520ba7,12,852,393,eng,30.0,30.0,2025-06-27 22:48:26 (Central Daylight Time),90631,incompatible,right,TestingProc,True,right,right,713.0,left,red,1.0,adolescent,2025-06-16,test,
projectseed-simon-production,SimonTask-v2.0,10,2025-06-27 22:46:55 (Central Daylight Time),"Mozilla/5.0 (iPhone; CPU iPhone OS 18_5 like Mac OS X) AppleWebKit/605.1.15 (KHTML, like Gecko) Version/18.5 Mobile/15E148 Safari/604.1",6ac5b543-77cc-438e-b84a-ddd55a520ba7,12,852,393,eng,31.0,31.0,2025-06-27 22:48:28 (Central Daylight Time),92599,compatible,left,TestingProc,True,left,left,662.0,left,blue,0.0,adolescent,2025-06-16,test,
projectseed-simon-production,SimonTask-v2.0,10,2025-06-27 22:46:55 (Central Daylight Time),"Mozilla/5.0 (iPhone; CPU iPhone OS 18_5 like Mac OS X) AppleWebKit/605.1.15 (KHTML, like Gecko) Version/18.5 Mobile/15E148 Safari/604.1",6ac5b543-77cc-438e-b84a-ddd55a520ba7,12,852,393,eng,32.0,32.0,2025-06-27 22:48:30 (Central Daylight Time),94651,compatible,right,TestingProc,True,right,right,746.0,right,red,0.0,adolescent,2025-06-16,test,
projectseed-simon-production,SimonTask-v2.0,10,2025-06-28 23:02:10 (Central Daylight Time),"Mozilla/5.0 (iPhone; CPU iPhone OS 18_5 like Mac OS X) AppleWebKit/605.1.15 (KHTML, like Gecko) Version/18.5 Mobile/15E148 Safari/604.1",eabf79ab-c98b-4309-838e-5a108af79260,13,852,393,eng,-999.0,1.0,2025-06-28 23:02:35 (Central Daylight Time),25147,incompatible,right,TrainingList,True,right,right,707.0,left,red,2.000000000003638,adolescent,2025-06-16,training,
projectseed-simon-production,SimonTask-v2.0,10,2025-06-28 23:02:10 (Central Daylight Time),"Mozilla/5.0 (iPhone; CPU iPhone OS 18_5 like Mac OS X) AppleWebKit/605.1.15 (KHTML, like Gecko) Version/18.5 Mobile/15E148 Safari/604.1",eabf79ab-c98b-4309-838e-5a108af79260,13,852,393,eng,-999.0,2.0,2025-06-28 23:02:39 (Central Daylight Time),29400,incompatible,right,TrainingList,True,right,right,662.0,left,red,0.0,adolescent,2025-06-16,training,
projectseed-simon-production,SimonTask-v2.0,10,2025-06-28 23:02:10 (Central Daylight Time),"Mozilla/5.0 (iPhone; CPU iPhone OS 18_5 like Mac OS X) AppleWebKit/605.1.15 (KHTML, like Gecko) Version/18.5 Mobile/15E148 Safari/604.1",eabf79ab-c98b-4309-838e-5a108af79260,13,852,393,eng,-999.0,3.0,2025-06-28 23:02:42 (Central Daylight Time),32351,incompatible,left,TrainingList,True,left,left,593.0,right,blue,0.0,adolescent,2025-06-16,training,
projectseed-simon-production,SimonTask-v2.0,10,2025-06-28 23:02:10 (Central Daylight Time),"Mozilla/5.0 (iPhone; CPU iPhone OS 18_5 like Mac OS X) AppleWebKit/605.1.15 (KHTML, like Gecko) Version/18.5 Mobile/15E148 Safari/604.1",eabf79ab-c98b-4309-838e-5a108af79260,13,852,393,eng,-999.0,4.0,2025-06-28 23:02:45 (Central Daylight Time),35271,compatible,right,TrainingList,True,right,right,427.0,right,red,1.0,adolescent,2025-06-16,training,
projectseed-simon-production,SimonTask-v2.0,10,2025-06-28 23:02:10 (Central Daylight Time),"Mozilla/5.0 (iPhone; CPU iPhone OS 18_5 like Mac OS X) AppleWebKit/605.1.15 (KHTML, like Gecko) Version/18.5 Mobile/15E148 Safari/604.1",eabf79ab-c98b-4309-838e-5a108af79260,13,852,393,eng,1.0,1.0,2025-06-28 23:02:49 (Central Daylight Time),38856,incompatible,right,TestingProc,True,right,right,595.0,left,red,1.0,adolescent,2025-06-16,test,
projectseed-simon-production,SimonTask-v2.0,10,2025-06-28 23:02:10 (Central Daylight Time),"Mozilla/5.0 (iPhone; CPU iPhone OS 18_5 like Mac OS X) AppleWebKit/605.1.15 (KHTML, like Gecko) Version/18.5 Mobile/15E148 Safari/604.1",eabf79ab-c98b-4309-838e-5a108af79260,13,852,393,eng,2.0,2.0,2025-06-28 23:02:51 (Central Daylight Time),40775,incompatible,left,TestingProc,True,left,left,612.0,right,blue,1.0,adolescent,2025-06-16,test,
projectseed-simon-production,SimonTask-v2.0,10,2025-06-28 23:02:10 (Central Daylight Time),"Mozilla/5.0 (iPhone; CPU iPhone OS 18_5 like Mac OS X) AppleWebKit/605.1.15 (KHTML, like Gecko) Version/18.5 Mobile/15E148 Safari/604.1",eabf79ab-c98b-4309-838e-5a108af79260,13,852,393,eng,3.0,3.0,2025-06-28 23:02:52 (Central Daylight Time),42594,compatible,left,TestingProc,True,left,left,512.0,left,blue,1.0,adolescent,2025-06-16,test,
projectseed-simon-production,SimonTask-v2.0,10,2025-06-28 23:02:10 (Central Daylight Time),"Mozilla/5.0 (iPhone; CPU iPhone OS 18_5 like Mac OS X) AppleWebKit/605.1.15 (KHTML, like Gecko) Version/18.5 Mobile/15E148 Safari/604.1",eabf79ab-c98b-4309-838e-5a108af79260,13,852,393,eng,4.0,4.0,2025-06-28 23:02:54 (Central Daylight Time),44528,incompatible,left,TestingProc,True,left,left,629.0,right,blue,1.0,adolescent,2025-06-16,test,
projectseed-simon-production,SimonTask-v2.0,10,2025-06-28 23:02:10 (Central Daylight Time),"Mozilla/5.0 (iPhone; CPU iPhone OS 18_5 like Mac OS X) AppleWebKit/605.1.15 (KHTML, like Gecko) Version/18.5 Mobile/15E148 Safari/604.1",eabf79ab-c98b-4309-838e-5a108af79260,13,852,393,eng,5.0,5.0,2025-06-28 23:02:56 (Central Daylight Time),46598,incompatible,right,TestingProc,True,right,right,762.0,left,red,1.0,adolescent,2025-06-16,test,
projectseed-simon-production,SimonTask-v2.0,10,2025-06-28 23:02:10 (Central Daylight Time),"Mozilla/5.0 (iPhone; CPU iPhone OS 18_5 like Mac OS X) AppleWebKit/605.1.15 (KHTML, like Gecko) Version/18.5 Mobile/15E148 Safari/604.1",eabf79ab-c98b-4309-838e-5a108af79260,13,852,393,eng,6.0,6.0,2025-06-28 23:02:58 (Central Daylight Time),48515,compatible,left,TestingProc,True,left,left,611.0,left,blue,1.0,adolescent,2025-06-16,test,
projectseed-simon-production,SimonTask-v2.0,10,2025-06-28 23:02:10 (Central Daylight Time),"Mozilla/5.0 (iPhone; CPU iPhone OS 18_5 like Mac OS X) AppleWebKit/605.1.15 (KHTML, like Gecko) Version/18.5 Mobile/15E148 Safari/604.1",eabf79ab-c98b-4309-838e-5a108af79260,13,852,393,eng,7.0,7.0,2025-06-28 23:03:00 (Central Daylight Time),50417,compatible,right,TestingProc,True,right,right,596.0,right,red,1.000000000007276,adolescent,2025-06-16,test,
projectseed-simon-production,SimonTask-v2.0,10,2025-06-28 23:02:10 (Central Daylight Time),"Mozilla/5.0 (iPhone; CPU iPhone OS 18_5 like Mac OS X) AppleWebKit/605.1.15 (KHTML, like Gecko) Version/18.5 Mobile/15E148 Safari/604.1",eabf79ab-c98b-4309-838e-5a108af79260,13,852,393,eng,8.0,8.0,2025-06-28 23:03:03 (Central Daylight Time),52724,incompatible,right,TestingProc,False,right,none,-999.0,left,red,1.0,adolescent,2025-06-16,test,
projectseed-simon-production,SimonTask-v2.0,10,2025-06-28 23:02:10 (Central Daylight Time),"Mozilla/5.0 (iPhone; CPU iPhone OS 18_5 like Mac OS X) AppleWebKit/605.1.15 (KHTML, like Gecko) Version/18.5 Mobile/15E148 Safari/604.1",eabf79ab-c98b-4309-838e-5a108af79260,13,852,393,eng,9.0,9.0,2025-06-28 23:03:06 (Central Daylight Time),56288,compatible,right,TestingProc,True,right,right,746.0,right,red,0.0,adolescent,2025-06-16,test,
projectseed-simon-production,SimonTask-v2.0,10,2025-06-28 23:02:10 (Central Daylight Time),"Mozilla/5.0 (iPhone; CPU iPhone OS 18_5 like Mac OS X) AppleWebKit/605.1.15 (KHTML, like Gecko) Version/18.5 Mobile/15E148 Safari/604.1",eabf79ab-c98b-4309-838e-5a108af79260,13,852,393,eng,10.0,10.0,2025-06-28 23:03:08 (Central Daylight Time),58239,compatible,left,TestingProc,True,left,left,646.0,left,blue,0.0,adolescent,2025-06-16,test,
projectseed-simon-production,SimonTask-v2.0,10,2025-06-28 23:02:10 (Central Daylight Time),"Mozilla/5.0 (iPhone; CPU iPhone OS 18_5 like Mac OS X) AppleWebKit/605.1.15 (KHTML, like Gecko) Version/18.5 Mobile/15E148 Safari/604.1",eabf79ab-c98b-4309-838e-5a108af79260,13,852,393,eng,11.0,11.0,2025-06-28 23:03:10 (Central Daylight Time),60241,incompatible,right,TestingProc,True,right,right,695.0,left,red,1.0,adolescent,2025-06-16,test,
projectseed-simon-production,SimonTask-v2.0,10,2025-06-28 23:02:10 (Central Daylight Time),"Mozilla/5.0 (iPhone; CPU iPhone OS 18_5 like Mac OS X) AppleWebKit/605.1.15 (KHTML, like Gecko) Version/18.5 Mobile/15E148 Safari/604.1",eabf79ab-c98b-4309-838e-5a108af79260,13,852,393,eng,12.0,12.0,2025-06-28 23:03:12 (Central Daylight Time),62292,incompatible,left,TestingProc,True,left,left,745.0,right,blue,1.0,adolescent,2025-06-16,test,
projectseed-simon-production,SimonTask-v2.0,10,2025-06-28 23:02:10 (Central Daylight Time),"Mozilla/5.0 (iPhone; CPU iPhone OS 18_5 like Mac OS X) AppleWebKit/605.1.15 (KHTML, like Gecko) Version/18.5 Mobile/15E148 Safari/604.1",eabf79ab-c98b-4309-838e-5a108af79260,13,852,393,eng,13.0,13.0,2025-06-28 23:03:14 (Central Daylight Time),64243,compatible,right,TestingProc,True,right,right,644.0,right,red,1.000000000007276,adolescent,2025-06-16,test,
projectseed-simon-production,SimonTask-v2.0,10,2025-06-28 23:02:10 (Central Daylight Time),"Mozilla/5.0 (iPhone; CPU iPhone OS 18_5 like Mac OS X) AppleWebKit/605.1.15 (KHTML, like Gecko) Version/18.5 Mobile/15E148 Safari/604.1",eabf79ab-c98b-4309-838e-5a108af79260,13,852,393,eng,14.0,14.0,2025-06-28 23:03:16 (Central Daylight Time),66262,compatible,left,TestingProc,True,left,left,713.0,left,blue,0.9999999999854481,adolescent,2025-06-16,test,
projectseed-simon-production,SimonTask-v2.0,10,2025-06-28 23:02:10 (Central Daylight Time),"Mozilla/5.0 (iPhone; CPU iPhone OS 18_5 like Mac OS X) AppleWebKit/605.1.15 (KHTML, like Gecko) Version/18.5 Mobile/15E148 Safari/604.1",eabf79ab-c98b-4309-838e-5a108af79260,13,852,393,eng,15.0,15.0,2025-06-28 23:03:18 (Central Daylight Time),68569,incompatible,right,TestingProc,False,right,none,-999.0,left,red,1.0,adolescent,2025-06-16,test,
projectseed-simon-production,SimonTask-v2.0,10,2025-06-28 23:02:10 (Central Daylight Time),"Mozilla/5.0 (iPhone; CPU iPhone OS 18_5 like Mac OS X) AppleWebKit/605.1.15 (KHTML, like Gecko) Version/18.5 Mobile/15E148 Safari/604.1",eabf79ab-c98b-4309-838e-5a108af79260,13,852,393,eng,16.0,16.0,2025-06-28 23:03:22 (Central Daylight Time),71732,compatible,right,TestingProc,True,right,right,663.0,right,red,1.0,adolescent,2025-06-16,test,
projectseed-simon-production,SimonTask-v2.0,10,2025-06-28 23:02:10 (Central Daylight Time),"Mozilla/5.0 (iPhone; CPU iPhone OS 18_5 like Mac OS X) AppleWebKit/605.1.15 (KHTML, like Gecko) Version/18.5 Mobile/15E148 Safari/604.1",eabf79ab-c98b-4309-838e-5a108af79260,13,852,393,eng,17.0,17.0,2025-06-28 23:03:24 (Central Daylight Time),74015,compatible,right,TestingProc,True,right,right,976.0,right,red,1.000000000014552,adolescent,2025-06-16,test,
projectseed-simon-production,SimonTask-v2.0,10,2025-06-28 23:02:10 (Central Daylight Time),"Mozilla/5.0 (iPhone; CPU iPhone OS 18_5 like Mac OS X) AppleWebKit/605.1.15 (KHTML, like Gecko) Version/18.5 Mobile/15E148 Safari/604.1",eabf79ab-c98b-4309-838e-5a108af79260,13,852,393,eng,18.0,18.0,2025-06-28 23:03:26 (Central Daylight Time),75986,compatible,left,TestingProc,True,left,left,665.0,left,blue,1.0,adolescent,2025-06-16,test,
projectseed-simon-production,SimonTask-v2.0,10,2025-06-28 23:02:10 (Central Daylight Time),"Mozilla/5.0 (iPhone; CPU iPhone OS 18_5 like Mac OS X) AppleWebKit/605.1.15 (KHTML, like Gecko) Version/18.5 Mobile/15E148 Safari/604.1",eabf79ab-c98b-4309-838e-5a108af79260,13,852,393,eng,19.0,19.0,2025-06-28 23:03:28 (Central Daylight Time),77871,incompatible,left,TestingProc,True,left,left,579.0,right,blue,1.000000000014552,adolescent,2025-06-16,test,
projectseed-simon-production,SimonTask-v2.0,10,2025-06-28 23:02:10 (Central Daylight Time),"Mozilla/5.0 (iPhone; CPU iPhone OS 18_5 like Mac OS X) AppleWebKit/605.1.15 (KHTML, like Gecko) Version/18.5 Mobile/15E148 Safari/604.1",eabf79ab-c98b-4309-838e-5a108af79260,13,852,393,eng,20.0,20.0,2025-06-28 23:03:30 (Central Daylight Time),80178,compatible,right,TestingProc,False,right,none,-999.0,right,red,0.0,adolescent,2025-06-16,test,
projectseed-simon-production,SimonTask-v2.0,10,2025-06-28 23:02:10 (Central Daylight Time),"Mozilla/5.0 (iPhone; CPU iPhone OS 18_5 like Mac OS X) AppleWebKit/605.1.15 (KHTML, like Gecko) Version/18.5 Mobile/15E148 Safari/604.1",eabf79ab-c98b-4309-838e-5a108af79260,13,852,393,eng,21.0,21.0,2025-06-28 23:03:33 (Central Daylight Time),83523,incompatible,right,TestingProc,True,right,right,778.0,left,red,0.0,adolescent,2025-06-16,test,
projectseed-simon-production,SimonTask-v2.0,10,2025-06-28 23:02:10 (Central Daylight Time),"Mozilla/5.0 (iPhone; CPU iPhone OS 18_5 like Mac OS X) AppleWebKit/605.1.15 (KHTML, like Gecko) Version/18.5 Mobile/15E148 Safari/604.1",eabf79ab-c98b-4309-838e-5a108af79260,13,852,393,eng,22.0,22.0,2025-06-28 23:03:35 (Central Daylight Time),85544,incompatible,left,TestingProc,True,left,left,715.0,right,blue,0.0,adolescent,2025-06-16,test,
projectseed-simon-production,SimonTask-v2.0,10,2025-06-28 23:02:10 (Central Daylight Time),"Mozilla/5.0 (iPhone; CPU iPhone OS 18_5 like Mac OS X) AppleWebKit/605.1.15 (KHTML, like Gecko) Version/18.5 Mobile/15E148 Safari/604.1",eabf79ab-c98b-4309-838e-5a108af79260,13,852,393,eng,23.0,23.0,2025-06-28 23:03:37 (Central Daylight Time),87646,incompatible,right,TestingProc,True,right,right,796.0,left,red,0.0,adolescent,2025-06-16,test,
projectseed-simon-production,SimonTask-v2.0,10,2025-06-28 23:02:10 (Central Daylight Time),"Mozilla/5.0 (iPhone; CPU iPhone OS 18_5 like Mac OS X) AppleWebKit/605.1.15 (KHTML, like Gecko) Version/18.5 Mobile/15E148 Safari/604.1",eabf79ab-c98b-4309-838e-5a108af79260,13,852,393,eng,24.0,24.0,2025-06-28 23:03:39 (Central Daylight Time),89546,compatible,right,TestingProc,True,right,right,594.0,right,red,1.0,adolescent,2025-06-16,test,
projectseed-simon-production,SimonTask-v2.0,10,2025-06-28 23:02:10 (Central Daylight Time),"Mozilla/5.0 (iPhone; CPU iPhone OS 18_5 like Mac OS X) AppleWebKit/605.1.15 (KHTML, like Gecko) Version/18.5 Mobile/15E148 Safari/604.1",eabf79ab-c98b-4309-838e-5a108af79260,13,852,393,eng,25.0,25.0,2025-06-28 23:03:41 (Central Daylight Time),91465,compatible,right,TestingProc,True,right,right,613.0,right,red,1.0,adolescent,2025-06-16,test,
projectseed-simon-production,SimonTask-v2.0,10,2025-06-28 23:02:10 (Central Daylight Time),"Mozilla/5.0 (iPhone; CPU iPhone OS 18_5 like Mac OS X) AppleWebKit/605.1.15 (KHTML, like Gecko) Version/18.5 Mobile/15E148 Safari/604.1",eabf79ab-c98b-4309-838e-5a108af79260,13,852,393,eng,26.0,26.0,2025-06-28 23:03:43 (Central Daylight Time),93467,incompatible,right,TestingProc,True,right,right,697.0,left,red,0.0,adolescent,2025-06-16,test,
projectseed-simon-production,SimonTask-v2.0,10,2025-06-28 23:02:10 (Central Daylight Time),"Mozilla/5.0 (iPhone; CPU iPhone OS 18_5 like Mac OS X) AppleWebKit/605.1.15 (KHTML, like Gecko) Version/18.5 Mobile/15E148 Safari/604.1",eabf79ab-c98b-4309-838e-5a108af79260,13,852,393,eng,27.0,27.0,2025-06-28 23:03:45 (Central Daylight Time),95401,compatible,right,TestingProc,True,right,right,630.0,right,red,1.0,adolescent,2025-06-16,test,
projectseed-simon-production,SimonTask-v2.0,10,2025-06-28 23:02:10 (Central Daylight Time),"Mozilla/5.0 (iPhone; CPU iPhone OS 18_5 like Mac OS X) AppleWebKit/605.1.15 (KHTML, like Gecko) Version/18.5 Mobile/15E148 Safari/604.1",eabf79ab-c98b-4309-838e-5a108af79260,13,852,393,eng,28.0,28.0,2025-06-28 23:03:47 (Central Daylight Time),97220,incompatible,right,TestingProc,True,right,right,512.0,left,red,1.0,adolescent,2025-06-16,test,
projectseed-simon-production,SimonTask-v2.0,10,2025-06-28 23:02:10 (Central Daylight Time),"Mozilla/5.0 (iPhone; CPU iPhone OS 18_5 like Mac OS X) AppleWebKit/605.1.15 (KHTML, like Gecko) Version/18.5 Mobile/15E148 Safari/604.1",eabf79ab-c98b-4309-838e-5a108af79260,13,852,393,eng,29.0,29.0,2025-06-28 23:03:49 (Central Daylight Time),98971,compatible,right,TestingProc,True,right,right,445.0,right,red,1.0,adolescent,2025-06-16,test,
projectseed-simon-production,SimonTask-v2.0,10,2025-06-28 23:02:10 (Central Daylight Time),"Mozilla/5.0 (iPhone; CPU iPhone OS 18_5 like Mac OS X) AppleWebKit/605.1.15 (KHTML, like Gecko) Version/18.5 Mobile/15E148 Safari/604.1",eabf79ab-c98b-4309-838e-5a108af79260,13,852,393,eng,30.0,30.0,2025-06-28 23:03:51 (Central Daylight Time),100922,compatible,left,TestingProc,True,left,left,644.0,left,blue,0.9999999999854481,adolescent,2025-06-16,test,
projectseed-simon-production,SimonTask-v2.0,10,2025-06-28 23:02:10 (Central Daylight Time),"Mozilla/5.0 (iPhone; CPU iPhone OS 18_5 like Mac OS X) AppleWebKit/605.1.15 (KHTML, like Gecko) Version/18.5 Mobile/15E148 Safari/604.1",eabf79ab-c98b-4309-838e-5a108af79260,13,852,393,eng,31.0,31.0,2025-06-28 23:03:53 (Central Daylight Time),103229,incompatible,right,TestingProc,False,right,none,-999.0,left,red,0.0,adolescent,2025-06-16,test,
projectseed-simon-production,SimonTask-v2.0,10,2025-06-28 23:02:10 (Central Daylight Time),"Mozilla/5.0 (iPhone; CPU iPhone OS 18_5 like Mac OS X) AppleWebKit/605.1.15 (KHTML, like Gecko) Version/18.5 Mobile/15E148 Safari/604.1",eabf79ab-c98b-4309-838e-5a108af79260,13,852,393,eng,32.0,32.0,2025-06-28 23:03:56 (Central Daylight Time),106359,incompatible,right,TestingProc,True,right,right,695.0,left,red,0.0,adolescent,2025-06-16,test,
projectseed-simon-production,SimonTask-v2.0,11,2025-06-15 17:20:22 (Central Daylight Time),"Mozilla/5.0 (iPhone; CPU iPhone OS 18_1_1 like Mac OS X) AppleWebKit/605.1.15 (KHTML, like Gecko) Version/18.1.1 Mobile/15E148 Safari/604.1",c1396440-13db-4156-aa99-5ce6a1606ef9,0,844,390,eng,-999.0,1.0,2025-06-15 17:20:37 (Central Daylight Time),15714,incompatible,left,TrainingList,False,left,none,-999.0,right,blue,1.999999999998181,adolescent,2025-06-16,training,
projectseed-simon-production,SimonTask-v2.0,11,2025-06-15 17:20:22 (Central Daylight Time),"Mozilla/5.0 (iPhone; CPU iPhone OS 18_1_1 like Mac OS X) AppleWebKit/605.1.15 (KHTML, like Gecko) Version/18.1.1 Mobile/15E148 Safari/604.1",c1396440-13db-4156-aa99-5ce6a1606ef9,0,844,390,eng,-999.0,2.0,2025-06-15 17:20:42 (Central Daylight Time),20153,compatible,left,TrainingList,True,left,left,594.0,left,blue,1.0,adolescent,2025-06-16,training,
projectseed-simon-production,SimonTask-v2.0,11,2025-06-15 17:20:22 (Central Daylight Time),"Mozilla/5.0 (iPhone; CPU iPhone OS 18_1_1 like Mac OS X) AppleWebKit/605.1.15 (KHTML, like Gecko) Version/18.1.1 Mobile/15E148 Safari/604.1",c1396440-13db-4156-aa99-5ce6a1606ef9,0,844,390,eng,-999.0,3.0,2025-06-15 17:20:45 (Central Daylight Time),23325,incompatible,left,TrainingList,True,left,left,497.0,right,blue,1.0,adolescent,2025-06-16,training,
projectseed-simon-production,SimonTask-v2.0,11,2025-06-15 17:20:22 (Central Daylight Time),"Mozilla/5.0 (iPhone; CPU iPhone OS 18_1_1 like Mac OS X) AppleWebKit/605.1.15 (KHTML, like Gecko) Version/18.1.1 Mobile/15E148 Safari/604.1",c1396440-13db-4156-aa99-5ce6a1606ef9,0,844,390,eng,-999.0,4.0,2025-06-15 17:20:48 (Central Daylight Time),26711,incompatible,left,TrainingList,True,left,left,513.0,right,blue,0.0,adolescent,2025-06-16,training,
projectseed-simon-production,SimonTask-v2.0,11,2025-06-15 17:20:22 (Central Daylight Time),"Mozilla/5.0 (iPhone; CPU iPhone OS 18_1_1 like Mac OS X) AppleWebKit/605.1.15 (KHTML, like Gecko) Version/18.1.1 Mobile/15E148 Safari/604.1",c1396440-13db-4156-aa99-5ce6a1606ef9,0,844,390,eng,-999.0,5.0,2025-06-15 17:20:52 (Central Daylight Time),29828,incompatible,left,TrainingList,True,left,left,459.0,right,blue,0.0,adolescent,2025-06-16,training,
projectseed-simon-production,SimonTask-v2.0,11,2025-06-24 00:21:33 (Central Daylight Time),"Mozilla/5.0 (iPhone; CPU iPhone OS 18_5 like Mac OS X) AppleWebKit/605.1.15 (KHTML, like Gecko) Version/18.5 Mobile/15E148 Safari/604.1",f7b82a64-3d4c-4bd0-8d29-ff178b06ff34,8,844,390,span,-999.0,1.0,2025-06-24 00:21:43 (Central Daylight Time),9539,incompatible,right,TrainingList,False,right,none,-999.0,left,red,2.0,adolescent,2025-06-16,training,
projectseed-simon-production,SimonTask-v2.0,11,2025-06-24 00:21:33 (Central Daylight Time),"Mozilla/5.0 (iPhone; CPU iPhone OS 18_5 like Mac OS X) AppleWebKit/605.1.15 (KHTML, like Gecko) Version/18.5 Mobile/15E148 Safari/604.1",f7b82a64-3d4c-4bd0-8d29-ff178b06ff34,8,844,390,span,-999.0,2.0,2025-06-24 00:21:46 (Central Daylight Time),13296,incompatible,right,TrainingList,True,right,right,542.0,left,red,1.0,adolescent,2025-06-16,training,
projectseed-simon-production,SimonTask-v2.0,11,2025-06-24 00:21:33 (Central Daylight Time),"Mozilla/5.0 (iPhone; CPU iPhone OS 18_5 like Mac OS X) AppleWebKit/605.1.15 (KHTML, like Gecko) Version/18.5 Mobile/15E148 Safari/604.1",f7b82a64-3d4c-4bd0-8d29-ff178b06ff34,8,844,390,span,-999.0,3.0,2025-06-24 00:21:51 (Central Daylight Time),18269,compatible,left,TrainingList,True,left,left,610.0,left,blue,1.0,adolescent,2025-06-16,training,
projectseed-simon-production,SimonTask-v2.0,11,2025-06-24 00:21:33 (Central Daylight Time),"Mozilla/5.0 (iPhone; CPU iPhone OS 18_5 like Mac OS X) AppleWebKit/605.1.15 (KHTML, like Gecko) Version/18.5 Mobile/15E148 Safari/604.1",f7b82a64-3d4c-4bd0-8d29-ff178b06ff34,8,844,390,span,-999.0,4.0,2025-06-24 00:21:55 (Central Daylight Time),21571,compatible,right,TrainingList,True,right,right,628.0,right,red,0.0,adolescent,2025-06-16,training,
projectseed-simon-production,SimonTask-v2.0,11,2025-06-24 00:21:33 (Central Daylight Time),"Mozilla/5.0 (iPhone; CPU iPhone OS 18_5 like Mac OS X) AppleWebKit/605.1.15 (KHTML, like Gecko) Version/18.5 Mobile/15E148 Safari/604.1",f7b82a64-3d4c-4bd0-8d29-ff178b06ff34,8,844,390,span,-999.0,5.0,2025-06-24 00:21:59 (Central Daylight Time),25541,incompatible,right,TrainingList,True,right,right,576.0,left,red,1.000000000003638,adolescent,2025-06-16,training,
projectseed-simon-production,SimonTask-v2.0,11,2025-06-24 00:21:33 (Central Daylight Time),"Mozilla/5.0 (iPhone; CPU iPhone OS 18_5 like Mac OS X) AppleWebKit/605.1.15 (KHTML, like Gecko) Version/18.5 Mobile/15E148 Safari/604.1",f7b82a64-3d4c-4bd0-8d29-ff178b06ff34,8,844,390,span,1.0,1.0,2025-06-24 00:22:04 (Central Daylight Time),30545,compatible,right,TestingProc,True,right,right,647.0,right,red,1.000000000003638,adolescent,2025-06-16,test,
projectseed-simon-production,SimonTask-v2.0,11,2025-06-24 00:21:33 (Central Daylight Time),"Mozilla/5.0 (iPhone; CPU iPhone OS 18_5 like Mac OS X) AppleWebKit/605.1.15 (KHTML, like Gecko) Version/18.5 Mobile/15E148 Safari/604.1",f7b82a64-3d4c-4bd0-8d29-ff178b06ff34,8,844,390,span,2.0,2.0,2025-06-24 00:22:05 (Central Daylight Time),32363,incompatible,left,TestingProc,True,left,left,511.0,right,blue,1.000000000007276,adolescent,2025-06-16,test,
projectseed-simon-production,SimonTask-v2.0,11,2025-06-24 00:21:33 (Central Daylight Time),"Mozilla/5.0 (iPhone; CPU iPhone OS 18_5 like Mac OS X) AppleWebKit/605.1.15 (KHTML, like Gecko) Version/18.5 Mobile/15E148 Safari/604.1",f7b82a64-3d4c-4bd0-8d29-ff178b06ff34,8,844,390,span,3.0,3.0,2025-06-24 00:22:07 (Central Daylight Time),34165,compatible,left,TestingProc,True,left,left,496.0,left,blue,0.0,adolescent,2025-06-16,test,
projectseed-simon-production,SimonTask-v2.0,11,2025-06-24 00:21:33 (Central Daylight Time),"Mozilla/5.0 (iPhone; CPU iPhone OS 18_5 like Mac OS X) AppleWebKit/605.1.15 (KHTML, like Gecko) Version/18.5 Mobile/15E148 Safari/604.1",f7b82a64-3d4c-4bd0-8d29-ff178b06ff34,8,844,390,span,4.0,4.0,2025-06-24 00:22:09 (Central Daylight Time),35883,compatible,right,TestingProc,True,right,right,410.0,right,red,1.0,adolescent,2025-06-16,test,
projectseed-simon-production,SimonTask-v2.0,11,2025-06-24 00:21:33 (Central Daylight Time),"Mozilla/5.0 (iPhone; CPU iPhone OS 18_5 like Mac OS X) AppleWebKit/605.1.15 (KHTML, like Gecko) Version/18.5 Mobile/15E148 Safari/604.1",f7b82a64-3d4c-4bd0-8d29-ff178b06ff34,8,844,390,span,5.0,5.0,2025-06-24 00:22:11 (Central Daylight Time),37680,compatible,right,TestingProc,True,right,right,492.0,right,red,1.0,adolescent,2025-06-16,test,
projectseed-simon-production,SimonTask-v2.0,11,2025-06-24 00:21:33 (Central Daylight Time),"Mozilla/5.0 (iPhone; CPU iPhone OS 18_5 like Mac OS X) AppleWebKit/605.1.15 (KHTML, like Gecko) Version/18.5 Mobile/15E148 Safari/604.1",f7b82a64-3d4c-4bd0-8d29-ff178b06ff34,8,844,390,span,6.0,6.0,2025-06-24 00:22:12 (Central Daylight Time),39518,compatible,left,TestingProc,True,left,left,531.0,left,blue,1.0,adolescent,2025-06-16,test,
projectseed-simon-production,SimonTask-v2.0,11,2025-06-24 00:21:33 (Central Daylight Time),"Mozilla/5.0 (iPhone; CPU iPhone OS 18_5 like Mac OS X) AppleWebKit/605.1.15 (KHTML, like Gecko) Version/18.5 Mobile/15E148 Safari/604.1",f7b82a64-3d4c-4bd0-8d29-ff178b06ff34,8,844,390,span,7.0,7.0,2025-06-24 00:22:14 (Central Daylight Time),41420,incompatible,left,TestingProc,True,left,left,595.0,right,blue,0.999999999992724,adolescent,2025-06-16,test,
projectseed-simon-production,SimonTask-v2.0,11,2025-06-24 00:21:33 (Central Daylight Time),"Mozilla/5.0 (iPhone; CPU iPhone OS 18_5 like Mac OS X) AppleWebKit/605.1.15 (KHTML, like Gecko) Version/18.5 Mobile/15E148 Safari/604.1",f7b82a64-3d4c-4bd0-8d29-ff178b06ff34,8,844,390,span,8.0,8.0,2025-06-24 00:22:16 (Central Daylight Time),43254,compatible,right,TestingProc,True,right,right,528.0,right,red,1.0,adolescent,2025-06-16,test,
projectseed-simon-production,SimonTask-v2.0,11,2025-06-24 00:21:33 (Central Daylight Time),"Mozilla/5.0 (iPhone; CPU iPhone OS 18_5 like Mac OS X) AppleWebKit/605.1.15 (KHTML, like Gecko) Version/18.5 Mobile/15E148 Safari/604.1",f7b82a64-3d4c-4bd0-8d29-ff178b06ff34,8,844,390,span,9.0,9.0,2025-06-24 00:22:18 (Central Daylight Time),45122,incompatible,right,TestingProc,True,right,right,561.0,left,red,0.0,adolescent,2025-06-16,test,
projectseed-simon-production,SimonTask-v2.0,11,2025-06-24 00:21:33 (Central Daylight Time),"Mozilla/5.0 (iPhone; CPU iPhone OS 18_5 like Mac OS X) AppleWebKit/605.1.15 (KHTML, like Gecko) Version/18.5 Mobile/15E148 Safari/604.1",f7b82a64-3d4c-4bd0-8d29-ff178b06ff34,8,844,390,span,10.0,10.0,2025-06-24 00:22:20 (Central Daylight Time),46957,compatible,right,TestingProc,True,right,right,528.0,right,red,1.0,adolescent,2025-06-16,test,
projectseed-simon-production,SimonTask-v2.0,11,2025-06-24 00:21:33 (Central Daylight Time),"Mozilla/5.0 (iPhone; CPU iPhone OS 18_5 like Mac OS X) AppleWebKit/605.1.15 (KHTML, like Gecko) Version/18.5 Mobile/15E148 Safari/604.1",f7b82a64-3d4c-4bd0-8d29-ff178b06ff34,8,844,390,span,11.0,11.0,2025-06-24 00:22:22 (Central Daylight Time),48809,incompatible,right,TestingProc,True,right,right,545.0,left,red,1.0,adolescent,2025-06-16,test,
projectseed-simon-production,SimonTask-v2.0,11,2025-06-24 00:21:33 (Central Daylight Time),"Mozilla/5.0 (iPhone; CPU iPhone OS 18_5 like Mac OS X) AppleWebKit/605.1.15 (KHTML, like Gecko) Version/18.5 Mobile/15E148 Safari/604.1",f7b82a64-3d4c-4bd0-8d29-ff178b06ff34,8,844,390,span,12.0,12.0,2025-06-24 00:22:24 (Central Daylight Time),50793,incompatible,left,TestingProc,True,left,left,678.0,right,blue,1.0,adolescent,2025-06-16,test,
projectseed-simon-production,SimonTask-v2.0,11,2025-06-24 00:21:33 (Central Daylight Time),"Mozilla/5.0 (iPhone; CPU iPhone OS 18_5 like Mac OS X) AppleWebKit/605.1.15 (KHTML, like Gecko) Version/18.5 Mobile/15E148 Safari/604.1",f7b82a64-3d4c-4bd0-8d29-ff178b06ff34,8,844,390,span,13.0,13.0,2025-06-24 00:22:26 (Central Daylight Time),52680,compatible,right,TestingProc,True,right,right,581.0,right,red,1.0,adolescent,2025-06-16,test,
projectseed-simon-production,SimonTask-v2.0,11,2025-06-24 00:21:33 (Central Daylight Time),"Mozilla/5.0 (iPhone; CPU iPhone OS 18_5 like Mac OS X) AppleWebKit/605.1.15 (KHTML, like Gecko) Version/18.5 Mobile/15E148 Safari/604.1",f7b82a64-3d4c-4bd0-8d29-ff178b06ff34,8,844,390,span,14.0,14.0,2025-06-24 00:22:28 (Central Daylight Time),54647,compatible,left,TestingProc,True,left,left,661.0,left,blue,0.0,adolescent,2025-06-16,test,
projectseed-simon-production,SimonTask-v2.0,11,2025-06-24 00:21:33 (Central Daylight Time),"Mozilla/5.0 (iPhone; CPU iPhone OS 18_5 like Mac OS X) AppleWebKit/605.1.15 (KHTML, like Gecko) Version/18.5 Mobile/15E148 Safari/604.1",f7b82a64-3d4c-4bd0-8d29-ff178b06ff34,8,844,390,span,15.0,15.0,2025-06-24 00:22:29 (Central Daylight Time),56498,incompatible,right,TestingProc,True,right,right,544.0,left,red,1.0,adolescent,2025-06-16,test,
projectseed-simon-production,SimonTask-v2.0,11,2025-06-24 00:21:33 (Central Daylight Time),"Mozilla/5.0 (iPhone; CPU iPhone OS 18_5 like Mac OS X) AppleWebKit/605.1.15 (KHTML, like Gecko) Version/18.5 Mobile/15E148 Safari/604.1",f7b82a64-3d4c-4bd0-8d29-ff178b06ff34,8,844,390,span,16.0,16.0,2025-06-24 00:22:31 (Central Daylight Time),58367,incompatible,left,TestingProc,True,left,left,562.0,right,blue,1.0,adolescent,2025-06-16,test,
projectseed-simon-production,SimonTask-v2.0,11,2025-06-24 00:21:33 (Central Daylight Time),"Mozilla/5.0 (iPhone; CPU iPhone OS 18_5 like Mac OS X) AppleWebKit/605.1.15 (KHTML, like Gecko) Version/18.5 Mobile/15E148 Safari/604.1",f7b82a64-3d4c-4bd0-8d29-ff178b06ff34,8,844,390,span,17.0,17.0,2025-06-24 00:22:33 (Central Daylight Time),60268,incompatible,left,TestingProc,True,left,left,594.0,right,blue,1.0,adolescent,2025-06-16,test,
projectseed-simon-production,SimonTask-v2.0,11,2025-06-24 00:21:33 (Central Daylight Time),"Mozilla/5.0 (iPhone; CPU iPhone OS 18_5 like Mac OS X) AppleWebKit/605.1.15 (KHTML, like Gecko) Version/18.5 Mobile/15E148 Safari/604.1",f7b82a64-3d4c-4bd0-8d29-ff178b06ff34,8,844,390,span,18.0,18.0,2025-06-24 00:22:35 (Central Daylight Time),62152,compatible,right,TestingProc,True,right,right,578.0,right,red,0.999999999992724,adolescent,2025-06-16,test,
projectseed-simon-production,SimonTask-v2.0,11,2025-06-24 00:21:33 (Central Daylight Time),"Mozilla/5.0 (iPhone; CPU iPhone OS 18_5 like Mac OS X) AppleWebKit/605.1.15 (KHTML, like Gecko) Version/18.5 Mobile/15E148 Safari/604.1",f7b82a64-3d4c-4bd0-8d29-ff178b06ff34,8,844,390,span,19.0,19.0,2025-06-24 00:22:37 (Central Daylight Time),64104,compatible,left,TestingProc,True,left,left,646.0,left,blue,0.999999999992724,adolescent,2025-06-16,test,
projectseed-simon-production,SimonTask-v2.0,11,2025-06-24 00:21:33 (Central Daylight Time),"Mozilla/5.0 (iPhone; CPU iPhone OS 18_5 like Mac OS X) AppleWebKit/605.1.15 (KHTML, like Gecko) Version/18.5 Mobile/15E148 Safari/604.1",f7b82a64-3d4c-4bd0-8d29-ff178b06ff34,8,844,390,span,20.0,20.0,2025-06-24 00:22:39 (Central Daylight Time),65888,incompatible,right,TestingProc,True,right,right,478.0,left,red,1.0,adolescent,2025-06-16,test,
projectseed-simon-production,SimonTask-v2.0,11,2025-06-24 00:21:33 (Central Daylight Time),"Mozilla/5.0 (iPhone; CPU iPhone OS 18_5 like Mac OS X) AppleWebKit/605.1.15 (KHTML, like Gecko) Version/18.5 Mobile/15E148 Safari/604.1",f7b82a64-3d4c-4bd0-8d29-ff178b06ff34,8,844,390,span,21.0,21.0,2025-06-24 00:22:41 (Central Daylight Time),67756,incompatible,left,TestingProc,True,left,left,562.0,right,blue,0.0,adolescent,2025-06-16,test,
projectseed-simon-production,SimonTask-v2.0,11,2025-06-24 00:21:33 (Central Daylight Time),"Mozilla/5.0 (iPhone; CPU iPhone OS 18_5 like Mac OS X) AppleWebKit/605.1.15 (KHTML, like Gecko) Version/18.5 Mobile/15E148 Safari/604.1",f7b82a64-3d4c-4bd0-8d29-ff178b06ff34,8,844,390,span,22.0,22.0,2025-06-24 00:22:43 (Central Daylight Time),69591,incompatible,right,TestingProc,True,right,right,528.0,left,red,1.0,adolescent,2025-06-16,test,
projectseed-simon-production,SimonTask-v2.0,11,2025-06-24 00:21:33 (Central Daylight Time),"Mozilla/5.0 (iPhone; CPU iPhone OS 18_5 like Mac OS X) AppleWebKit/605.1.15 (KHTML, like Gecko) Version/18.5 Mobile/15E148 Safari/604.1",f7b82a64-3d4c-4bd0-8d29-ff178b06ff34,8,844,390,span,23.0,23.0,2025-06-24 00:22:44 (Central Daylight Time),71393,compatible,left,TestingProc,True,left,left,497.0,left,blue,0.0,adolescent,2025-06-16,test,
projectseed-simon-production,SimonTask-v2.0,11,2025-06-24 00:21:33 (Central Daylight Time),"Mozilla/5.0 (iPhone; CPU iPhone OS 18_5 like Mac OS X) AppleWebKit/605.1.15 (KHTML, like Gecko) Version/18.5 Mobile/15E148 Safari/604.1",f7b82a64-3d4c-4bd0-8d29-ff178b06ff34,8,844,390,span,24.0,24.0,2025-06-24 00:22:46 (Central Daylight Time),73210,incompatible,left,TestingProc,True,left,left,511.0,right,blue,1.0,adolescent,2025-06-16,test,
projectseed-simon-production,SimonTask-v2.0,11,2025-06-24 00:21:33 (Central Daylight Time),"Mozilla/5.0 (iPhone; CPU iPhone OS 18_5 like Mac OS X) AppleWebKit/605.1.15 (KHTML, like Gecko) Version/18.5 Mobile/15E148 Safari/604.1",f7b82a64-3d4c-4bd0-8d29-ff178b06ff34,8,844,390,span,25.0,25.0,2025-06-24 00:22:48 (Central Daylight Time),74962,compatible,left,TestingProc,False,left,right,446.0,left,blue,1.0,adolescent,2025-06-16,test,
projectseed-simon-production,SimonTask-v2.0,11,2025-06-24 00:21:33 (Central Daylight Time),"Mozilla/5.0 (iPhone; CPU iPhone OS 18_5 like Mac OS X) AppleWebKit/605.1.15 (KHTML, like Gecko) Version/18.5 Mobile/15E148 Safari/604.1",f7b82a64-3d4c-4bd0-8d29-ff178b06ff34,8,844,390,span,26.0,26.0,2025-06-24 00:22:50 (Central Daylight Time),76830,compatible,left,TestingProc,True,left,left,562.0,left,blue,0.0,adolescent,2025-06-16,test,
projectseed-simon-production,SimonTask-v2.0,11,2025-06-24 00:21:33 (Central Daylight Time),"Mozilla/5.0 (iPhone; CPU iPhone OS 18_5 like Mac OS X) AppleWebKit/605.1.15 (KHTML, like Gecko) Version/18.5 Mobile/15E148 Safari/604.1",f7b82a64-3d4c-4bd0-8d29-ff178b06ff34,8,844,390,span,27.0,27.0,2025-06-24 00:22:52 (Central Daylight Time),78648,incompatible,right,TestingProc,True,right,right,512.0,left,red,0.9999999999854481,adolescent,2025-06-16,test,
projectseed-simon-production,SimonTask-v2.0,11,2025-06-24 00:21:33 (Central Daylight Time),"Mozilla/5.0 (iPhone; CPU iPhone OS 18_5 like Mac OS X) AppleWebKit/605.1.15 (KHTML, like Gecko) Version/18.5 Mobile/15E148 Safari/604.1",f7b82a64-3d4c-4bd0-8d29-ff178b06ff34,8,844,390,span,28.0,28.0,2025-06-24 00:22:53 (Central Daylight Time),80433,incompatible,left,TestingProc,True,left,left,478.0,right,blue,0.0,adolescent,2025-06-16,test,
projectseed-simon-production,SimonTask-v2.0,11,2025-06-24 00:21:33 (Central Daylight Time),"Mozilla/5.0 (iPhone; CPU iPhone OS 18_5 like Mac OS X) AppleWebKit/605.1.15 (KHTML, like Gecko) Version/18.5 Mobile/15E148 Safari/604.1",f7b82a64-3d4c-4bd0-8d29-ff178b06ff34,8,844,390,span,29.0,29.0,2025-06-24 00:22:55 (Central Daylight Time),82268,incompatible,left,TestingProc,True,left,left,529.0,right,blue,1.000000000014552,adolescent,2025-06-16,test,
projectseed-simon-production,SimonTask-v2.0,11,2025-06-24 00:21:33 (Central Daylight Time),"Mozilla/5.0 (iPhone; CPU iPhone OS 18_5 like Mac OS X) AppleWebKit/605.1.15 (KHTML, like Gecko) Version/18.5 Mobile/15E148 Safari/604.1",f7b82a64-3d4c-4bd0-8d29-ff178b06ff34,8,844,390,span,30.0,30.0,2025-06-24 00:22:57 (Central Daylight Time),84202,compatible,right,TestingProc,True,right,right,628.0,right,red,1.0,adolescent,2025-06-16,test,
projectseed-simon-production,SimonTask-v2.0,11,2025-06-24 00:21:33 (Central Daylight Time),"Mozilla/5.0 (iPhone; CPU iPhone OS 18_5 like Mac OS X) AppleWebKit/605.1.15 (KHTML, like Gecko) Version/18.5 Mobile/15E148 Safari/604.1",f7b82a64-3d4c-4bd0-8d29-ff178b06ff34,8,844,390,span,31.0,31.0,2025-06-24 00:22:59 (Central Daylight Time),86088,compatible,left,TestingProc,True,left,left,579.0,left,blue,0.9999999999854481,adolescent,2025-06-16,test,
projectseed-simon-production,SimonTask-v2.0,11,2025-06-24 00:21:33 (Central Daylight Time),"Mozilla/5.0 (iPhone; CPU iPhone OS 18_5 like Mac OS X) AppleWebKit/605.1.15 (KHTML, like Gecko) Version/18.5 Mobile/15E148 Safari/604.1",f7b82a64-3d4c-4bd0-8d29-ff178b06ff34,8,844,390,span,32.0,32.0,2025-06-24 00:23:01 (Central Daylight Time),87873,incompatible,right,TestingProc,True,right,right,479.0,left,red,0.0,adolescent,2025-06-16,test,
projectseed-simon-production,SimonTask-v2.0,11,2025-06-25 00:49:29 (Central Daylight Time),"Mozilla/5.0 (iPhone; CPU iPhone OS 18_5 like Mac OS X) AppleWebKit/605.1.15 (KHTML, like Gecko) Version/18.5 Mobile/15E148 Safari/604.1",3afe1151-774e-4e71-af16-847ccb015fde,9,844,390,span,-999.0,1.0,2025-06-25 00:49:35 (Central Daylight Time),6076,compatible,right,TrainingList,True,right,right,856.0,right,red,0.9999999999990905,adolescent,2025-06-16,training,
projectseed-simon-production,SimonTask-v2.0,11,2025-06-25 00:49:29 (Central Daylight Time),"Mozilla/5.0 (iPhone; CPU iPhone OS 18_5 like Mac OS X) AppleWebKit/605.1.15 (KHTML, like Gecko) Version/18.5 Mobile/15E148 Safari/604.1",3afe1151-774e-4e71-af16-847ccb015fde,9,844,390,span,-999.0,2.0,2025-06-25 00:49:39 (Central Daylight Time),9799,compatible,left,TrainingList,True,left,left,725.0,left,blue,1.0,adolescent,2025-06-16,training,
projectseed-simon-production,SimonTask-v2.0,11,2025-06-25 00:49:29 (Central Daylight Time),"Mozilla/5.0 (iPhone; CPU iPhone OS 18_5 like Mac OS X) AppleWebKit/605.1.15 (KHTML, like Gecko) Version/18.5 Mobile/15E148 Safari/604.1",3afe1151-774e-4e71-af16-847ccb015fde,9,844,390,span,-999.0,3.0,2025-06-25 00:49:42 (Central Daylight Time),12936,compatible,left,TrainingList,True,left,left,678.0,left,blue,0.0,adolescent,2025-06-16,training,
projectseed-simon-production,SimonTask-v2.0,11,2025-06-25 00:49:29 (Central Daylight Time),"Mozilla/5.0 (iPhone; CPU iPhone OS 18_5 like Mac OS X) AppleWebKit/605.1.15 (KHTML, like Gecko) Version/18.5 Mobile/15E148 Safari/604.1",3afe1151-774e-4e71-af16-847ccb015fde,9,844,390,span,-999.0,4.0,2025-06-25 00:49:45 (Central Daylight Time),15972,incompatible,right,TrainingList,True,right,right,763.0,left,red,1.0,adolescent,2025-06-16,training,
projectseed-simon-production,SimonTask-v2.0,11,2025-06-25 00:49:29 (Central Daylight Time),"Mozilla/5.0 (iPhone; CPU iPhone OS 18_5 like Mac OS X) AppleWebKit/605.1.15 (KHTML, like Gecko) Version/18.5 Mobile/15E148 Safari/604.1",3afe1151-774e-4e71-af16-847ccb015fde,9,844,390,span,1.0,1.0,2025-06-25 00:49:49 (Central Daylight Time),19941,incompatible,right,TestingProc,True,right,right,780.0,left,red,0.0,adolescent,2025-06-16,test,
projectseed-simon-production,SimonTask-v2.0,11,2025-06-25 00:49:29 (Central Daylight Time),"Mozilla/5.0 (iPhone; CPU iPhone OS 18_5 like Mac OS X) AppleWebKit/605.1.15 (KHTML, like Gecko) Version/18.5 Mobile/15E148 Safari/604.1",3afe1151-774e-4e71-af16-847ccb015fde,9,844,390,span,2.0,2.0,2025-06-25 00:49:51 (Central Daylight Time),21926,incompatible,left,TestingProc,True,left,left,677.0,right,blue,1.000000000003638,adolescent,2025-06-16,test,
projectseed-simon-production,SimonTask-v2.0,11,2025-06-25 00:49:29 (Central Daylight Time),"Mozilla/5.0 (iPhone; CPU iPhone OS 18_5 like Mac OS X) AppleWebKit/605.1.15 (KHTML, like Gecko) Version/18.5 Mobile/15E148 Safari/604.1",3afe1151-774e-4e71-af16-847ccb015fde,9,844,390,span,3.0,3.0,2025-06-25 00:49:53 (Central Daylight Time),23962,compatible,right,TestingProc,True,right,right,729.0,right,red,0.0,adolescent,2025-06-16,test,
projectseed-simon-production,SimonTask-v2.0,11,2025-06-25 00:49:29 (Central Daylight Time),"Mozilla/5.0 (iPhone; CPU iPhone OS 18_5 like Mac OS X) AppleWebKit/605.1.15 (KHTML, like Gecko) Version/18.5 Mobile/15E148 Safari/604.1",3afe1151-774e-4e71-af16-847ccb015fde,9,844,390,span,4.0,4.0,2025-06-25 00:49:55 (Central Daylight Time),25929,compatible,right,TestingProc,True,right,right,660.0,right,red,1.0,adolescent,2025-06-16,test,
projectseed-simon-production,SimonTask-v2.0,11,2025-06-25 00:49:29 (Central Daylight Time),"Mozilla/5.0 (iPhone; CPU iPhone OS 18_5 like Mac OS X) AppleWebKit/605.1.15 (KHTML, like Gecko) Version/18.5 Mobile/15E148 Safari/604.1",3afe1151-774e-4e71-af16-847ccb015fde,9,844,390,span,5.0,5.0,2025-06-25 00:49:57 (Central Daylight Time),27814,compatible,left,TestingProc,True,left,left,578.0,left,blue,1.0,adolescent,2025-06-16,test,
projectseed-simon-production,SimonTask-v2.0,11,2025-06-25 00:49:29 (Central Daylight Time),"Mozilla/5.0 (iPhone; CPU iPhone OS 18_5 like Mac OS X) AppleWebKit/605.1.15 (KHTML, like Gecko) Version/18.5 Mobile/15E148 Safari/604.1",3afe1151-774e-4e71-af16-847ccb015fde,9,844,390,span,6.0,6.0,2025-06-25 00:49:59 (Central Daylight Time),29666,compatible,left,TestingProc,True,left,left,545.0,left,blue,0.999999999996362,adolescent,2025-06-16,test,
projectseed-simon-production,SimonTask-v2.0,11,2025-06-25 00:49:29 (Central Daylight Time),"Mozilla/5.0 (iPhone; CPU iPhone OS 18_5 like Mac OS X) AppleWebKit/605.1.15 (KHTML, like Gecko) Version/18.5 Mobile/15E148 Safari/604.1",3afe1151-774e-4e71-af16-847ccb015fde,9,844,390,span,7.0,7.0,2025-06-25 00:50:01 (Central Daylight Time),31668,incompatible,left,TestingProc,True,left,left,696.0,right,blue,0.0,adolescent,2025-06-16,test,
projectseed-simon-production,SimonTask-v2.0,11,2025-06-25 00:49:29 (Central Daylight Time),"Mozilla/5.0 (iPhone; CPU iPhone OS 18_5 like Mac OS X) AppleWebKit/605.1.15 (KHTML, like Gecko) Version/18.5 Mobile/15E148 Safari/604.1",3afe1151-774e-4e71-af16-847ccb015fde,9,844,390,span,8.0,8.0,2025-06-25 00:50:03 (Central Daylight Time),33620,compatible,right,TestingProc,True,right,right,646.0,right,red,0.0,adolescent,2025-06-16,test,
projectseed-simon-production,SimonTask-v2.0,11,2025-06-25 00:49:29 (Central Daylight Time),"Mozilla/5.0 (iPhone; CPU iPhone OS 18_5 like Mac OS X) AppleWebKit/605.1.15 (KHTML, like Gecko) Version/18.5 Mobile/15E148 Safari/604.1",3afe1151-774e-4e71-af16-847ccb015fde,9,844,390,span,9.0,9.0,2025-06-25 00:50:05 (Central Daylight Time),35604,incompatible,right,TestingProc,True,right,right,678.0,left,red,1.0,adolescent,2025-06-16,test,
projectseed-simon-production,SimonTask-v2.0,11,2025-06-25 00:49:29 (Central Daylight Time),"Mozilla/5.0 (iPhone; CPU iPhone OS 18_5 like Mac OS X) AppleWebKit/605.1.15 (KHTML, like Gecko) Version/18.5 Mobile/15E148 Safari/604.1",3afe1151-774e-4e71-af16-847ccb015fde,9,844,390,span,10.0,10.0,2025-06-25 00:50:07 (Central Daylight Time),37541,compatible,left,TestingProc,True,left,left,631.0,left,blue,1.0,adolescent,2025-06-16,test,
projectseed-simon-production,SimonTask-v2.0,11,2025-06-25 00:49:29 (Central Daylight Time),"Mozilla/5.0 (iPhone; CPU iPhone OS 18_5 like Mac OS X) AppleWebKit/605.1.15 (KHTML, like Gecko) Version/18.5 Mobile/15E148 Safari/604.1",3afe1151-774e-4e71-af16-847ccb015fde,9,844,390,span,11.0,11.0,2025-06-25 00:50:09 (Central Daylight Time),39442,compatible,right,TestingProc,True,right,right,595.0,right,red,1.0,adolescent,2025-06-16,test,
projectseed-simon-production,SimonTask-v2.0,11,2025-06-25 00:49:29 (Central Daylight Time),"Mozilla/5.0 (iPhone; CPU iPhone OS 18_5 like Mac OS X) AppleWebKit/605.1.15 (KHTML, like Gecko) Version/18.5 Mobile/15E148 Safari/604.1",3afe1151-774e-4e71-af16-847ccb015fde,9,844,390,span,12.0,12.0,2025-06-25 00:50:11 (Central Daylight Time),41461,incompatible,right,TestingProc,True,right,right,713.0,left,red,0.0,adolescent,2025-06-16,test,
projectseed-simon-production,SimonTask-v2.0,11,2025-06-25 00:49:29 (Central Daylight Time),"Mozilla/5.0 (iPhone; CPU iPhone OS 18_5 like Mac OS X) AppleWebKit/605.1.15 (KHTML, like Gecko) Version/18.5 Mobile/15E148 Safari/604.1",3afe1151-774e-4e71-af16-847ccb015fde,9,844,390,span,13.0,13.0,2025-06-25 00:50:12 (Central Daylight Time),43347,incompatible,left,TestingProc,True,left,left,580.0,right,blue,0.999999999992724,adolescent,2025-06-16,test,
projectseed-simon-production,SimonTask-v2.0,11,2025-06-25 00:49:29 (Central Daylight Time),"Mozilla/5.0 (iPhone; CPU iPhone OS 18_5 like Mac OS X) AppleWebKit/605.1.15 (KHTML, like Gecko) Version/18.5 Mobile/15E148 Safari/604.1",3afe1151-774e-4e71-af16-847ccb015fde,9,844,390,span,14.0,14.0,2025-06-25 00:50:14 (Central Daylight Time),45332,incompatible,left,TestingProc,True,left,left,678.0,right,blue,0.0,adolescent,2025-06-16,test,
projectseed-simon-production,SimonTask-v2.0,11,2025-06-25 00:49:29 (Central Daylight Time),"Mozilla/5.0 (iPhone; CPU iPhone OS 18_5 like Mac OS X) AppleWebKit/605.1.15 (KHTML, like Gecko) Version/18.5 Mobile/15E148 Safari/604.1",3afe1151-774e-4e71-af16-847ccb015fde,9,844,390,span,15.0,15.0,2025-06-25 00:50:16 (Central Daylight Time),47200,compatible,right,TestingProc,True,right,right,562.0,right,red,0.0,adolescent,2025-06-16,test,
projectseed-simon-production,SimonTask-v2.0,11,2025-06-25 00:49:29 (Central Daylight Time),"Mozilla/5.0 (iPhone; CPU iPhone OS 18_5 like Mac OS X) AppleWebKit/605.1.15 (KHTML, like Gecko) Version/18.5 Mobile/15E148 Safari/604.1",3afe1151-774e-4e71-af16-847ccb015fde,9,844,390,span,16.0,16.0,2025-06-25 00:50:18 (Central Daylight Time),49152,compatible,right,TestingProc,True,right,right,646.0,right,red,1.0,adolescent,2025-06-16,test,
projectseed-simon-production,SimonTask-v2.0,11,2025-06-25 00:49:29 (Central Daylight Time),"Mozilla/5.0 (iPhone; CPU iPhone OS 18_5 like Mac OS X) AppleWebKit/605.1.15 (KHTML, like Gecko) Version/18.5 Mobile/15E148 Safari/604.1",3afe1151-774e-4e71-af16-847ccb015fde,9,844,390,span,17.0,17.0,2025-06-25 00:50:20 (Central Daylight Time),51088,incompatible,right,TestingProc,True,right,right,629.0,left,red,0.0,adolescent,2025-06-16,test,
projectseed-simon-production,SimonTask-v2.0,11,2025-06-25 00:49:29 (Central Daylight Time),"Mozilla/5.0 (iPhone; CPU iPhone OS 18_5 like Mac OS X) AppleWebKit/605.1.15 (KHTML, like Gecko) Version/18.5 Mobile/15E148 Safari/604.1",3afe1151-774e-4e71-af16-847ccb015fde,9,844,390,span,18.0,18.0,2025-06-25 00:50:22 (Central Daylight Time),53040,compatible,left,TestingProc,True,left,left,645.0,left,blue,1.0,adolescent,2025-06-16,test,
projectseed-simon-production,SimonTask-v2.0,11,2025-06-25 00:49:29 (Central Daylight Time),"Mozilla/5.0 (iPhone; CPU iPhone OS 18_5 like Mac OS X) AppleWebKit/605.1.15 (KHTML, like Gecko) Version/18.5 Mobile/15E148 Safari/604.1",3afe1151-774e-4e71-af16-847ccb015fde,9,844,390,span,19.0,19.0,2025-06-25 00:50:24 (Central Daylight Time),54859,compatible,left,TestingProc,True,left,left,513.0,left,blue,1.0,adolescent,2025-06-16,test,
projectseed-simon-production,SimonTask-v2.0,11,2025-06-25 00:49:29 (Central Daylight Time),"Mozilla/5.0 (iPhone; CPU iPhone OS 18_5 like Mac OS X) AppleWebKit/605.1.15 (KHTML, like Gecko) Version/18.5 Mobile/15E148 Safari/604.1",3afe1151-774e-4e71-af16-847ccb015fde,9,844,390,span,20.0,20.0,2025-06-25 00:50:26 (Central Daylight Time),56677,compatible,left,TestingProc,True,left,left,512.0,left,blue,1.0,adolescent,2025-06-16,test,
projectseed-simon-production,SimonTask-v2.0,11,2025-06-25 00:49:29 (Central Daylight Time),"Mozilla/5.0 (iPhone; CPU iPhone OS 18_5 like Mac OS X) AppleWebKit/605.1.15 (KHTML, like Gecko) Version/18.5 Mobile/15E148 Safari/604.1",3afe1151-774e-4e71-af16-847ccb015fde,9,844,390,span,21.0,21.0,2025-06-25 00:50:28 (Central Daylight Time),58562,incompatible,right,TestingProc,True,right,right,578.0,left,red,1.0,adolescent,2025-06-16,test,
projectseed-simon-production,SimonTask-v2.0,11,2025-06-25 00:49:29 (Central Daylight Time),"Mozilla/5.0 (iPhone; CPU iPhone OS 18_5 like Mac OS X) AppleWebKit/605.1.15 (KHTML, like Gecko) Version/18.5 Mobile/15E148 Safari/604.1",3afe1151-774e-4e71-af16-847ccb015fde,9,844,390,span,22.0,22.0,2025-06-25 00:50:30 (Central Daylight Time),60381,incompatible,left,TestingProc,True,left,left,513.0,right,blue,0.0,adolescent,2025-06-16,test,
projectseed-simon-production,SimonTask-v2.0,11,2025-06-25 00:49:29 (Central Daylight Time),"Mozilla/5.0 (iPhone; CPU iPhone OS 18_5 like Mac OS X) AppleWebKit/605.1.15 (KHTML, like Gecko) Version/18.5 Mobile/15E148 Safari/604.1",3afe1151-774e-4e71-af16-847ccb015fde,9,844,390,span,23.0,23.0,2025-06-25 00:50:31 (Central Daylight Time),62198,compatible,right,TestingProc,True,right,right,512.0,right,red,1.0,adolescent,2025-06-16,test,
projectseed-simon-production,SimonTask-v2.0,11,2025-06-25 00:49:29 (Central Daylight Time),"Mozilla/5.0 (iPhone; CPU iPhone OS 18_5 like Mac OS X) AppleWebKit/605.1.15 (KHTML, like Gecko) Version/18.5 Mobile/15E148 Safari/604.1",3afe1151-774e-4e71-af16-847ccb015fde,9,844,390,span,24.0,24.0,2025-06-25 00:50:33 (Central Daylight Time),64134,compatible,right,TestingProc,True,right,right,630.0,right,red,1.0,adolescent,2025-06-16,test,
projectseed-simon-production,SimonTask-v2.0,11,2025-06-25 00:49:29 (Central Daylight Time),"Mozilla/5.0 (iPhone; CPU iPhone OS 18_5 like Mac OS X) AppleWebKit/605.1.15 (KHTML, like Gecko) Version/18.5 Mobile/15E148 Safari/604.1",3afe1151-774e-4e71-af16-847ccb015fde,9,844,390,span,25.0,25.0,2025-06-25 00:50:35 (Central Daylight Time),66069,incompatible,right,TestingProc,True,right,right,628.0,left,red,1.0,adolescent,2025-06-16,test,
projectseed-simon-production,SimonTask-v2.0,11,2025-06-25 00:49:29 (Central Daylight Time),"Mozilla/5.0 (iPhone; CPU iPhone OS 18_5 like Mac OS X) AppleWebKit/605.1.15 (KHTML, like Gecko) Version/18.5 Mobile/15E148 Safari/604.1",3afe1151-774e-4e71-af16-847ccb015fde,9,844,390,span,26.0,26.0,2025-06-25 00:50:37 (Central Daylight Time),67904,compatible,right,TestingProc,True,right,right,527.0,right,red,0.9999999999854481,adolescent,2025-06-16,test,
projectseed-simon-production,SimonTask-v2.0,11,2025-06-25 00:49:29 (Central Daylight Time),"Mozilla/5.0 (iPhone; CPU iPhone OS 18_5 like Mac OS X) AppleWebKit/605.1.15 (KHTML, like Gecko) Version/18.5 Mobile/15E148 Safari/604.1",3afe1151-774e-4e71-af16-847ccb015fde,9,844,390,span,27.0,27.0,2025-06-25 00:50:39 (Central Daylight Time),70138,incompatible,left,TestingProc,True,left,left,928.0,right,blue,1.0,adolescent,2025-06-16,test,
projectseed-simon-production,SimonTask-v2.0,11,2025-06-25 00:49:29 (Central Daylight Time),"Mozilla/5.0 (iPhone; CPU iPhone OS 18_5 like Mac OS X) AppleWebKit/605.1.15 (KHTML, like Gecko) Version/18.5 Mobile/15E148 Safari/604.1",3afe1151-774e-4e71-af16-847ccb015fde,9,844,390,span,28.0,28.0,2025-06-25 00:50:41 (Central Daylight Time),71974,incompatible,left,TestingProc,True,left,left,530.0,right,blue,1.0,adolescent,2025-06-16,test,
projectseed-simon-production,SimonTask-v2.0,11,2025-06-25 00:49:29 (Central Daylight Time),"Mozilla/5.0 (iPhone; CPU iPhone OS 18_5 like Mac OS X) AppleWebKit/605.1.15 (KHTML, like Gecko) Version/18.5 Mobile/15E148 Safari/604.1",3afe1151-774e-4e71-af16-847ccb015fde,9,844,390,span,29.0,29.0,2025-06-25 00:50:43 (Central Daylight Time),73809,incompatible,left,TestingProc,True,left,left,530.0,right,blue,1.0,adolescent,2025-06-16,test,
projectseed-simon-production,SimonTask-v2.0,11,2025-06-25 00:49:29 (Central Daylight Time),"Mozilla/5.0 (iPhone; CPU iPhone OS 18_5 like Mac OS X) AppleWebKit/605.1.15 (KHTML, like Gecko) Version/18.5 Mobile/15E148 Safari/604.1",3afe1151-774e-4e71-af16-847ccb015fde,9,844,390,span,30.0,30.0,2025-06-25 00:50:45 (Central Daylight Time),75661,incompatible,left,TestingProc,True,left,left,545.0,right,blue,0.0,adolescent,2025-06-16,test,
projectseed-simon-production,SimonTask-v2.0,11,2025-06-25 00:49:29 (Central Daylight Time),"Mozilla/5.0 (iPhone; CPU iPhone OS 18_5 like Mac OS X) AppleWebKit/605.1.15 (KHTML, like Gecko) Version/18.5 Mobile/15E148 Safari/604.1",3afe1151-774e-4e71-af16-847ccb015fde,9,844,390,span,31.0,31.0,2025-06-25 00:50:47 (Central Daylight Time),77629,compatible,right,TestingProc,True,right,right,663.0,right,red,0.0,adolescent,2025-06-16,test,
projectseed-simon-production,SimonTask-v2.0,11,2025-06-25 00:49:29 (Central Daylight Time),"Mozilla/5.0 (iPhone; CPU iPhone OS 18_5 like Mac OS X) AppleWebKit/605.1.15 (KHTML, like Gecko) Version/18.5 Mobile/15E148 Safari/604.1",3afe1151-774e-4e71-af16-847ccb015fde,9,844,390,span,32.0,32.0,2025-06-25 00:50:49 (Central Daylight Time),79547,compatible,left,TestingProc,True,left,left,612.0,left,blue,1.0,adolescent,2025-06-16,test,
projectseed-simon-production,SimonTask-v2.0,11,2025-06-26 01:09:35 (Central Daylight Time),"Mozilla/5.0 (iPhone; CPU iPhone OS 18_5 like Mac OS X) AppleWebKit/605.1.15 (KHTML, like Gecko) Version/18.5 Mobile/15E148 Safari/604.1",a624302c-d3a7-47eb-ad1e-722d5f074930,10,844,390,span,-999.0,1.0,2025-06-26 01:09:40 (Central Daylight Time),4236,incompatible,left,TrainingList,True,left,left,826.0,right,blue,2.0,adolescent,2025-06-16,training,
projectseed-simon-production,SimonTask-v2.0,11,2025-06-26 01:09:35 (Central Daylight Time),"Mozilla/5.0 (iPhone; CPU iPhone OS 18_5 like Mac OS X) AppleWebKit/605.1.15 (KHTML, like Gecko) Version/18.5 Mobile/15E148 Safari/604.1",a624302c-d3a7-47eb-ad1e-722d5f074930,10,844,390,span,-999.0,2.0,2025-06-26 01:09:43 (Central Daylight Time),7275,compatible,right,TrainingList,True,right,right,579.0,right,red,1.0,adolescent,2025-06-16,training,
projectseed-simon-production,SimonTask-v2.0,11,2025-06-26 01:09:35 (Central Daylight Time),"Mozilla/5.0 (iPhone; CPU iPhone OS 18_5 like Mac OS X) AppleWebKit/605.1.15 (KHTML, like Gecko) Version/18.5 Mobile/15E148 Safari/604.1",a624302c-d3a7-47eb-ad1e-722d5f074930,10,844,390,span,-999.0,3.0,2025-06-26 01:09:46 (Central Daylight Time),10111,compatible,right,TrainingList,True,right,right,597.0,right,red,0.0,adolescent,2025-06-16,training,
projectseed-simon-production,SimonTask-v2.0,11,2025-06-26 01:09:35 (Central Daylight Time),"Mozilla/5.0 (iPhone; CPU iPhone OS 18_5 like Mac OS X) AppleWebKit/605.1.15 (KHTML, like Gecko) Version/18.5 Mobile/15E148 Safari/604.1",a624302c-d3a7-47eb-ad1e-722d5f074930,10,844,390,span,-999.0,4.0,2025-06-26 01:09:48 (Central Daylight Time),12947,incompatible,right,TrainingList,True,right,right,561.0,left,red,1.0,adolescent,2025-06-16,training,
projectseed-simon-production,SimonTask-v2.0,11,2025-06-26 01:09:35 (Central Daylight Time),"Mozilla/5.0 (iPhone; CPU iPhone OS 18_5 like Mac OS X) AppleWebKit/605.1.15 (KHTML, like Gecko) Version/18.5 Mobile/15E148 Safari/604.1",a624302c-d3a7-47eb-ad1e-722d5f074930,10,844,390,span,1.0,1.0,2025-06-26 01:09:52 (Central Daylight Time),16685,compatible,right,TestingProc,True,right,right,746.0,right,red,1.0,adolescent,2025-06-16,test,
projectseed-simon-production,SimonTask-v2.0,11,2025-06-26 01:09:35 (Central Daylight Time),"Mozilla/5.0 (iPhone; CPU iPhone OS 18_5 like Mac OS X) AppleWebKit/605.1.15 (KHTML, like Gecko) Version/18.5 Mobile/15E148 Safari/604.1",a624302c-d3a7-47eb-ad1e-722d5f074930,10,844,390,span,2.0,2.0,2025-06-26 01:09:54 (Central Daylight Time),18670,incompatible,left,TestingProc,True,left,left,679.0,right,blue,1.0,adolescent,2025-06-16,test,
projectseed-simon-production,SimonTask-v2.0,11,2025-06-26 01:09:35 (Central Daylight Time),"Mozilla/5.0 (iPhone; CPU iPhone OS 18_5 like Mac OS X) AppleWebKit/605.1.15 (KHTML, like Gecko) Version/18.5 Mobile/15E148 Safari/604.1",a624302c-d3a7-47eb-ad1e-722d5f074930,10,844,390,span,3.0,3.0,2025-06-26 01:09:56 (Central Daylight Time),20556,incompatible,left,TestingProc,True,left,left,580.0,right,blue,1.0,adolescent,2025-06-16,test,
projectseed-simon-production,SimonTask-v2.0,11,2025-06-26 01:09:35 (Central Daylight Time),"Mozilla/5.0 (iPhone; CPU iPhone OS 18_5 like Mac OS X) AppleWebKit/605.1.15 (KHTML, like Gecko) Version/18.5 Mobile/15E148 Safari/604.1",a624302c-d3a7-47eb-ad1e-722d5f074930,10,844,390,span,4.0,4.0,2025-06-26 01:09:58 (Central Daylight Time),22443,compatible,right,TestingProc,True,right,right,580.0,right,red,1.0,adolescent,2025-06-16,test,
projectseed-simon-production,SimonTask-v2.0,11,2025-06-26 01:09:35 (Central Daylight Time),"Mozilla/5.0 (iPhone; CPU iPhone OS 18_5 like Mac OS X) AppleWebKit/605.1.15 (KHTML, like Gecko) Version/18.5 Mobile/15E148 Safari/604.1",a624302c-d3a7-47eb-ad1e-722d5f074930,10,844,390,span,5.0,5.0,2025-06-26 01:10:00 (Central Daylight Time),24346,incompatible,right,TestingProc,True,right,right,596.0,left,red,1.0,adolescent,2025-06-16,test,
projectseed-simon-production,SimonTask-v2.0,11,2025-06-26 01:09:35 (Central Daylight Time),"Mozilla/5.0 (iPhone; CPU iPhone OS 18_5 like Mac OS X) AppleWebKit/605.1.15 (KHTML, like Gecko) Version/18.5 Mobile/15E148 Safari/604.1",a624302c-d3a7-47eb-ad1e-722d5f074930,10,844,390,span,6.0,6.0,2025-06-26 01:10:02 (Central Daylight Time),26232,incompatible,right,TestingProc,True,right,right,579.0,left,red,1.0,adolescent,2025-06-16,test,
projectseed-simon-production,SimonTask-v2.0,11,2025-06-26 01:09:35 (Central Daylight Time),"Mozilla/5.0 (iPhone; CPU iPhone OS 18_5 like Mac OS X) AppleWebKit/605.1.15 (KHTML, like Gecko) Version/18.5 Mobile/15E148 Safari/604.1",a624302c-d3a7-47eb-ad1e-722d5f074930,10,844,390,span,7.0,7.0,2025-06-26 01:10:04 (Central Daylight Time),28184,compatible,left,TestingProc,True,left,left,646.0,left,blue,1.0,adolescent,2025-06-16,test,
projectseed-simon-production,SimonTask-v2.0,11,2025-06-26 01:09:35 (Central Daylight Time),"Mozilla/5.0 (iPhone; CPU iPhone OS 18_5 like Mac OS X) AppleWebKit/605.1.15 (KHTML, like Gecko) Version/18.5 Mobile/15E148 Safari/604.1",a624302c-d3a7-47eb-ad1e-722d5f074930,10,844,390,span,8.0,8.0,2025-06-26 01:10:06 (Central Daylight Time),30152,compatible,left,TestingProc,True,left,left,662.0,left,blue,0.999999999996362,adolescent,2025-06-16,test,
projectseed-simon-production,SimonTask-v2.0,11,2025-06-26 01:09:35 (Central Daylight Time),"Mozilla/5.0 (iPhone; CPU iPhone OS 18_5 like Mac OS X) AppleWebKit/605.1.15 (KHTML, like Gecko) Version/18.5 Mobile/15E148 Safari/604.1",a624302c-d3a7-47eb-ad1e-722d5f074930,10,844,390,span,9.0,9.0,2025-06-26 01:10:08 (Central Daylight Time),32120,incompatible,left,TestingProc,True,left,left,662.0,right,blue,0.0,adolescent,2025-06-16,test,
projectseed-simon-production,SimonTask-v2.0,11,2025-06-26 01:09:35 (Central Daylight Time),"Mozilla/5.0 (iPhone; CPU iPhone OS 18_5 like Mac OS X) AppleWebKit/605.1.15 (KHTML, like Gecko) Version/18.5 Mobile/15E148 Safari/604.1",a624302c-d3a7-47eb-ad1e-722d5f074930,10,844,390,span,10.0,10.0,2025-06-26 01:10:09 (Central Daylight Time),34038,incompatible,left,TestingProc,True,left,left,612.0,right,blue,1.0,adolescent,2025-06-16,test,
projectseed-simon-production,SimonTask-v2.0,11,2025-06-26 01:09:35 (Central Daylight Time),"Mozilla/5.0 (iPhone; CPU iPhone OS 18_5 like Mac OS X) AppleWebKit/605.1.15 (KHTML, like Gecko) Version/18.5 Mobile/15E148 Safari/604.1",a624302c-d3a7-47eb-ad1e-722d5f074930,10,844,390,span,11.0,11.0,2025-06-26 01:10:11 (Central Daylight Time),35992,compatible,right,TestingProc,True,right,right,647.0,right,red,1.0,adolescent,2025-06-16,test,
projectseed-simon-production,SimonTask-v2.0,11,2025-06-26 01:09:35 (Central Daylight Time),"Mozilla/5.0 (iPhone; CPU iPhone OS 18_5 like Mac OS X) AppleWebKit/605.1.15 (KHTML, like Gecko) Version/18.5 Mobile/15E148 Safari/604.1",a624302c-d3a7-47eb-ad1e-722d5f074930,10,844,390,span,12.0,12.0,2025-06-26 01:10:13 (Central Daylight Time),37841,incompatible,left,TestingProc,True,left,left,543.0,right,blue,0.0,adolescent,2025-06-16,test,
projectseed-simon-production,SimonTask-v2.0,11,2025-06-26 01:09:35 (Central Daylight Time),"Mozilla/5.0 (iPhone; CPU iPhone OS 18_5 like Mac OS X) AppleWebKit/605.1.15 (KHTML, like Gecko) Version/18.5 Mobile/15E148 Safari/604.1",a624302c-d3a7-47eb-ad1e-722d5f074930,10,844,390,span,13.0,13.0,2025-06-26 01:10:15 (Central Daylight Time),39692,incompatible,left,TestingProc,True,left,left,544.0,right,blue,0.0,adolescent,2025-06-16,test,
projectseed-simon-production,SimonTask-v2.0,11,2025-06-26 01:09:35 (Central Daylight Time),"Mozilla/5.0 (iPhone; CPU iPhone OS 18_5 like Mac OS X) AppleWebKit/605.1.15 (KHTML, like Gecko) Version/18.5 Mobile/15E148 Safari/604.1",a624302c-d3a7-47eb-ad1e-722d5f074930,10,844,390,span,14.0,14.0,2025-06-26 01:10:17 (Central Daylight Time),41660,compatible,right,TestingProc,True,right,right,661.0,right,red,1.0,adolescent,2025-06-16,test,
projectseed-simon-production,SimonTask-v2.0,11,2025-06-26 01:09:35 (Central Daylight Time),"Mozilla/5.0 (iPhone; CPU iPhone OS 18_5 like Mac OS X) AppleWebKit/605.1.15 (KHTML, like Gecko) Version/18.5 Mobile/15E148 Safari/604.1",a624302c-d3a7-47eb-ad1e-722d5f074930,10,844,390,span,15.0,15.0,2025-06-26 01:10:19 (Central Daylight Time),43595,compatible,right,TestingProc,True,right,right,628.0,right,red,1.0,adolescent,2025-06-16,test,
projectseed-simon-production,SimonTask-v2.0,11,2025-06-26 01:09:35 (Central Daylight Time),"Mozilla/5.0 (iPhone; CPU iPhone OS 18_5 like Mac OS X) AppleWebKit/605.1.15 (KHTML, like Gecko) Version/18.5 Mobile/15E148 Safari/604.1",a624302c-d3a7-47eb-ad1e-722d5f074930,10,844,390,span,16.0,16.0,2025-06-26 01:10:21 (Central Daylight Time),45413,compatible,right,TestingProc,True,right,right,511.0,right,red,0.999999999992724,adolescent,2025-06-16,test,
projectseed-simon-production,SimonTask-v2.0,11,2025-06-26 01:09:35 (Central Daylight Time),"Mozilla/5.0 (iPhone; CPU iPhone OS 18_5 like Mac OS X) AppleWebKit/605.1.15 (KHTML, like Gecko) Version/18.5 Mobile/15E148 Safari/604.1",a624302c-d3a7-47eb-ad1e-722d5f074930,10,844,390,span,17.0,17.0,2025-06-26 01:10:23 (Central Daylight Time),47365,incompatible,right,TestingProc,True,right,right,646.0,left,red,1.0,adolescent,2025-06-16,test,
projectseed-simon-production,SimonTask-v2.0,11,2025-06-26 01:09:35 (Central Daylight Time),"Mozilla/5.0 (iPhone; CPU iPhone OS 18_5 like Mac OS X) AppleWebKit/605.1.15 (KHTML, like Gecko) Version/18.5 Mobile/15E148 Safari/604.1",a624302c-d3a7-47eb-ad1e-722d5f074930,10,844,390,span,18.0,18.0,2025-06-26 01:10:25 (Central Daylight Time),49250,incompatible,left,TestingProc,True,left,left,578.0,right,blue,0.999999999992724,adolescent,2025-06-16,test,
projectseed-simon-production,SimonTask-v2.0,11,2025-06-26 01:09:35 (Central Daylight Time),"Mozilla/5.0 (iPhone; CPU iPhone OS 18_5 like Mac OS X) AppleWebKit/605.1.15 (KHTML, like Gecko) Version/18.5 Mobile/15E148 Safari/604.1",a624302c-d3a7-47eb-ad1e-722d5f074930,10,844,390,span,19.0,19.0,2025-06-26 01:10:27 (Central Daylight Time),51184,compatible,right,TestingProc,True,right,right,628.0,right,red,1.0,adolescent,2025-06-16,test,
projectseed-simon-production,SimonTask-v2.0,11,2025-06-26 01:09:35 (Central Daylight Time),"Mozilla/5.0 (iPhone; CPU iPhone OS 18_5 like Mac OS X) AppleWebKit/605.1.15 (KHTML, like Gecko) Version/18.5 Mobile/15E148 Safari/604.1",a624302c-d3a7-47eb-ad1e-722d5f074930,10,844,390,span,20.0,20.0,2025-06-26 01:10:28 (Central Daylight Time),53003,incompatible,left,TestingProc,True,left,left,512.0,right,blue,0.0,adolescent,2025-06-16,test,
projectseed-simon-production,SimonTask-v2.0,11,2025-06-26 01:09:35 (Central Daylight Time),"Mozilla/5.0 (iPhone; CPU iPhone OS 18_5 like Mac OS X) AppleWebKit/605.1.15 (KHTML, like Gecko) Version/18.5 Mobile/15E148 Safari/604.1",a624302c-d3a7-47eb-ad1e-722d5f074930,10,844,390,span,21.0,21.0,2025-06-26 01:10:30 (Central Daylight Time),54821,incompatible,right,TestingProc,True,right,right,512.0,left,red,1.0,adolescent,2025-06-16,test,
projectseed-simon-production,SimonTask-v2.0,11,2025-06-26 01:09:35 (Central Daylight Time),"Mozilla/5.0 (iPhone; CPU iPhone OS 18_5 like Mac OS X) AppleWebKit/605.1.15 (KHTML, like Gecko) Version/18.5 Mobile/15E148 Safari/604.1",a624302c-d3a7-47eb-ad1e-722d5f074930,10,844,390,span,22.0,22.0,2025-06-26 01:10:32 (Central Daylight Time),56788,compatible,right,TestingProc,True,right,right,663.0,right,red,0.0,adolescent,2025-06-16,test,
projectseed-simon-production,SimonTask-v2.0,11,2025-06-26 01:09:35 (Central Daylight Time),"Mozilla/5.0 (iPhone; CPU iPhone OS 18_5 like Mac OS X) AppleWebKit/605.1.15 (KHTML, like Gecko) Version/18.5 Mobile/15E148 Safari/604.1",a624302c-d3a7-47eb-ad1e-722d5f074930,10,844,390,span,23.0,23.0,2025-06-26 01:10:34 (Central Daylight Time),58706,compatible,right,TestingProc,True,right,right,611.0,right,red,0.0,adolescent,2025-06-16,test,
projectseed-simon-production,SimonTask-v2.0,11,2025-06-26 01:09:35 (Central Daylight Time),"Mozilla/5.0 (iPhone; CPU iPhone OS 18_5 like Mac OS X) AppleWebKit/605.1.15 (KHTML, like Gecko) Version/18.5 Mobile/15E148 Safari/604.1",a624302c-d3a7-47eb-ad1e-722d5f074930,10,844,390,span,24.0,24.0,2025-06-26 01:10:36 (Central Daylight Time),60540,compatible,right,TestingProc,True,right,right,528.0,right,red,0.0,adolescent,2025-06-16,test,
projectseed-simon-production,SimonTask-v2.0,11,2025-06-26 01:09:35 (Central Daylight Time),"Mozilla/5.0 (iPhone; CPU iPhone OS 18_5 like Mac OS X) AppleWebKit/605.1.15 (KHTML, like Gecko) Version/18.5 Mobile/15E148 Safari/604.1",a624302c-d3a7-47eb-ad1e-722d5f074930,10,844,390,span,25.0,25.0,2025-06-26 01:10:38 (Central Daylight Time),62457,incompatible,right,TestingProc,True,right,right,611.0,left,red,0.999999999992724,adolescent,2025-06-16,test,
projectseed-simon-production,SimonTask-v2.0,11,2025-06-26 01:09:35 (Central Daylight Time),"Mozilla/5.0 (iPhone; CPU iPhone OS 18_5 like Mac OS X) AppleWebKit/605.1.15 (KHTML, like Gecko) Version/18.5 Mobile/15E148 Safari/604.1",a624302c-d3a7-47eb-ad1e-722d5f074930,10,844,390,span,26.0,26.0,2025-06-26 01:10:40 (Central Daylight Time),64307,compatible,left,TestingProc,True,left,left,544.0,left,blue,0.9999999999854481,adolescent,2025-06-16,test,
projectseed-simon-production,SimonTask-v2.0,11,2025-06-26 01:09:35 (Central Daylight Time),"Mozilla/5.0 (iPhone; CPU iPhone OS 18_5 like Mac OS X) AppleWebKit/605.1.15 (KHTML, like Gecko) Version/18.5 Mobile/15E148 Safari/604.1",a624302c-d3a7-47eb-ad1e-722d5f074930,10,844,390,span,27.0,27.0,2025-06-26 01:10:42 (Central Daylight Time),66142,compatible,right,TestingProc,True,right,right,528.0,right,red,0.0,adolescent,2025-06-16,test,
projectseed-simon-production,SimonTask-v2.0,11,2025-06-26 01:09:35 (Central Daylight Time),"Mozilla/5.0 (iPhone; CPU iPhone OS 18_5 like Mac OS X) AppleWebKit/605.1.15 (KHTML, like Gecko) Version/18.5 Mobile/15E148 Safari/604.1",a624302c-d3a7-47eb-ad1e-722d5f074930,10,844,390,span,28.0,28.0,2025-06-26 01:10:43 (Central Daylight Time),67992,compatible,right,TestingProc,True,right,right,545.0,right,red,0.0,adolescent,2025-06-16,test,
projectseed-simon-production,SimonTask-v2.0,11,2025-06-26 01:09:35 (Central Daylight Time),"Mozilla/5.0 (iPhone; CPU iPhone OS 18_5 like Mac OS X) AppleWebKit/605.1.15 (KHTML, like Gecko) Version/18.5 Mobile/15E148 Safari/604.1",a624302c-d3a7-47eb-ad1e-722d5f074930,10,844,390,span,29.0,29.0,2025-06-26 01:10:45 (Central Daylight Time),69794,compatible,right,TestingProc,True,right,right,496.0,right,red,1.0,adolescent,2025-06-16,test,
projectseed-simon-production,SimonTask-v2.0,11,2025-06-26 01:09:35 (Central Daylight Time),"Mozilla/5.0 (iPhone; CPU iPhone OS 18_5 like Mac OS X) AppleWebKit/605.1.15 (KHTML, like Gecko) Version/18.5 Mobile/15E148 Safari/604.1",a624302c-d3a7-47eb-ad1e-722d5f074930,10,844,390,span,30.0,30.0,2025-06-26 01:10:47 (Central Daylight Time),71712,incompatible,right,TestingProc,True,right,right,612.0,left,red,0.0,adolescent,2025-06-16,test,
projectseed-simon-production,SimonTask-v2.0,11,2025-06-26 01:09:35 (Central Daylight Time),"Mozilla/5.0 (iPhone; CPU iPhone OS 18_5 like Mac OS X) AppleWebKit/605.1.15 (KHTML, like Gecko) Version/18.5 Mobile/15E148 Safari/604.1",a624302c-d3a7-47eb-ad1e-722d5f074930,10,844,390,span,31.0,31.0,2025-06-26 01:10:49 (Central Daylight Time),73614,compatible,left,TestingProc,True,left,left,595.0,left,blue,0.0,adolescent,2025-06-16,test,
projectseed-simon-production,SimonTask-v2.0,11,2025-06-26 01:09:35 (Central Daylight Time),"Mozilla/5.0 (iPhone; CPU iPhone OS 18_5 like Mac OS X) AppleWebKit/605.1.15 (KHTML, like Gecko) Version/18.5 Mobile/15E148 Safari/604.1",a624302c-d3a7-47eb-ad1e-722d5f074930,10,844,390,span,32.0,32.0,2025-06-26 01:10:51 (Central Daylight Time),75399,compatible,left,TestingProc,True,left,left,478.0,left,blue,1.0,adolescent,2025-06-16,test,
projectseed-simon-production,SimonTask-v2.0,11,2025-06-27 01:08:26 (Central Daylight Time),"Mozilla/5.0 (iPhone; CPU iPhone OS 18_5 like Mac OS X) AppleWebKit/605.1.15 (KHTML, like Gecko) Version/18.5 Mobile/15E148 Safari/604.1",d11fe295-91af-474a-9f6e-c6e8fb5bf67e,11,844,390,span,-999.0,1.0,2025-06-27 01:08:31 (Central Daylight Time),4885,compatible,left,TrainingList,True,left,left,746.0,left,blue,2.0,adolescent,2025-06-16,training,
projectseed-simon-production,SimonTask-v2.0,11,2025-06-27 01:08:26 (Central Daylight Time),"Mozilla/5.0 (iPhone; CPU iPhone OS 18_5 like Mac OS X) AppleWebKit/605.1.15 (KHTML, like Gecko) Version/18.5 Mobile/15E148 Safari/604.1",d11fe295-91af-474a-9f6e-c6e8fb5bf67e,11,844,390,span,-999.0,2.0,2025-06-27 01:08:34 (Central Daylight Time),8118,incompatible,left,TrainingList,True,left,left,761.0,right,blue,0.0,adolescent,2025-06-16,training,
projectseed-simon-production,SimonTask-v2.0,11,2025-06-27 01:08:26 (Central Daylight Time),"Mozilla/5.0 (iPhone; CPU iPhone OS 18_5 like Mac OS X) AppleWebKit/605.1.15 (KHTML, like Gecko) Version/18.5 Mobile/15E148 Safari/604.1",d11fe295-91af-474a-9f6e-c6e8fb5bf67e,11,844,390,span,-999.0,3.0,2025-06-27 01:08:37 (Central Daylight Time),11118,compatible,left,TrainingList,True,left,left,644.0,left,blue,0.0,adolescent,2025-06-16,training,
projectseed-simon-production,SimonTask-v2.0,11,2025-06-27 01:08:26 (Central Daylight Time),"Mozilla/5.0 (iPhone; CPU iPhone OS 18_5 like Mac OS X) AppleWebKit/605.1.15 (KHTML, like Gecko) Version/18.5 Mobile/15E148 Safari/604.1",d11fe295-91af-474a-9f6e-c6e8fb5bf67e,11,844,390,span,-999.0,4.0,2025-06-27 01:08:41 (Central Daylight Time),14596,incompatible,left,TrainingList,False,left,none,-999.0,right,blue,1.0,adolescent,2025-06-16,training,
projectseed-simon-production,SimonTask-v2.0,11,2025-06-27 01:08:26 (Central Daylight Time),"Mozilla/5.0 (iPhone; CPU iPhone OS 18_5 like Mac OS X) AppleWebKit/605.1.15 (KHTML, like Gecko) Version/18.5 Mobile/15E148 Safari/604.1",d11fe295-91af-474a-9f6e-c6e8fb5bf67e,11,844,390,span,-999.0,5.0,2025-06-27 01:08:44 (Central Daylight Time),18092,incompatible,right,TrainingList,True,right,right,811.0,left,red,1.0,adolescent,2025-06-16,training,
projectseed-simon-production,SimonTask-v2.0,11,2025-06-27 01:08:26 (Central Daylight Time),"Mozilla/5.0 (iPhone; CPU iPhone OS 18_5 like Mac OS X) AppleWebKit/605.1.15 (KHTML, like Gecko) Version/18.5 Mobile/15E148 Safari/604.1",d11fe295-91af-474a-9f6e-c6e8fb5bf67e,11,844,390,span,1.0,1.0,2025-06-27 01:08:48 (Central Daylight Time),22110,incompatible,left,TestingProc,True,left,left,778.0,right,blue,1.0,adolescent,2025-06-16,test,
projectseed-simon-production,SimonTask-v2.0,11,2025-06-27 01:08:26 (Central Daylight Time),"Mozilla/5.0 (iPhone; CPU iPhone OS 18_5 like Mac OS X) AppleWebKit/605.1.15 (KHTML, like Gecko) Version/18.5 Mobile/15E148 Safari/604.1",d11fe295-91af-474a-9f6e-c6e8fb5bf67e,11,844,390,span,2.0,2.0,2025-06-27 01:08:50 (Central Daylight Time),24079,incompatible,right,TestingProc,True,right,right,662.0,left,red,1.0,adolescent,2025-06-16,test,
projectseed-simon-production,SimonTask-v2.0,11,2025-06-27 01:08:26 (Central Daylight Time),"Mozilla/5.0 (iPhone; CPU iPhone OS 18_5 like Mac OS X) AppleWebKit/605.1.15 (KHTML, like Gecko) Version/18.5 Mobile/15E148 Safari/604.1",d11fe295-91af-474a-9f6e-c6e8fb5bf67e,11,844,390,span,3.0,3.0,2025-06-27 01:08:52 (Central Daylight Time),26130,incompatible,left,TestingProc,True,left,left,745.0,right,blue,0.0,adolescent,2025-06-16,test,
projectseed-simon-production,SimonTask-v2.0,11,2025-06-27 01:08:26 (Central Daylight Time),"Mozilla/5.0 (iPhone; CPU iPhone OS 18_5 like Mac OS X) AppleWebKit/605.1.15 (KHTML, like Gecko) Version/18.5 Mobile/15E148 Safari/604.1",d11fe295-91af-474a-9f6e-c6e8fb5bf67e,11,844,390,span,4.0,4.0,2025-06-27 01:08:54 (Central Daylight Time),28199,incompatible,left,TestingProc,True,left,left,761.0,right,blue,0.999999999996362,adolescent,2025-06-16,test,
projectseed-simon-production,SimonTask-v2.0,11,2025-06-27 01:08:26 (Central Daylight Time),"Mozilla/5.0 (iPhone; CPU iPhone OS 18_5 like Mac OS X) AppleWebKit/605.1.15 (KHTML, like Gecko) Version/18.5 Mobile/15E148 Safari/604.1",d11fe295-91af-474a-9f6e-c6e8fb5bf67e,11,844,390,span,5.0,5.0,2025-06-27 01:08:56 (Central Daylight Time),30150,incompatible,left,TestingProc,True,left,left,645.0,right,blue,0.0,adolescent,2025-06-16,test,
projectseed-simon-production,SimonTask-v2.0,11,2025-06-27 01:08:26 (Central Daylight Time),"Mozilla/5.0 (iPhone; CPU iPhone OS 18_5 like Mac OS X) AppleWebKit/605.1.15 (KHTML, like Gecko) Version/18.5 Mobile/15E148 Safari/604.1",d11fe295-91af-474a-9f6e-c6e8fb5bf67e,11,844,390,span,6.0,6.0,2025-06-27 01:08:59 (Central Daylight Time),32269,compatible,right,TestingProc,True,right,right,814.0,right,red,1.0,adolescent,2025-06-16,test,
projectseed-simon-production,SimonTask-v2.0,11,2025-06-27 01:08:26 (Central Daylight Time),"Mozilla/5.0 (iPhone; CPU iPhone OS 18_5 like Mac OS X) AppleWebKit/605.1.15 (KHTML, like Gecko) Version/18.5 Mobile/15E148 Safari/604.1",d11fe295-91af-474a-9f6e-c6e8fb5bf67e,11,844,390,span,7.0,7.0,2025-06-27 01:09:00 (Central Daylight Time),34186,incompatible,left,TestingProc,True,left,left,611.0,right,blue,1.0,adolescent,2025-06-16,test,
projectseed-simon-production,SimonTask-v2.0,11,2025-06-27 01:08:26 (Central Daylight Time),"Mozilla/5.0 (iPhone; CPU iPhone OS 18_5 like Mac OS X) AppleWebKit/605.1.15 (KHTML, like Gecko) Version/18.5 Mobile/15E148 Safari/604.1",d11fe295-91af-474a-9f6e-c6e8fb5bf67e,11,844,390,span,8.0,8.0,2025-06-27 01:09:02 (Central Daylight Time),36154,compatible,left,TestingProc,True,left,left,662.0,left,blue,1.0,adolescent,2025-06-16,test,
projectseed-simon-production,SimonTask-v2.0,11,2025-06-27 01:08:26 (Central Daylight Time),"Mozilla/5.0 (iPhone; CPU iPhone OS 18_5 like Mac OS X) AppleWebKit/605.1.15 (KHTML, like Gecko) Version/18.5 Mobile/15E148 Safari/604.1",d11fe295-91af-474a-9f6e-c6e8fb5bf67e,11,844,390,span,9.0,9.0,2025-06-27 01:09:04 (Central Daylight Time),38206,compatible,right,TestingProc,True,right,right,745.0,right,red,1.000000000007276,adolescent,2025-06-16,test,
projectseed-simon-production,SimonTask-v2.0,11,2025-06-27 01:08:26 (Central Daylight Time),"Mozilla/5.0 (iPhone; CPU iPhone OS 18_5 like Mac OS X) AppleWebKit/605.1.15 (KHTML, like Gecko) Version/18.5 Mobile/15E148 Safari/604.1",d11fe295-91af-474a-9f6e-c6e8fb5bf67e,11,844,390,span,10.0,10.0,2025-06-27 01:09:07 (Central Daylight Time),40240,compatible,left,TestingProc,True,left,left,728.0,left,blue,1.0,adolescent,2025-06-16,test,
projectseed-simon-production,SimonTask-v2.0,11,2025-06-27 01:08:26 (Central Daylight Time),"Mozilla/5.0 (iPhone; CPU iPhone OS 18_5 like Mac OS X) AppleWebKit/605.1.15 (KHTML, like Gecko) Version/18.5 Mobile/15E148 Safari/604.1",d11fe295-91af-474a-9f6e-c6e8fb5bf67e,11,844,390,span,11.0,11.0,2025-06-27 01:09:08 (Central Daylight Time),42141,compatible,left,TestingProc,True,left,left,594.0,left,blue,0.0,adolescent,2025-06-16,test,
projectseed-simon-production,SimonTask-v2.0,11,2025-06-27 01:08:26 (Central Daylight Time),"Mozilla/5.0 (iPhone; CPU iPhone OS 18_5 like Mac OS X) AppleWebKit/605.1.15 (KHTML, like Gecko) Version/18.5 Mobile/15E148 Safari/604.1",d11fe295-91af-474a-9f6e-c6e8fb5bf67e,11,844,390,span,12.0,12.0,2025-06-27 01:09:10 (Central Daylight Time),44058,compatible,left,TestingProc,True,left,left,610.0,left,blue,1.0,adolescent,2025-06-16,test,
projectseed-simon-production,SimonTask-v2.0,11,2025-06-27 01:08:26 (Central Daylight Time),"Mozilla/5.0 (iPhone; CPU iPhone OS 18_5 like Mac OS X) AppleWebKit/605.1.15 (KHTML, like Gecko) Version/18.5 Mobile/15E148 Safari/604.1",d11fe295-91af-474a-9f6e-c6e8fb5bf67e,11,844,390,span,13.0,13.0,2025-06-27 01:09:12 (Central Daylight Time),46157,incompatible,right,TestingProc,True,right,right,793.0,left,red,1.0,adolescent,2025-06-16,test,
projectseed-simon-production,SimonTask-v2.0,11,2025-06-27 01:08:26 (Central Daylight Time),"Mozilla/5.0 (iPhone; CPU iPhone OS 18_5 like Mac OS X) AppleWebKit/605.1.15 (KHTML, like Gecko) Version/18.5 Mobile/15E148 Safari/604.1",d11fe295-91af-474a-9f6e-c6e8fb5bf67e,11,844,390,span,14.0,14.0,2025-06-27 01:09:14 (Central Daylight Time),48178,compatible,right,TestingProc,True,right,right,715.0,right,red,1.0,adolescent,2025-06-16,test,
projectseed-simon-production,SimonTask-v2.0,11,2025-06-27 01:08:26 (Central Daylight Time),"Mozilla/5.0 (iPhone; CPU iPhone OS 18_5 like Mac OS X) AppleWebKit/605.1.15 (KHTML, like Gecko) Version/18.5 Mobile/15E148 Safari/604.1",d11fe295-91af-474a-9f6e-c6e8fb5bf67e,11,844,390,span,15.0,15.0,2025-06-27 01:09:17 (Central Daylight Time),50212,incompatible,left,TestingProc,True,left,left,729.0,right,blue,1.0,adolescent,2025-06-16,test,
projectseed-simon-production,SimonTask-v2.0,11,2025-06-27 01:08:26 (Central Daylight Time),"Mozilla/5.0 (iPhone; CPU iPhone OS 18_5 like Mac OS X) AppleWebKit/605.1.15 (KHTML, like Gecko) Version/18.5 Mobile/15E148 Safari/604.1",d11fe295-91af-474a-9f6e-c6e8fb5bf67e,11,844,390,span,16.0,16.0,2025-06-27 01:09:18 (Central Daylight Time),52197,compatible,left,TestingProc,True,left,left,677.0,left,blue,1.000000000007276,adolescent,2025-06-16,test,
projectseed-simon-production,SimonTask-v2.0,11,2025-06-27 01:08:26 (Central Daylight Time),"Mozilla/5.0 (iPhone; CPU iPhone OS 18_5 like Mac OS X) AppleWebKit/605.1.15 (KHTML, like Gecko) Version/18.5 Mobile/15E148 Safari/604.1",d11fe295-91af-474a-9f6e-c6e8fb5bf67e,11,844,390,span,17.0,17.0,2025-06-27 01:09:21 (Central Daylight Time),54315,compatible,right,TestingProc,True,right,right,811.0,right,red,1.0,adolescent,2025-06-16,test,
projectseed-simon-production,SimonTask-v2.0,11,2025-06-27 01:08:26 (Central Daylight Time),"Mozilla/5.0 (iPhone; CPU iPhone OS 18_5 like Mac OS X) AppleWebKit/605.1.15 (KHTML, like Gecko) Version/18.5 Mobile/15E148 Safari/604.1",d11fe295-91af-474a-9f6e-c6e8fb5bf67e,11,844,390,span,18.0,18.0,2025-06-27 01:09:23 (Central Daylight Time),56383,incompatible,right,TestingProc,True,right,right,762.0,left,red,1.0,adolescent,2025-06-16,test,
projectseed-simon-production,SimonTask-v2.0,11,2025-06-27 01:08:26 (Central Daylight Time),"Mozilla/5.0 (iPhone; CPU iPhone OS 18_5 like Mac OS X) AppleWebKit/605.1.15 (KHTML, like Gecko) Version/18.5 Mobile/15E148 Safari/604.1",d11fe295-91af-474a-9f6e-c6e8fb5bf67e,11,844,390,span,19.0,19.0,2025-06-27 01:09:25 (Central Daylight Time),58384,incompatible,right,TestingProc,True,right,right,695.0,left,red,0.0,adolescent,2025-06-16,test,
projectseed-simon-production,SimonTask-v2.0,11,2025-06-27 01:08:26 (Central Daylight Time),"Mozilla/5.0 (iPhone; CPU iPhone OS 18_5 like Mac OS X) AppleWebKit/605.1.15 (KHTML, like Gecko) Version/18.5 Mobile/15E148 Safari/604.1",d11fe295-91af-474a-9f6e-c6e8fb5bf67e,11,844,390,span,20.0,20.0,2025-06-27 01:09:27 (Central Daylight Time),60502,compatible,left,TestingProc,True,left,left,812.0,left,blue,1.0,adolescent,2025-06-16,test,
projectseed-simon-production,SimonTask-v2.0,11,2025-06-27 01:08:26 (Central Daylight Time),"Mozilla/5.0 (iPhone; CPU iPhone OS 18_5 like Mac OS X) AppleWebKit/605.1.15 (KHTML, like Gecko) Version/18.5 Mobile/15E148 Safari/604.1",d11fe295-91af-474a-9f6e-c6e8fb5bf67e,11,844,390,span,21.0,21.0,2025-06-27 01:09:29 (Central Daylight Time),62604,compatible,right,TestingProc,True,right,right,796.0,right,red,1.0,adolescent,2025-06-16,test,
projectseed-simon-production,SimonTask-v2.0,11,2025-06-27 01:08:26 (Central Daylight Time),"Mozilla/5.0 (iPhone; CPU iPhone OS 18_5 like Mac OS X) AppleWebKit/605.1.15 (KHTML, like Gecko) Version/18.5 Mobile/15E148 Safari/604.1",d11fe295-91af-474a-9f6e-c6e8fb5bf67e,11,844,390,span,22.0,22.0,2025-06-27 01:09:31 (Central Daylight Time),64689,incompatible,left,TestingProc,True,left,left,778.0,right,blue,1.0,adolescent,2025-06-16,test,
projectseed-simon-production,SimonTask-v2.0,11,2025-06-27 01:08:26 (Central Daylight Time),"Mozilla/5.0 (iPhone; CPU iPhone OS 18_5 like Mac OS X) AppleWebKit/605.1.15 (KHTML, like Gecko) Version/18.5 Mobile/15E148 Safari/604.1",d11fe295-91af-474a-9f6e-c6e8fb5bf67e,11,844,390,span,23.0,23.0,2025-06-27 01:09:33 (Central Daylight Time),66740,incompatible,left,TestingProc,True,left,left,745.0,right,blue,1.0,adolescent,2025-06-16,test,
projectseed-simon-production,SimonTask-v2.0,11,2025-06-27 01:08:26 (Central Daylight Time),"Mozilla/5.0 (iPhone; CPU iPhone OS 18_5 like Mac OS X) AppleWebKit/605.1.15 (KHTML, like Gecko) Version/18.5 Mobile/15E148 Safari/604.1",d11fe295-91af-474a-9f6e-c6e8fb5bf67e,11,844,390,span,24.0,24.0,2025-06-27 01:09:35 (Central Daylight Time),68824,incompatible,right,TestingProc,True,right,right,778.0,left,red,1.0,adolescent,2025-06-16,test,
projectseed-simon-production,SimonTask-v2.0,11,2025-06-27 01:08:26 (Central Daylight Time),"Mozilla/5.0 (iPhone; CPU iPhone OS 18_5 like Mac OS X) AppleWebKit/605.1.15 (KHTML, like Gecko) Version/18.5 Mobile/15E148 Safari/604.1",d11fe295-91af-474a-9f6e-c6e8fb5bf67e,11,844,390,span,25.0,25.0,2025-06-27 01:09:37 (Central Daylight Time),70875,incompatible,left,TestingProc,True,left,left,745.0,right,blue,1.0,adolescent,2025-06-16,test,
projectseed-simon-production,SimonTask-v2.0,11,2025-06-27 01:08:26 (Central Daylight Time),"Mozilla/5.0 (iPhone; CPU iPhone OS 18_5 like Mac OS X) AppleWebKit/605.1.15 (KHTML, like Gecko) Version/18.5 Mobile/15E148 Safari/604.1",d11fe295-91af-474a-9f6e-c6e8fb5bf67e,11,844,390,span,26.0,26.0,2025-06-27 01:09:39 (Central Daylight Time),72826,compatible,left,TestingProc,True,left,left,646.0,left,blue,0.0,adolescent,2025-06-16,test,
projectseed-simon-production,SimonTask-v2.0,11,2025-06-27 01:08:26 (Central Daylight Time),"Mozilla/5.0 (iPhone; CPU iPhone OS 18_5 like Mac OS X) AppleWebKit/605.1.15 (KHTML, like Gecko) Version/18.5 Mobile/15E148 Safari/604.1",d11fe295-91af-474a-9f6e-c6e8fb5bf67e,11,844,390,span,27.0,27.0,2025-06-27 01:09:41 (Central Daylight Time),74861,incompatible,left,TestingProc,True,left,left,728.0,right,blue,1.0,adolescent,2025-06-16,test,
projectseed-simon-production,SimonTask-v2.0,11,2025-06-27 01:08:26 (Central Daylight Time),"Mozilla/5.0 (iPhone; CPU iPhone OS 18_5 like Mac OS X) AppleWebKit/605.1.15 (KHTML, like Gecko) Version/18.5 Mobile/15E148 Safari/604.1",d11fe295-91af-474a-9f6e-c6e8fb5bf67e,11,844,390,span,28.0,28.0,2025-06-27 01:09:43 (Central Daylight Time),76862,compatible,left,TestingProc,True,left,left,695.0,left,blue,0.0,adolescent,2025-06-16,test,
projectseed-simon-production,SimonTask-v2.0,11,2025-06-27 01:08:26 (Central Daylight Time),"Mozilla/5.0 (iPhone; CPU iPhone OS 18_5 like Mac OS X) AppleWebKit/605.1.15 (KHTML, like Gecko) Version/18.5 Mobile/15E148 Safari/604.1",d11fe295-91af-474a-9f6e-c6e8fb5bf67e,11,844,390,span,29.0,29.0,2025-06-27 01:09:45 (Central Daylight Time),78914,compatible,left,TestingProc,True,left,left,745.0,left,blue,0.0,adolescent,2025-06-16,test,
projectseed-simon-production,SimonTask-v2.0,11,2025-06-27 01:08:26 (Central Daylight Time),"Mozilla/5.0 (iPhone; CPU iPhone OS 18_5 like Mac OS X) AppleWebKit/605.1.15 (KHTML, like Gecko) Version/18.5 Mobile/15E148 Safari/604.1",d11fe295-91af-474a-9f6e-c6e8fb5bf67e,11,844,390,span,30.0,30.0,2025-06-27 01:09:47 (Central Daylight Time),80948,compatible,left,TestingProc,True,left,left,728.0,left,blue,0.0,adolescent,2025-06-16,test,
projectseed-simon-production,SimonTask-v2.0,11,2025-06-27 01:08:26 (Central Daylight Time),"Mozilla/5.0 (iPhone; CPU iPhone OS 18_5 like Mac OS X) AppleWebKit/605.1.15 (KHTML, like Gecko) Version/18.5 Mobile/15E148 Safari/604.1",d11fe295-91af-474a-9f6e-c6e8fb5bf67e,11,844,390,span,31.0,31.0,2025-06-27 01:09:49 (Central Daylight Time),82916,incompatible,left,TestingProc,True,left,left,662.0,right,blue,1.0,adolescent,2025-06-16,test,
projectseed-simon-production,SimonTask-v2.0,11,2025-06-27 01:08:26 (Central Daylight Time),"Mozilla/5.0 (iPhone; CPU iPhone OS 18_5 like Mac OS X) AppleWebKit/605.1.15 (KHTML, like Gecko) Version/18.5 Mobile/15E148 Safari/604.1",d11fe295-91af-474a-9f6e-c6e8fb5bf67e,11,844,390,span,32.0,32.0,2025-06-27 01:09:51 (Central Daylight Time),84834,compatible,left,TestingProc,True,left,left,612.0,left,blue,1.0,adolescent,2025-06-16,test,
projectseed-simon-production,SimonTask-v2.0,11,2025-06-28 01:19:27 (Central Daylight Time),"Mozilla/5.0 (iPhone; CPU iPhone OS 18_5 like Mac OS X) AppleWebKit/605.1.15 (KHTML, like Gecko) Version/18.5 Mobile/15E148 Safari/604.1",e549ee66-2a4d-4f32-9c71-b39538cfe1f3,12,844,390,span,-999.0,1.0,2025-06-28 01:34:32 (Central Daylight Time),905616,incompatible,right,TrainingList,True,right,right,638.0,left,red,2.0,adolescent,2025-06-16,training,
projectseed-simon-production,SimonTask-v2.0,11,2025-06-28 01:19:27 (Central Daylight Time),"Mozilla/5.0 (iPhone; CPU iPhone OS 18_5 like Mac OS X) AppleWebKit/605.1.15 (KHTML, like Gecko) Version/18.5 Mobile/15E148 Safari/604.1",e549ee66-2a4d-4f32-9c71-b39538cfe1f3,12,844,390,span,-999.0,2.0,2025-06-28 01:34:35 (Central Daylight Time),908685,compatible,right,TrainingList,True,right,right,578.0,right,red,1.0,adolescent,2025-06-16,training,
projectseed-simon-production,SimonTask-v2.0,11,2025-06-28 01:19:27 (Central Daylight Time),"Mozilla/5.0 (iPhone; CPU iPhone OS 18_5 like Mac OS X) AppleWebKit/605.1.15 (KHTML, like Gecko) Version/18.5 Mobile/15E148 Safari/604.1",e549ee66-2a4d-4f32-9c71-b39538cfe1f3,12,844,390,span,-999.0,3.0,2025-06-28 01:34:38 (Central Daylight Time),911670,compatible,right,TrainingList,True,right,right,561.0,right,red,1.0,adolescent,2025-06-16,training,
projectseed-simon-production,SimonTask-v2.0,11,2025-06-28 01:19:27 (Central Daylight Time),"Mozilla/5.0 (iPhone; CPU iPhone OS 18_5 like Mac OS X) AppleWebKit/605.1.15 (KHTML, like Gecko) Version/18.5 Mobile/15E148 Safari/604.1",e549ee66-2a4d-4f32-9c71-b39538cfe1f3,12,844,390,span,-999.0,4.0,2025-06-28 01:34:42 (Central Daylight Time),915238,compatible,left,TrainingList,True,left,left,761.0,left,blue,0.0,adolescent,2025-06-16,training,
projectseed-simon-production,SimonTask-v2.0,11,2025-06-28 01:19:27 (Central Daylight Time),"Mozilla/5.0 (iPhone; CPU iPhone OS 18_5 like Mac OS X) AppleWebKit/605.1.15 (KHTML, like Gecko) Version/18.5 Mobile/15E148 Safari/604.1",e549ee66-2a4d-4f32-9c71-b39538cfe1f3,12,844,390,span,1.0,1.0,2025-06-28 01:34:45 (Central Daylight Time),918791,compatible,right,TestingProc,True,right,right,578.0,right,red,1.0000000000291038,adolescent,2025-06-16,test,
projectseed-simon-production,SimonTask-v2.0,11,2025-06-28 01:19:27 (Central Daylight Time),"Mozilla/5.0 (iPhone; CPU iPhone OS 18_5 like Mac OS X) AppleWebKit/605.1.15 (KHTML, like Gecko) Version/18.5 Mobile/15E148 Safari/604.1",e549ee66-2a4d-4f32-9c71-b39538cfe1f3,12,844,390,span,2.0,2.0,2025-06-28 01:34:47 (Central Daylight Time),920708,incompatible,right,TestingProc,True,right,right,611.0,left,red,1.0,adolescent,2025-06-16,test,
projectseed-simon-production,SimonTask-v2.0,11,2025-06-28 01:19:27 (Central Daylight Time),"Mozilla/5.0 (iPhone; CPU iPhone OS 18_5 like Mac OS X) AppleWebKit/605.1.15 (KHTML, like Gecko) Version/18.5 Mobile/15E148 Safari/604.1",e549ee66-2a4d-4f32-9c71-b39538cfe1f3,12,844,390,span,3.0,3.0,2025-06-28 01:34:49 (Central Daylight Time),922092,incompatible,left,TestingProc,False,left,right,77.0,right,blue,1.0,adolescent,2025-06-16,test,
projectseed-simon-production,SimonTask-v2.0,11,2025-06-28 01:19:27 (Central Daylight Time),"Mozilla/5.0 (iPhone; CPU iPhone OS 18_5 like Mac OS X) AppleWebKit/605.1.15 (KHTML, like Gecko) Version/18.5 Mobile/15E148 Safari/604.1",e549ee66-2a4d-4f32-9c71-b39538cfe1f3,12,844,390,span,4.0,4.0,2025-06-28 01:34:50 (Central Daylight Time),923594,incompatible,right,TestingProc,True,right,right,196.0,left,red,1.0000000000291038,adolescent,2025-06-16,test,
projectseed-simon-production,SimonTask-v2.0,11,2025-06-28 01:19:27 (Central Daylight Time),"Mozilla/5.0 (iPhone; CPU iPhone OS 18_5 like Mac OS X) AppleWebKit/605.1.15 (KHTML, like Gecko) Version/18.5 Mobile/15E148 Safari/604.1",e549ee66-2a4d-4f32-9c71-b39538cfe1f3,12,844,390,span,5.0,5.0,2025-06-28 01:34:53 (Central Daylight Time),925845,incompatible,right,TestingProc,True,right,right,945.0,left,red,1.0,adolescent,2025-06-16,test,
projectseed-simon-production,SimonTask-v2.0,11,2025-06-28 01:19:27 (Central Daylight Time),"Mozilla/5.0 (iPhone; CPU iPhone OS 18_5 like Mac OS X) AppleWebKit/605.1.15 (KHTML, like Gecko) Version/18.5 Mobile/15E148 Safari/604.1",e549ee66-2a4d-4f32-9c71-b39538cfe1f3,12,844,390,span,6.0,6.0,2025-06-28 01:34:55 (Central Daylight Time),928095,incompatible,left,TestingProc,True,left,left,945.0,right,blue,1.0,adolescent,2025-06-16,test,
projectseed-simon-production,SimonTask-v2.0,11,2025-06-28 01:19:27 (Central Daylight Time),"Mozilla/5.0 (iPhone; CPU iPhone OS 18_5 like Mac OS X) AppleWebKit/605.1.15 (KHTML, like Gecko) Version/18.5 Mobile/15E148 Safari/604.1",e549ee66-2a4d-4f32-9c71-b39538cfe1f3,12,844,390,span,7.0,7.0,2025-06-28 01:34:57 (Central Daylight Time),930402,compatible,left,TestingProc,False,left,none,-999.0,left,blue,0.0,adolescent,2025-06-16,test,
projectseed-simon-production,SimonTask-v2.0,11,2025-06-28 01:19:27 (Central Daylight Time),"Mozilla/5.0 (iPhone; CPU iPhone OS 18_5 like Mac OS X) AppleWebKit/605.1.15 (KHTML, like Gecko) Version/18.5 Mobile/15E148 Safari/604.1",e549ee66-2a4d-4f32-9c71-b39538cfe1f3,12,844,390,span,8.0,8.0,2025-06-28 01:35:01 (Central Daylight Time),934618,incompatible,left,TestingProc,True,left,left,795.0,right,blue,1.0,adolescent,2025-06-16,test,
projectseed-simon-production,SimonTask-v2.0,11,2025-06-28 01:19:27 (Central Daylight Time),"Mozilla/5.0 (iPhone; CPU iPhone OS 18_5 like Mac OS X) AppleWebKit/605.1.15 (KHTML, like Gecko) Version/18.5 Mobile/15E148 Safari/604.1",e549ee66-2a4d-4f32-9c71-b39538cfe1f3,12,844,390,span,9.0,9.0,2025-06-28 01:35:03 (Central Daylight Time),936454,compatible,left,TestingProc,True,left,left,528.0,left,blue,1.0,adolescent,2025-06-16,test,
projectseed-simon-production,SimonTask-v2.0,11,2025-06-28 01:19:27 (Central Daylight Time),"Mozilla/5.0 (iPhone; CPU iPhone OS 18_5 like Mac OS X) AppleWebKit/605.1.15 (KHTML, like Gecko) Version/18.5 Mobile/15E148 Safari/604.1",e549ee66-2a4d-4f32-9c71-b39538cfe1f3,12,844,390,span,10.0,10.0,2025-06-28 01:35:05 (Central Daylight Time),938238,compatible,right,TestingProc,False,right,left,478.0,right,red,1.0,adolescent,2025-06-16,test,
projectseed-simon-production,SimonTask-v2.0,11,2025-06-28 01:19:27 (Central Daylight Time),"Mozilla/5.0 (iPhone; CPU iPhone OS 18_5 like Mac OS X) AppleWebKit/605.1.15 (KHTML, like Gecko) Version/18.5 Mobile/15E148 Safari/604.1",e549ee66-2a4d-4f32-9c71-b39538cfe1f3,12,844,390,span,11.0,11.0,2025-06-28 01:35:06 (Central Daylight Time),939640,compatible,right,TestingProc,False,right,left,95.0,right,red,1.0000000000291038,adolescent,2025-06-16,test,
projectseed-simon-production,SimonTask-v2.0,11,2025-06-28 01:19:27 (Central Daylight Time),"Mozilla/5.0 (iPhone; CPU iPhone OS 18_5 like Mac OS X) AppleWebKit/605.1.15 (KHTML, like Gecko) Version/18.5 Mobile/15E148 Safari/604.1",e549ee66-2a4d-4f32-9c71-b39538cfe1f3,12,844,390,span,12.0,12.0,2025-06-28 01:35:09 (Central Daylight Time),941857,compatible,left,TestingProc,True,left,left,911.0,left,blue,1.0000000000291038,adolescent,2025-06-16,test,
projectseed-simon-production,SimonTask-v2.0,11,2025-06-28 01:19:27 (Central Daylight Time),"Mozilla/5.0 (iPhone; CPU iPhone OS 18_5 like Mac OS X) AppleWebKit/605.1.15 (KHTML, like Gecko) Version/18.5 Mobile/15E148 Safari/604.1",e549ee66-2a4d-4f32-9c71-b39538cfe1f3,12,844,390,span,13.0,13.0,2025-06-28 01:35:10 (Central Daylight Time),943560,incompatible,left,TestingProc,True,left,left,398.0,right,blue,0.0,adolescent,2025-06-16,test,
projectseed-simon-production,SimonTask-v2.0,11,2025-06-28 01:19:27 (Central Daylight Time),"Mozilla/5.0 (iPhone; CPU iPhone OS 18_5 like Mac OS X) AppleWebKit/605.1.15 (KHTML, like Gecko) Version/18.5 Mobile/15E148 Safari/604.1",e549ee66-2a4d-4f32-9c71-b39538cfe1f3,12,844,390,span,14.0,14.0,2025-06-28 01:35:12 (Central Daylight Time),945578,compatible,left,TestingProc,True,left,left,712.0,left,blue,1.0,adolescent,2025-06-16,test,
projectseed-simon-production,SimonTask-v2.0,11,2025-06-28 01:19:27 (Central Daylight Time),"Mozilla/5.0 (iPhone; CPU iPhone OS 18_5 like Mac OS X) AppleWebKit/605.1.15 (KHTML, like Gecko) Version/18.5 Mobile/15E148 Safari/604.1",e549ee66-2a4d-4f32-9c71-b39538cfe1f3,12,844,390,span,15.0,15.0,2025-06-28 01:35:14 (Central Daylight Time),947429,incompatible,right,TestingProc,False,right,left,545.0,left,red,0.0,adolescent,2025-06-16,test,
projectseed-simon-production,SimonTask-v2.0,11,2025-06-28 01:19:27 (Central Daylight Time),"Mozilla/5.0 (iPhone; CPU iPhone OS 18_5 like Mac OS X) AppleWebKit/605.1.15 (KHTML, like Gecko) Version/18.5 Mobile/15E148 Safari/604.1",e549ee66-2a4d-4f32-9c71-b39538cfe1f3,12,844,390,span,16.0,16.0,2025-06-28 01:35:16 (Central Daylight Time),948931,incompatible,left,TestingProc,False,left,right,197.0,right,blue,1.0,adolescent,2025-06-16,test,
projectseed-simon-production,SimonTask-v2.0,11,2025-06-28 01:19:27 (Central Daylight Time),"Mozilla/5.0 (iPhone; CPU iPhone OS 18_5 like Mac OS X) AppleWebKit/605.1.15 (KHTML, like Gecko) Version/18.5 Mobile/15E148 Safari/604.1",e549ee66-2a4d-4f32-9c71-b39538cfe1f3,12,844,390,span,17.0,17.0,2025-06-28 01:35:17 (Central Daylight Time),950415,incompatible,left,TestingProc,False,left,right,178.0,right,blue,1.0,adolescent,2025-06-16,test,
projectseed-simon-production,SimonTask-v2.0,11,2025-06-28 01:19:27 (Central Daylight Time),"Mozilla/5.0 (iPhone; CPU iPhone OS 18_5 like Mac OS X) AppleWebKit/605.1.15 (KHTML, like Gecko) Version/18.5 Mobile/15E148 Safari/604.1",e549ee66-2a4d-4f32-9c71-b39538cfe1f3,12,844,390,span,18.0,18.0,2025-06-28 01:35:19 (Central Daylight Time),952067,compatible,left,TestingProc,False,left,right,347.0,left,blue,1.0,adolescent,2025-06-16,test,
projectseed-simon-production,SimonTask-v2.0,11,2025-06-28 01:19:27 (Central Daylight Time),"Mozilla/5.0 (iPhone; CPU iPhone OS 18_5 like Mac OS X) AppleWebKit/605.1.15 (KHTML, like Gecko) Version/18.5 Mobile/15E148 Safari/604.1",e549ee66-2a4d-4f32-9c71-b39538cfe1f3,12,844,390,span,19.0,19.0,2025-06-28 01:35:21 (Central Daylight Time),953999,compatible,left,TestingProc,True,left,left,627.0,left,blue,1.0,adolescent,2025-06-16,test,
projectseed-simon-production,SimonTask-v2.0,11,2025-06-28 01:19:27 (Central Daylight Time),"Mozilla/5.0 (iPhone; CPU iPhone OS 18_5 like Mac OS X) AppleWebKit/605.1.15 (KHTML, like Gecko) Version/18.5 Mobile/15E148 Safari/604.1",e549ee66-2a4d-4f32-9c71-b39538cfe1f3,12,844,390,span,20.0,20.0,2025-06-28 01:35:22 (Central Daylight Time),955619,compatible,right,TestingProc,False,right,left,314.0,right,red,0.0,adolescent,2025-06-16,test,
projectseed-simon-production,SimonTask-v2.0,11,2025-06-28 01:19:27 (Central Daylight Time),"Mozilla/5.0 (iPhone; CPU iPhone OS 18_5 like Mac OS X) AppleWebKit/605.1.15 (KHTML, like Gecko) Version/18.5 Mobile/15E148 Safari/604.1",e549ee66-2a4d-4f32-9c71-b39538cfe1f3,12,844,390,span,21.0,21.0,2025-06-28 01:35:24 (Central Daylight Time),957134,incompatible,left,TestingProc,True,left,left,209.0,right,blue,0.9999999999417923,adolescent,2025-06-16,test,
projectseed-simon-production,SimonTask-v2.0,11,2025-06-28 01:19:27 (Central Daylight Time),"Mozilla/5.0 (iPhone; CPU iPhone OS 18_5 like Mac OS X) AppleWebKit/605.1.15 (KHTML, like Gecko) Version/18.5 Mobile/15E148 Safari/604.1",e549ee66-2a4d-4f32-9c71-b39538cfe1f3,12,844,390,span,22.0,22.0,2025-06-28 01:35:26 (Central Daylight Time),959005,compatible,left,TestingProc,True,left,left,565.0,left,blue,1.0,adolescent,2025-06-16,test,
projectseed-simon-production,SimonTask-v2.0,11,2025-06-28 01:19:27 (Central Daylight Time),"Mozilla/5.0 (iPhone; CPU iPhone OS 18_5 like Mac OS X) AppleWebKit/605.1.15 (KHTML, like Gecko) Version/18.5 Mobile/15E148 Safari/604.1",e549ee66-2a4d-4f32-9c71-b39538cfe1f3,12,844,390,span,23.0,23.0,2025-06-28 01:35:27 (Central Daylight Time),960574,incompatible,right,TestingProc,False,right,left,262.0,left,red,0.9999999999417923,adolescent,2025-06-16,test,
projectseed-simon-production,SimonTask-v2.0,11,2025-06-28 01:19:27 (Central Daylight Time),"Mozilla/5.0 (iPhone; CPU iPhone OS 18_5 like Mac OS X) AppleWebKit/605.1.15 (KHTML, like Gecko) Version/18.5 Mobile/15E148 Safari/604.1",e549ee66-2a4d-4f32-9c71-b39538cfe1f3,12,844,390,span,24.0,24.0,2025-06-28 01:35:29 (Central Daylight Time),962042,incompatible,left,TestingProc,False,left,right,163.0,right,blue,0.0,adolescent,2025-06-16,test,
projectseed-simon-production,SimonTask-v2.0,11,2025-06-28 01:19:27 (Central Daylight Time),"Mozilla/5.0 (iPhone; CPU iPhone OS 18_5 like Mac OS X) AppleWebKit/605.1.15 (KHTML, like Gecko) Version/18.5 Mobile/15E148 Safari/604.1",e549ee66-2a4d-4f32-9c71-b39538cfe1f3,12,844,390,span,25.0,25.0,2025-06-28 01:35:30 (Central Daylight Time),963610,compatible,right,TestingProc,False,right,left,262.0,right,red,0.0,adolescent,2025-06-16,test,
projectseed-simon-production,SimonTask-v2.0,11,2025-06-28 01:19:27 (Central Daylight Time),"Mozilla/5.0 (iPhone; CPU iPhone OS 18_5 like Mac OS X) AppleWebKit/605.1.15 (KHTML, like Gecko) Version/18.5 Mobile/15E148 Safari/604.1",e549ee66-2a4d-4f32-9c71-b39538cfe1f3,12,844,390,span,26.0,26.0,2025-06-28 01:35:33 (Central Daylight Time),965917,incompatible,right,TestingProc,False,right,none,-999.0,left,red,0.0,adolescent,2025-06-16,test,
projectseed-simon-production,SimonTask-v2.0,11,2025-06-28 01:19:27 (Central Daylight Time),"Mozilla/5.0 (iPhone; CPU iPhone OS 18_5 like Mac OS X) AppleWebKit/605.1.15 (KHTML, like Gecko) Version/18.5 Mobile/15E148 Safari/604.1",e549ee66-2a4d-4f32-9c71-b39538cfe1f3,12,844,390,span,27.0,27.0,2025-06-28 01:35:37 (Central Daylight Time),970232,compatible,right,TestingProc,True,right,right,662.0,right,red,1.0,adolescent,2025-06-16,test,
projectseed-simon-production,SimonTask-v2.0,11,2025-06-28 01:19:27 (Central Daylight Time),"Mozilla/5.0 (iPhone; CPU iPhone OS 18_5 like Mac OS X) AppleWebKit/605.1.15 (KHTML, like Gecko) Version/18.5 Mobile/15E148 Safari/604.1",e549ee66-2a4d-4f32-9c71-b39538cfe1f3,12,844,390,span,28.0,28.0,2025-06-28 01:35:39 (Central Daylight Time),972349,incompatible,left,TestingProc,True,left,left,811.0,right,blue,1.0,adolescent,2025-06-16,test,
projectseed-simon-production,SimonTask-v2.0,11,2025-06-28 01:19:27 (Central Daylight Time),"Mozilla/5.0 (iPhone; CPU iPhone OS 18_5 like Mac OS X) AppleWebKit/605.1.15 (KHTML, like Gecko) Version/18.5 Mobile/15E148 Safari/604.1",e549ee66-2a4d-4f32-9c71-b39538cfe1f3,12,844,390,span,29.0,29.0,2025-06-28 01:35:41 (Central Daylight Time),974419,compatible,right,TestingProc,True,right,right,763.0,right,red,1.0,adolescent,2025-06-16,test,
projectseed-simon-production,SimonTask-v2.0,11,2025-06-28 01:19:27 (Central Daylight Time),"Mozilla/5.0 (iPhone; CPU iPhone OS 18_5 like Mac OS X) AppleWebKit/605.1.15 (KHTML, like Gecko) Version/18.5 Mobile/15E148 Safari/604.1",e549ee66-2a4d-4f32-9c71-b39538cfe1f3,12,844,390,span,30.0,30.0,2025-06-28 01:35:43 (Central Daylight Time),976217,compatible,left,TestingProc,True,left,left,492.0,left,blue,1.0,adolescent,2025-06-16,test,
projectseed-simon-production,SimonTask-v2.0,11,2025-06-28 01:19:27 (Central Daylight Time),"Mozilla/5.0 (iPhone; CPU iPhone OS 18_5 like Mac OS X) AppleWebKit/605.1.15 (KHTML, like Gecko) Version/18.5 Mobile/15E148 Safari/604.1",e549ee66-2a4d-4f32-9c71-b39538cfe1f3,12,844,390,span,31.0,31.0,2025-06-28 01:35:45 (Central Daylight Time),978238,compatible,left,TestingProc,True,left,left,715.0,left,blue,0.0,adolescent,2025-06-16,test,
projectseed-simon-production,SimonTask-v2.0,11,2025-06-28 01:19:27 (Central Daylight Time),"Mozilla/5.0 (iPhone; CPU iPhone OS 18_5 like Mac OS X) AppleWebKit/605.1.15 (KHTML, like Gecko) Version/18.5 Mobile/15E148 Safari/604.1",e549ee66-2a4d-4f32-9c71-b39538cfe1f3,12,844,390,span,32.0,32.0,2025-06-28 01:35:47 (Central Daylight Time),980307,incompatible,right,TestingProc,True,right,right,763.0,left,red,0.0,adolescent,2025-06-16,test,
projectseed-simon-production,SimonTask-v2.0,11,2025-06-29 00:02:36 (Central Daylight Time),"Mozilla/5.0 (iPhone; CPU iPhone OS 18_5 like Mac OS X) AppleWebKit/605.1.15 (KHTML, like Gecko) Version/18.5 Mobile/15E148 Safari/604.1",6e531de8-1dc5-4045-ad83-2fb67f4fe6f6,13,844,390,span,-999.0,1.0,2025-06-29 00:03:26 (Central Daylight Time),49321,incompatible,right,TrainingList,False,right,none,-999.0,left,red,2.0,adolescent,2025-06-16,training,
projectseed-simon-production,SimonTask-v2.0,11,2025-06-29 00:02:36 (Central Daylight Time),"Mozilla/5.0 (iPhone; CPU iPhone OS 18_5 like Mac OS X) AppleWebKit/605.1.15 (KHTML, like Gecko) Version/18.5 Mobile/15E148 Safari/604.1",6e531de8-1dc5-4045-ad83-2fb67f4fe6f6,13,844,390,span,-999.0,2.0,2025-06-29 00:03:29 (Central Daylight Time),52373,incompatible,right,TrainingList,True,right,right,574.0,left,red,1.0,adolescent,2025-06-16,training,
projectseed-simon-production,SimonTask-v2.0,11,2025-06-29 00:02:36 (Central Daylight Time),"Mozilla/5.0 (iPhone; CPU iPhone OS 18_5 like Mac OS X) AppleWebKit/605.1.15 (KHTML, like Gecko) Version/18.5 Mobile/15E148 Safari/604.1",6e531de8-1dc5-4045-ad83-2fb67f4fe6f6,13,844,390,span,-999.0,3.0,2025-06-29 00:03:32 (Central Daylight Time),55358,incompatible,left,TrainingList,True,left,left,611.0,right,blue,1.0,adolescent,2025-06-16,training,
projectseed-simon-production,SimonTask-v2.0,11,2025-06-29 00:02:36 (Central Daylight Time),"Mozilla/5.0 (iPhone; CPU iPhone OS 18_5 like Mac OS X) AppleWebKit/605.1.15 (KHTML, like Gecko) Version/18.5 Mobile/15E148 Safari/604.1",6e531de8-1dc5-4045-ad83-2fb67f4fe6f6,13,844,390,span,-999.0,4.0,2025-06-29 00:03:35 (Central Daylight Time),58290,compatible,right,TrainingList,True,right,right,576.0,right,red,0.0,adolescent,2025-06-16,training,
projectseed-simon-production,SimonTask-v2.0,11,2025-06-29 00:02:36 (Central Daylight Time),"Mozilla/5.0 (iPhone; CPU iPhone OS 18_5 like Mac OS X) AppleWebKit/605.1.15 (KHTML, like Gecko) Version/18.5 Mobile/15E148 Safari/604.1",6e531de8-1dc5-4045-ad83-2fb67f4fe6f6,13,844,390,span,-999.0,5.0,2025-06-29 00:03:37 (Central Daylight Time),61155,incompatible,right,TrainingList,True,right,right,540.0,left,red,0.999999999992724,adolescent,2025-06-16,training,
projectseed-simon-production,SimonTask-v2.0,11,2025-06-29 00:02:36 (Central Daylight Time),"Mozilla/5.0 (iPhone; CPU iPhone OS 18_5 like Mac OS X) AppleWebKit/605.1.15 (KHTML, like Gecko) Version/18.5 Mobile/15E148 Safari/604.1",6e531de8-1dc5-4045-ad83-2fb67f4fe6f6,13,844,390,span,1.0,1.0,2025-06-29 00:03:41 (Central Daylight Time),64954,compatible,left,TestingProc,True,left,left,626.0,left,blue,0.0,adolescent,2025-06-16,test,
projectseed-simon-production,SimonTask-v2.0,11,2025-06-29 00:02:36 (Central Daylight Time),"Mozilla/5.0 (iPhone; CPU iPhone OS 18_5 like Mac OS X) AppleWebKit/605.1.15 (KHTML, like Gecko) Version/18.5 Mobile/15E148 Safari/604.1",6e531de8-1dc5-4045-ad83-2fb67f4fe6f6,13,844,390,span,2.0,2.0,2025-06-29 00:03:43 (Central Daylight Time),66937,compatible,right,TestingProc,True,right,right,677.0,right,red,1.0,adolescent,2025-06-16,test,
projectseed-simon-production,SimonTask-v2.0,11,2025-06-29 00:02:36 (Central Daylight Time),"Mozilla/5.0 (iPhone; CPU iPhone OS 18_5 like Mac OS X) AppleWebKit/605.1.15 (KHTML, like Gecko) Version/18.5 Mobile/15E148 Safari/604.1",6e531de8-1dc5-4045-ad83-2fb67f4fe6f6,13,844,390,span,3.0,3.0,2025-06-29 00:03:45 (Central Daylight Time),68835,incompatible,right,TestingProc,True,right,right,593.0,left,red,1.0,adolescent,2025-06-16,test,
projectseed-simon-production,SimonTask-v2.0,11,2025-06-29 00:02:36 (Central Daylight Time),"Mozilla/5.0 (iPhone; CPU iPhone OS 18_5 like Mac OS X) AppleWebKit/605.1.15 (KHTML, like Gecko) Version/18.5 Mobile/15E148 Safari/604.1",6e531de8-1dc5-4045-ad83-2fb67f4fe6f6,13,844,390,span,4.0,4.0,2025-06-29 00:03:47 (Central Daylight Time),70585,compatible,right,TestingProc,True,right,right,442.0,right,red,1.0,adolescent,2025-06-16,test,
projectseed-simon-production,SimonTask-v2.0,11,2025-06-29 00:02:36 (Central Daylight Time),"Mozilla/5.0 (iPhone; CPU iPhone OS 18_5 like Mac OS X) AppleWebKit/605.1.15 (KHTML, like Gecko) Version/18.5 Mobile/15E148 Safari/604.1",6e531de8-1dc5-4045-ad83-2fb67f4fe6f6,13,844,390,span,5.0,5.0,2025-06-29 00:03:49 (Central Daylight Time),72398,incompatible,left,TestingProc,True,left,left,507.0,right,blue,1.0,adolescent,2025-06-16,test,
projectseed-simon-production,SimonTask-v2.0,11,2025-06-29 00:02:36 (Central Daylight Time),"Mozilla/5.0 (iPhone; CPU iPhone OS 18_5 like Mac OS X) AppleWebKit/605.1.15 (KHTML, like Gecko) Version/18.5 Mobile/15E148 Safari/604.1",6e531de8-1dc5-4045-ad83-2fb67f4fe6f6,13,844,390,span,6.0,6.0,2025-06-29 00:03:51 (Central Daylight Time),74249,incompatible,left,TestingProc,True,left,left,545.0,right,blue,1.000000000014552,adolescent,2025-06-16,test,
projectseed-simon-production,SimonTask-v2.0,11,2025-06-29 00:02:36 (Central Daylight Time),"Mozilla/5.0 (iPhone; CPU iPhone OS 18_5 like Mac OS X) AppleWebKit/605.1.15 (KHTML, like Gecko) Version/18.5 Mobile/15E148 Safari/604.1",6e531de8-1dc5-4045-ad83-2fb67f4fe6f6,13,844,390,span,7.0,7.0,2025-06-29 00:03:52 (Central Daylight Time),76029,compatible,right,TestingProc,True,right,right,475.0,right,red,1.0,adolescent,2025-06-16,test,
projectseed-simon-production,SimonTask-v2.0,11,2025-06-29 00:02:36 (Central Daylight Time),"Mozilla/5.0 (iPhone; CPU iPhone OS 18_5 like Mac OS X) AppleWebKit/605.1.15 (KHTML, like Gecko) Version/18.5 Mobile/15E148 Safari/604.1",6e531de8-1dc5-4045-ad83-2fb67f4fe6f6,13,844,390,span,8.0,8.0,2025-06-29 00:03:54 (Central Daylight Time),77850,compatible,left,TestingProc,True,left,left,515.0,left,blue,0.0,adolescent,2025-06-16,test,
projectseed-simon-production,SimonTask-v2.0,11,2025-06-29 00:02:36 (Central Daylight Time),"Mozilla/5.0 (iPhone; CPU iPhone OS 18_5 like Mac OS X) AppleWebKit/605.1.15 (KHTML, like Gecko) Version/18.5 Mobile/15E148 Safari/604.1",6e531de8-1dc5-4045-ad83-2fb67f4fe6f6,13,844,390,span,9.0,9.0,2025-06-29 00:03:56 (Central Daylight Time),79732,compatible,left,TestingProc,True,left,left,577.0,left,blue,1.0,adolescent,2025-06-16,test,
projectseed-simon-production,SimonTask-v2.0,11,2025-06-29 00:02:36 (Central Daylight Time),"Mozilla/5.0 (iPhone; CPU iPhone OS 18_5 like Mac OS X) AppleWebKit/605.1.15 (KHTML, like Gecko) Version/18.5 Mobile/15E148 Safari/604.1",6e531de8-1dc5-4045-ad83-2fb67f4fe6f6,13,844,390,span,10.0,10.0,2025-06-29 00:03:58 (Central Daylight Time),81531,compatible,right,TestingProc,True,right,right,492.0,right,red,1.0,adolescent,2025-06-16,test,
projectseed-simon-production,SimonTask-v2.0,11,2025-06-29 00:02:36 (Central Daylight Time),"Mozilla/5.0 (iPhone; CPU iPhone OS 18_5 like Mac OS X) AppleWebKit/605.1.15 (KHTML, like Gecko) Version/18.5 Mobile/15E148 Safari/604.1",6e531de8-1dc5-4045-ad83-2fb67f4fe6f6,13,844,390,span,11.0,11.0,2025-06-29 00:04:00 (Central Daylight Time),83479,incompatible,left,TestingProc,True,left,left,642.0,right,blue,0.0,adolescent,2025-06-16,test,
projectseed-simon-production,SimonTask-v2.0,11,2025-06-29 00:02:36 (Central Daylight Time),"Mozilla/5.0 (iPhone; CPU iPhone OS 18_5 like Mac OS X) AppleWebKit/605.1.15 (KHTML, like Gecko) Version/18.5 Mobile/15E148 Safari/604.1",6e531de8-1dc5-4045-ad83-2fb67f4fe6f6,13,844,390,span,12.0,12.0,2025-06-29 00:04:02 (Central Daylight Time),85245,compatible,right,TestingProc,True,right,right,460.0,right,red,1.0,adolescent,2025-06-16,test,
projectseed-simon-production,SimonTask-v2.0,11,2025-06-29 00:02:36 (Central Daylight Time),"Mozilla/5.0 (iPhone; CPU iPhone OS 18_5 like Mac OS X) AppleWebKit/605.1.15 (KHTML, like Gecko) Version/18.5 Mobile/15E148 Safari/604.1",6e531de8-1dc5-4045-ad83-2fb67f4fe6f6,13,844,390,span,13.0,13.0,2025-06-29 00:04:03 (Central Daylight Time),87011,incompatible,right,TestingProc,False,right,left,461.0,left,red,0.0,adolescent,2025-06-16,test,
projectseed-simon-production,SimonTask-v2.0,11,2025-06-29 00:02:36 (Central Daylight Time),"Mozilla/5.0 (iPhone; CPU iPhone OS 18_5 like Mac OS X) AppleWebKit/605.1.15 (KHTML, like Gecko) Version/18.5 Mobile/15E148 Safari/604.1",6e531de8-1dc5-4045-ad83-2fb67f4fe6f6,13,844,390,span,14.0,14.0,2025-06-29 00:04:05 (Central Daylight Time),88863,compatible,left,TestingProc,True,left,left,546.0,left,blue,0.0,adolescent,2025-06-16,test,
projectseed-simon-production,SimonTask-v2.0,11,2025-06-29 00:02:36 (Central Daylight Time),"Mozilla/5.0 (iPhone; CPU iPhone OS 18_5 like Mac OS X) AppleWebKit/605.1.15 (KHTML, like Gecko) Version/18.5 Mobile/15E148 Safari/604.1",6e531de8-1dc5-4045-ad83-2fb67f4fe6f6,13,844,390,span,15.0,15.0,2025-06-29 00:04:07 (Central Daylight Time),90612,compatible,right,TestingProc,True,right,right,441.0,right,red,1.0,adolescent,2025-06-16,test,
projectseed-simon-production,SimonTask-v2.0,11,2025-06-29 00:02:36 (Central Daylight Time),"Mozilla/5.0 (iPhone; CPU iPhone OS 18_5 like Mac OS X) AppleWebKit/605.1.15 (KHTML, like Gecko) Version/18.5 Mobile/15E148 Safari/604.1",6e531de8-1dc5-4045-ad83-2fb67f4fe6f6,13,844,390,span,16.0,16.0,2025-06-29 00:04:09 (Central Daylight Time),92362,compatible,right,TestingProc,True,right,right,445.0,right,red,0.0,adolescent,2025-06-16,test,
projectseed-simon-production,SimonTask-v2.0,11,2025-06-29 00:02:36 (Central Daylight Time),"Mozilla/5.0 (iPhone; CPU iPhone OS 18_5 like Mac OS X) AppleWebKit/605.1.15 (KHTML, like Gecko) Version/18.5 Mobile/15E148 Safari/604.1",6e531de8-1dc5-4045-ad83-2fb67f4fe6f6,13,844,390,span,17.0,17.0,2025-06-29 00:04:11 (Central Daylight Time),94195,compatible,left,TestingProc,True,left,left,528.0,left,blue,0.0,adolescent,2025-06-16,test,
projectseed-simon-production,SimonTask-v2.0,11,2025-06-29 00:02:36 (Central Daylight Time),"Mozilla/5.0 (iPhone; CPU iPhone OS 18_5 like Mac OS X) AppleWebKit/605.1.15 (KHTML, like Gecko) Version/18.5 Mobile/15E148 Safari/604.1",6e531de8-1dc5-4045-ad83-2fb67f4fe6f6,13,844,390,span,18.0,18.0,2025-06-29 00:04:12 (Central Daylight Time),95992,compatible,right,TestingProc,True,right,right,492.0,right,red,0.0,adolescent,2025-06-16,test,
projectseed-simon-production,SimonTask-v2.0,11,2025-06-29 00:02:36 (Central Daylight Time),"Mozilla/5.0 (iPhone; CPU iPhone OS 18_5 like Mac OS X) AppleWebKit/605.1.15 (KHTML, like Gecko) Version/18.5 Mobile/15E148 Safari/604.1",6e531de8-1dc5-4045-ad83-2fb67f4fe6f6,13,844,390,span,19.0,19.0,2025-06-29 00:04:14 (Central Daylight Time),97909,compatible,left,TestingProc,True,left,left,611.0,left,blue,0.0,adolescent,2025-06-16,test,
projectseed-simon-production,SimonTask-v2.0,11,2025-06-29 00:02:36 (Central Daylight Time),"Mozilla/5.0 (iPhone; CPU iPhone OS 18_5 like Mac OS X) AppleWebKit/605.1.15 (KHTML, like Gecko) Version/18.5 Mobile/15E148 Safari/604.1",6e531de8-1dc5-4045-ad83-2fb67f4fe6f6,13,844,390,span,20.0,20.0,2025-06-29 00:04:16 (Central Daylight Time),99677,compatible,right,TestingProc,True,right,right,462.0,right,red,1.000000000014552,adolescent,2025-06-16,test,
projectseed-simon-production,SimonTask-v2.0,11,2025-06-29 00:02:36 (Central Daylight Time),"Mozilla/5.0 (iPhone; CPU iPhone OS 18_5 like Mac OS X) AppleWebKit/605.1.15 (KHTML, like Gecko) Version/18.5 Mobile/15E148 Safari/604.1",6e531de8-1dc5-4045-ad83-2fb67f4fe6f6,13,844,390,span,21.0,21.0,2025-06-29 00:04:18 (Central Daylight Time),101592,incompatible,left,TestingProc,True,left,left,608.0,right,blue,0.0,adolescent,2025-06-16,test,
projectseed-simon-production,SimonTask-v2.0,11,2025-06-29 00:02:36 (Central Daylight Time),"Mozilla/5.0 (iPhone; CPU iPhone OS 18_5 like Mac OS X) AppleWebKit/605.1.15 (KHTML, like Gecko) Version/18.5 Mobile/15E148 Safari/604.1",6e531de8-1dc5-4045-ad83-2fb67f4fe6f6,13,844,390,span,22.0,22.0,2025-06-29 00:04:20 (Central Daylight Time),103426,incompatible,left,TestingProc,True,left,left,528.0,right,blue,1.0,adolescent,2025-06-16,test,
projectseed-simon-production,SimonTask-v2.0,11,2025-06-29 00:02:36 (Central Daylight Time),"Mozilla/5.0 (iPhone; CPU iPhone OS 18_5 like Mac OS X) AppleWebKit/605.1.15 (KHTML, like Gecko) Version/18.5 Mobile/15E148 Safari/604.1",6e531de8-1dc5-4045-ad83-2fb67f4fe6f6,13,844,390,span,23.0,23.0,2025-06-29 00:04:22 (Central Daylight Time),105175,compatible,right,TestingProc,True,right,right,443.0,right,red,0.9999999999854481,adolescent,2025-06-16,test,
projectseed-simon-production,SimonTask-v2.0,11,2025-06-29 00:02:36 (Central Daylight Time),"Mozilla/5.0 (iPhone; CPU iPhone OS 18_5 like Mac OS X) AppleWebKit/605.1.15 (KHTML, like Gecko) Version/18.5 Mobile/15E148 Safari/604.1",6e531de8-1dc5-4045-ad83-2fb67f4fe6f6,13,844,390,span,24.0,24.0,2025-06-29 00:04:23 (Central Daylight Time),107074,compatible,left,TestingProc,True,left,left,593.0,left,blue,1.000000000014552,adolescent,2025-06-16,test,
projectseed-simon-production,SimonTask-v2.0,11,2025-06-29 00:02:36 (Central Daylight Time),"Mozilla/5.0 (iPhone; CPU iPhone OS 18_5 like Mac OS X) AppleWebKit/605.1.15 (KHTML, like Gecko) Version/18.5 Mobile/15E148 Safari/604.1",6e531de8-1dc5-4045-ad83-2fb67f4fe6f6,13,844,390,span,25.0,25.0,2025-06-29 00:04:25 (Central Daylight Time),108923,incompatible,right,TestingProc,True,right,right,542.0,left,red,0.0,adolescent,2025-06-16,test,
projectseed-simon-production,SimonTask-v2.0,11,2025-06-29 00:02:36 (Central Daylight Time),"Mozilla/5.0 (iPhone; CPU iPhone OS 18_5 like Mac OS X) AppleWebKit/605.1.15 (KHTML, like Gecko) Version/18.5 Mobile/15E148 Safari/604.1",6e531de8-1dc5-4045-ad83-2fb67f4fe6f6,13,844,390,span,26.0,26.0,2025-06-29 00:04:27 (Central Daylight Time),110722,incompatible,right,TestingProc,True,right,right,494.0,left,red,1.000000000014552,adolescent,2025-06-16,test,
projectseed-simon-production,SimonTask-v2.0,11,2025-06-29 00:02:36 (Central Daylight Time),"Mozilla/5.0 (iPhone; CPU iPhone OS 18_5 like Mac OS X) AppleWebKit/605.1.15 (KHTML, like Gecko) Version/18.5 Mobile/15E148 Safari/604.1",6e531de8-1dc5-4045-ad83-2fb67f4fe6f6,13,844,390,span,27.0,27.0,2025-06-29 00:04:29 (Central Daylight Time),112487,incompatible,right,TestingProc,True,right,right,458.0,left,red,0.0,adolescent,2025-06-16,test,
projectseed-simon-production,SimonTask-v2.0,11,2025-06-29 00:02:36 (Central Daylight Time),"Mozilla/5.0 (iPhone; CPU iPhone OS 18_5 like Mac OS X) AppleWebKit/605.1.15 (KHTML, like Gecko) Version/18.5 Mobile/15E148 Safari/604.1",6e531de8-1dc5-4045-ad83-2fb67f4fe6f6,13,844,390,span,28.0,28.0,2025-06-29 00:04:31 (Central Daylight Time),114354,compatible,left,TestingProc,True,left,left,561.0,left,blue,1.0,adolescent,2025-06-16,test,
projectseed-simon-production,SimonTask-v2.0,11,2025-06-29 00:02:36 (Central Daylight Time),"Mozilla/5.0 (iPhone; CPU iPhone OS 18_5 like Mac OS X) AppleWebKit/605.1.15 (KHTML, like Gecko) Version/18.5 Mobile/15E148 Safari/604.1",6e531de8-1dc5-4045-ad83-2fb67f4fe6f6,13,844,390,span,29.0,29.0,2025-06-29 00:04:33 (Central Daylight Time),116170,compatible,left,TestingProc,True,left,left,511.0,left,blue,1.0,adolescent,2025-06-16,test,
projectseed-simon-production,SimonTask-v2.0,11,2025-06-29 00:02:36 (Central Daylight Time),"Mozilla/5.0 (iPhone; CPU iPhone OS 18_5 like Mac OS X) AppleWebKit/605.1.15 (KHTML, like Gecko) Version/18.5 Mobile/15E148 Safari/604.1",6e531de8-1dc5-4045-ad83-2fb67f4fe6f6,13,844,390,span,30.0,30.0,2025-06-29 00:04:34 (Central Daylight Time),117953,compatible,right,TestingProc,True,right,right,476.0,right,red,1.0,adolescent,2025-06-16,test,
projectseed-simon-production,SimonTask-v2.0,11,2025-06-29 00:02:36 (Central Daylight Time),"Mozilla/5.0 (iPhone; CPU iPhone OS 18_5 like Mac OS X) AppleWebKit/605.1.15 (KHTML, like Gecko) Version/18.5 Mobile/15E148 Safari/604.1",6e531de8-1dc5-4045-ad83-2fb67f4fe6f6,13,844,390,span,31.0,31.0,2025-06-29 00:04:36 (Central Daylight Time),119766,compatible,right,TestingProc,True,right,right,507.0,right,red,0.9999999999854481,adolescent,2025-06-16,test,
projectseed-simon-production,SimonTask-v2.0,11,2025-06-29 00:02:36 (Central Daylight Time),"Mozilla/5.0 (iPhone; CPU iPhone OS 18_5 like Mac OS X) AppleWebKit/605.1.15 (KHTML, like Gecko) Version/18.5 Mobile/15E148 Safari/604.1",6e531de8-1dc5-4045-ad83-2fb67f4fe6f6,13,844,390,span,32.0,32.0,2025-06-29 00:04:38 (Central Daylight Time),121467,compatible,right,TestingProc,True,right,right,394.0,right,red,1.0,adolescent,2025-06-16,test,
projectseed-simon-production,SimonTask-v2.0,7113,2025-06-12 12:21:19 (Pacific Daylight Time),"Mozilla/5.0 (Linux; Android 6.0; Nexus 5 Build/MRA58N) AppleWebKit/537.36 (KHTML, like Gecko) Chrome/137.0.0.0 Mobile Safari/537.36",8cbc8208-cebd-47c0-894d-569b4fdb0317,9,838,585,eng,-999.0,1.0,2025-06-12 12:21:23 (Pacific Daylight Time),4364,incompatible,right,TrainingList,False,right,left,380.0,left,red,0.2999999523162842,invalid,2025-06-12,training,
projectseed-simon-production,SimonTask-v2.0,7113,2025-06-12 12:21:19 (Pacific Daylight Time),"Mozilla/5.0 (Linux; Android 6.0; Nexus 5 Build/MRA58N) AppleWebKit/537.36 (KHTML, like Gecko) Chrome/137.0.0.0 Mobile Safari/537.36",8cbc8208-cebd-47c0-894d-569b4fdb0317,9,838,585,eng,-999.0,2.0,2025-06-12 12:21:26 (Pacific Daylight Time),7593,incompatible,left,TrainingList,True,left,left,490.0,right,blue,0.19999992847442627,invalid,2025-06-12,training,
projectseed-simon-production,SimonTask-v2.0,7113,2025-06-12 12:21:19 (Pacific Daylight Time),"Mozilla/5.0 (Linux; Android 6.0; Nexus 5 Build/MRA58N) AppleWebKit/537.36 (KHTML, like Gecko) Chrome/137.0.0.0 Mobile Safari/537.36",8cbc8208-cebd-47c0-894d-569b4fdb0317,9,838,585,eng,-999.0,3.0,2025-06-12 12:21:29 (Pacific Daylight Time),10895,compatible,left,TrainingList,True,left,left,474.0,left,blue,0.2999999523162842,invalid,2025-06-12,training,
projectseed-simon-production,SimonTask-v2.0,7113,2025-06-12 12:21:19 (Pacific Daylight Time),"Mozilla/5.0 (Linux; Android 6.0; Nexus 5 Build/MRA58N) AppleWebKit/537.36 (KHTML, like Gecko) Chrome/137.0.0.0 Mobile Safari/537.36",8cbc8208-cebd-47c0-894d-569b4fdb0317,9,838,585,eng,-999.0,4.0,2025-06-12 12:21:33 (Pacific Daylight Time),14313,compatible,right,TrainingList,True,right,right,623.0,right,red,0.3999999761581421,invalid,2025-06-12,training,
projectseed-simon-production,SimonTask-v2.0,7113,2025-06-12 12:21:19 (Pacific Daylight Time),"Mozilla/5.0 (Linux; Android 6.0; Nexus 5 Build/MRA58N) AppleWebKit/537.36 (KHTML, like Gecko) Chrome/137.0.0.0 Mobile Safari/537.36",8cbc8208-cebd-47c0-894d-569b4fdb0317,9,838,585,eng,-999.0,5.0,2025-06-12 12:21:36 (Pacific Daylight Time),17108,incompatible,left,TrainingList,True,left,left,473.0,right,blue,0.6000000238418579,invalid,2025-06-12,training,
projectseed-simon-production,SimonTask-v2.0,7113,2025-06-12 12:21:19 (Pacific Daylight Time),"Mozilla/5.0 (Linux; Android 6.0; Nexus 5 Build/MRA58N) AppleWebKit/537.36 (KHTML, like Gecko) Chrome/137.0.0.0 Mobile Safari/537.36",8cbc8208-cebd-47c0-894d-569b4fdb0317,9,838,585,eng,1.0,1.0,2025-06-12 12:21:39 (Pacific Daylight Time),20872,compatible,right,TestingProc,False,right,left,141.0,right,red,0.2999999523162842,invalid,2025-06-12,test,
projectseed-simon-production,SimonTask-v2.0,7113,2025-06-12 12:21:19 (Pacific Daylight Time),"Mozilla/5.0 (Linux; Android 6.0; Nexus 5 Build/MRA58N) AppleWebKit/537.36 (KHTML, like Gecko) Chrome/137.0.0.0 Mobile Safari/537.36",8cbc8208-cebd-47c0-894d-569b4fdb0317,9,838,585,eng,2.0,2.0,2025-06-12 12:21:41 (Pacific Daylight Time),22414,compatible,left,TestingProc,True,left,left,238.0,left,blue,0.2999999523162842,invalid,2025-06-12,test,
projectseed-simon-production,SimonTask-v2.0,7113,2025-06-12 12:21:19 (Pacific Daylight Time),"Mozilla/5.0 (Linux; Android 6.0; Nexus 5 Build/MRA58N) AppleWebKit/537.36 (KHTML, like Gecko) Chrome/137.0.0.0 Mobile Safari/537.36",8cbc8208-cebd-47c0-894d-569b4fdb0317,9,838,585,eng,3.0,3.0,2025-06-12 12:21:43 (Pacific Daylight Time),23950,incompatible,left,TestingProc,True,left,left,230.0,right,blue,0.30000007152557373,invalid,2025-06-12,test,
projectseed-simon-production,SimonTask-v2.0,7113,2025-06-12 12:21:19 (Pacific Daylight Time),"Mozilla/5.0 (Linux; Android 6.0; Nexus 5 Build/MRA58N) AppleWebKit/537.36 (KHTML, like Gecko) Chrome/137.0.0.0 Mobile Safari/537.36",8cbc8208-cebd-47c0-894d-569b4fdb0317,9,838,585,eng,4.0,4.0,2025-06-12 12:21:44 (Pacific Daylight Time),25489,compatible,left,TestingProc,True,left,left,236.0,left,blue,0.2999999523162842,invalid,2025-06-12,test,
projectseed-simon-production,SimonTask-v2.0,7113,2025-06-12 12:21:19 (Pacific Daylight Time),"Mozilla/5.0 (Linux; Android 6.0; Nexus 5 Build/MRA58N) AppleWebKit/537.36 (KHTML, like Gecko) Chrome/137.0.0.0 Mobile Safari/537.36",8cbc8208-cebd-47c0-894d-569b4fdb0317,9,838,585,eng,5.0,5.0,2025-06-12 12:21:46 (Pacific Daylight Time),27360,compatible,left,TestingProc,True,left,left,567.0,left,blue,0.10000002384185791,invalid,2025-06-12,test,
projectseed-simon-production,SimonTask-v2.0,7113,2025-06-12 12:21:19 (Pacific Daylight Time),"Mozilla/5.0 (Linux; Android 6.0; Nexus 5 Build/MRA58N) AppleWebKit/537.36 (KHTML, like Gecko) Chrome/137.0.0.0 Mobile Safari/537.36",8cbc8208-cebd-47c0-894d-569b4fdb0317,9,838,585,eng,6.0,6.0,2025-06-12 12:21:47 (Pacific Daylight Time),28917,incompatible,left,TestingProc,True,left,left,251.0,right,blue,0.30000007152557373,invalid,2025-06-12,test,
projectseed-simon-production,SimonTask-v2.0,7113,2025-06-12 12:21:19 (Pacific Daylight Time),"Mozilla/5.0 (Linux; Android 6.0; Nexus 5 Build/MRA58N) AppleWebKit/537.36 (KHTML, like Gecko) Chrome/137.0.0.0 Mobile Safari/537.36",8cbc8208-cebd-47c0-894d-569b4fdb0317,9,838,585,eng,7.0,7.0,2025-06-12 12:21:49 (Pacific Daylight Time),30762,compatible,right,TestingProc,False,right,left,541.0,right,red,0.19999992847442627,invalid,2025-06-12,test,
projectseed-simon-production,SimonTask-v2.0,7113,2025-06-12 12:21:19 (Pacific Daylight Time),"Mozilla/5.0 (Linux; Android 6.0; Nexus 5 Build/MRA58N) AppleWebKit/537.36 (KHTML, like Gecko) Chrome/137.0.0.0 Mobile Safari/537.36",8cbc8208-cebd-47c0-894d-569b4fdb0317,9,838,585,eng,8.0,8.0,2025-06-12 12:21:51 (Pacific Daylight Time),32293,incompatible,left,TestingProc,True,left,left,226.0,right,blue,0.09999990463256836,invalid,2025-06-12,test,
projectseed-simon-production,SimonTask-v2.0,7113,2025-06-12 12:21:19 (Pacific Daylight Time),"Mozilla/5.0 (Linux; Android 6.0; Nexus 5 Build/MRA58N) AppleWebKit/537.36 (KHTML, like Gecko) Chrome/137.0.0.0 Mobile Safari/537.36",8cbc8208-cebd-47c0-894d-569b4fdb0317,9,838,585,eng,9.0,9.0,2025-06-12 12:21:53 (Pacific Daylight Time),34144,compatible,left,TestingProc,True,left,left,546.0,left,blue,0.19999992847442627,invalid,2025-06-12,test,
projectseed-simon-production,SimonTask-v2.0,7113,2025-06-12 12:21:19 (Pacific Daylight Time),"Mozilla/5.0 (Linux; Android 6.0; Nexus 5 Build/MRA58N) AppleWebKit/537.36 (KHTML, like Gecko) Chrome/137.0.0.0 Mobile Safari/537.36",8cbc8208-cebd-47c0-894d-569b4fdb0317,9,838,585,eng,10.0,10.0,2025-06-12 12:21:54 (Pacific Daylight Time),35681,compatible,right,TestingProc,False,right,left,231.0,right,red,0.10000002384185791,invalid,2025-06-12,test,
projectseed-simon-production,SimonTask-v2.0,7113,2025-06-12 12:21:19 (Pacific Daylight Time),"Mozilla/5.0 (Linux; Android 6.0; Nexus 5 Build/MRA58N) AppleWebKit/537.36 (KHTML, like Gecko) Chrome/137.0.0.0 Mobile Safari/537.36",8cbc8208-cebd-47c0-894d-569b4fdb0317,9,838,585,eng,11.0,11.0,2025-06-12 12:21:56 (Pacific Daylight Time),37213,incompatible,left,TestingProc,True,left,left,228.0,right,blue,0.19999992847442627,invalid,2025-06-12,test,
projectseed-simon-production,SimonTask-v2.0,7113,2025-06-12 12:21:19 (Pacific Daylight Time),"Mozilla/5.0 (Linux; Android 6.0; Nexus 5 Build/MRA58N) AppleWebKit/537.36 (KHTML, like Gecko) Chrome/137.0.0.0 Mobile Safari/537.36",8cbc8208-cebd-47c0-894d-569b4fdb0317,9,838,585,eng,12.0,12.0,2025-06-12 12:21:57 (Pacific Daylight Time),38761,compatible,left,TestingProc,True,left,left,242.0,left,blue,0.20000004768371582,invalid,2025-06-12,test,
projectseed-simon-production,SimonTask-v2.0,7113,2025-06-12 12:21:19 (Pacific Daylight Time),"Mozilla/5.0 (Linux; Android 6.0; Nexus 5 Build/MRA58N) AppleWebKit/537.36 (KHTML, like Gecko) Chrome/137.0.0.0 Mobile Safari/537.36",8cbc8208-cebd-47c0-894d-569b4fdb0317,9,838,585,eng,13.0,13.0,2025-06-12 12:21:59 (Pacific Daylight Time),40312,compatible,right,TestingProc,False,right,left,246.0,right,red,0.10000002384185791,invalid,2025-06-12,test,
projectseed-simon-production,SimonTask-v2.0,7113,2025-06-12 12:21:19 (Pacific Daylight Time),"Mozilla/5.0 (Linux; Android 6.0; Nexus 5 Build/MRA58N) AppleWebKit/537.36 (KHTML, like Gecko) Chrome/137.0.0.0 Mobile Safari/537.36",8cbc8208-cebd-47c0-894d-569b4fdb0317,9,838,585,eng,14.0,14.0,2025-06-12 12:22:00 (Pacific Daylight Time),41871,compatible,right,TestingProc,False,right,left,254.0,right,red,0.20000004768371582,invalid,2025-06-12,test,
projectseed-simon-production,SimonTask-v2.0,7113,2025-06-12 12:21:19 (Pacific Daylight Time),"Mozilla/5.0 (Linux; Android 6.0; Nexus 5 Build/MRA58N) AppleWebKit/537.36 (KHTML, like Gecko) Chrome/137.0.0.0 Mobile Safari/537.36",8cbc8208-cebd-47c0-894d-569b4fdb0317,9,838,585,eng,15.0,15.0,2025-06-12 12:22:02 (Pacific Daylight Time),43413,compatible,right,TestingProc,False,right,left,237.0,right,red,0.10000002384185791,invalid,2025-06-12,test,
projectseed-simon-production,SimonTask-v2.0,7113,2025-06-12 12:21:19 (Pacific Daylight Time),"Mozilla/5.0 (Linux; Android 6.0; Nexus 5 Build/MRA58N) AppleWebKit/537.36 (KHTML, like Gecko) Chrome/137.0.0.0 Mobile Safari/537.36",8cbc8208-cebd-47c0-894d-569b4fdb0317,9,838,585,eng,16.0,16.0,2025-06-12 12:22:04 (Pacific Daylight Time),44958,compatible,right,TestingProc,False,right,left,241.0,right,red,0.19999992847442627,invalid,2025-06-12,test,
projectseed-simon-production,SimonTask-v2.0,7113,2025-06-12 12:21:19 (Pacific Daylight Time),"Mozilla/5.0 (Linux; Android 6.0; Nexus 5 Build/MRA58N) AppleWebKit/537.36 (KHTML, like Gecko) Chrome/137.0.0.0 Mobile Safari/537.36",8cbc8208-cebd-47c0-894d-569b4fdb0317,9,838,585,eng,17.0,17.0,2025-06-12 12:22:05 (Pacific Daylight Time),46490,compatible,right,TestingProc,False,right,left,226.0,right,red,0.19999992847442627,invalid,2025-06-12,test,
projectseed-simon-production,SimonTask-v2.0,7113,2025-06-12 12:21:19 (Pacific Daylight Time),"Mozilla/5.0 (Linux; Android 6.0; Nexus 5 Build/MRA58N) AppleWebKit/537.36 (KHTML, like Gecko) Chrome/137.0.0.0 Mobile Safari/537.36",8cbc8208-cebd-47c0-894d-569b4fdb0317,9,838,585,eng,18.0,18.0,2025-06-12 12:22:07 (Pacific Daylight Time),48017,compatible,left,TestingProc,True,left,left,222.0,left,blue,0.2999999523162842,invalid,2025-06-12,test,
projectseed-simon-production,SimonTask-v2.0,7113,2025-06-12 12:21:19 (Pacific Daylight Time),"Mozilla/5.0 (Linux; Android 6.0; Nexus 5 Build/MRA58N) AppleWebKit/537.36 (KHTML, like Gecko) Chrome/137.0.0.0 Mobile Safari/537.36",8cbc8208-cebd-47c0-894d-569b4fdb0317,9,838,585,eng,19.0,19.0,2025-06-12 12:22:08 (Pacific Daylight Time),49882,compatible,right,TestingProc,False,right,left,559.0,right,red,0.2999999523162842,invalid,2025-06-12,test,
projectseed-simon-production,SimonTask-v2.0,7113,2025-06-12 12:21:19 (Pacific Daylight Time),"Mozilla/5.0 (Linux; Android 6.0; Nexus 5 Build/MRA58N) AppleWebKit/537.36 (KHTML, like Gecko) Chrome/137.0.0.0 Mobile Safari/537.36",8cbc8208-cebd-47c0-894d-569b4fdb0317,9,838,585,eng,20.0,20.0,2025-06-12 12:22:10 (Pacific Daylight Time),51422,incompatible,left,TestingProc,True,left,left,235.0,right,blue,0.30000007152557373,invalid,2025-06-12,test,
projectseed-simon-production,SimonTask-v2.0,7113,2025-06-12 12:21:19 (Pacific Daylight Time),"Mozilla/5.0 (Linux; Android 6.0; Nexus 5 Build/MRA58N) AppleWebKit/537.36 (KHTML, like Gecko) Chrome/137.0.0.0 Mobile Safari/537.36",8cbc8208-cebd-47c0-894d-569b4fdb0317,9,838,585,eng,21.0,21.0,2025-06-12 12:22:12 (Pacific Daylight Time),52962,compatible,left,TestingProc,True,left,left,235.0,left,blue,0.20000004768371582,invalid,2025-06-12,test,
projectseed-simon-production,SimonTask-v2.0,7113,2025-06-12 12:21:19 (Pacific Daylight Time),"Mozilla/5.0 (Linux; Android 6.0; Nexus 5 Build/MRA58N) AppleWebKit/537.36 (KHTML, like Gecko) Chrome/137.0.0.0 Mobile Safari/537.36",8cbc8208-cebd-47c0-894d-569b4fdb0317,9,838,585,eng,22.0,22.0,2025-06-12 12:22:13 (Pacific Daylight Time),54500,incompatible,left,TestingProc,True,left,left,234.0,right,blue,0.30000007152557373,invalid,2025-06-12,test,
projectseed-simon-production,SimonTask-v2.0,7113,2025-06-12 12:21:19 (Pacific Daylight Time),"Mozilla/5.0 (Linux; Android 6.0; Nexus 5 Build/MRA58N) AppleWebKit/537.36 (KHTML, like Gecko) Chrome/137.0.0.0 Mobile Safari/537.36",8cbc8208-cebd-47c0-894d-569b4fdb0317,9,838,585,eng,23.0,23.0,2025-06-12 12:22:15 (Pacific Daylight Time),56030,incompatible,left,TestingProc,True,left,left,225.0,right,blue,0.10000002384185791,invalid,2025-06-12,test,
projectseed-simon-production,SimonTask-v2.0,7113,2025-06-12 12:21:19 (Pacific Daylight Time),"Mozilla/5.0 (Linux; Android 6.0; Nexus 5 Build/MRA58N) AppleWebKit/537.36 (KHTML, like Gecko) Chrome/137.0.0.0 Mobile Safari/537.36",8cbc8208-cebd-47c0-894d-569b4fdb0317,9,838,585,eng,24.0,24.0,2025-06-12 12:22:16 (Pacific Daylight Time),57601,compatible,left,TestingProc,True,left,left,266.0,left,blue,0.20000004768371582,invalid,2025-06-12,test,
projectseed-simon-production,SimonTask-v2.0,7113,2025-06-12 12:21:19 (Pacific Daylight Time),"Mozilla/5.0 (Linux; Android 6.0; Nexus 5 Build/MRA58N) AppleWebKit/537.36 (KHTML, like Gecko) Chrome/137.0.0.0 Mobile Safari/537.36",8cbc8208-cebd-47c0-894d-569b4fdb0317,9,838,585,eng,25.0,25.0,2025-06-12 12:22:18 (Pacific Daylight Time),59145,incompatible,left,TestingProc,True,left,left,239.0,right,blue,0.19999992847442627,invalid,2025-06-12,test,
projectseed-simon-production,SimonTask-v2.0,7113,2025-06-12 12:21:19 (Pacific Daylight Time),"Mozilla/5.0 (Linux; Android 6.0; Nexus 5 Build/MRA58N) AppleWebKit/537.36 (KHTML, like Gecko) Chrome/137.0.0.0 Mobile Safari/537.36",8cbc8208-cebd-47c0-894d-569b4fdb0317,9,838,585,eng,26.0,26.0,2025-06-12 12:22:19 (Pacific Daylight Time),60682,incompatible,right,TestingProc,False,right,left,232.0,left,red,0.2999999523162842,invalid,2025-06-12,test,
projectseed-simon-production,SimonTask-v2.0,7113,2025-06-12 12:21:19 (Pacific Daylight Time),"Mozilla/5.0 (Linux; Android 6.0; Nexus 5 Build/MRA58N) AppleWebKit/537.36 (KHTML, like Gecko) Chrome/137.0.0.0 Mobile Safari/537.36",8cbc8208-cebd-47c0-894d-569b4fdb0317,9,838,585,eng,27.0,27.0,2025-06-12 12:22:21 (Pacific Daylight Time),62246,incompatible,left,TestingProc,True,left,left,259.0,right,blue,0.20000004768371582,invalid,2025-06-12,test,
projectseed-simon-production,SimonTask-v2.0,7113,2025-06-12 12:21:19 (Pacific Daylight Time),"Mozilla/5.0 (Linux; Android 6.0; Nexus 5 Build/MRA58N) AppleWebKit/537.36 (KHTML, like Gecko) Chrome/137.0.0.0 Mobile Safari/537.36",8cbc8208-cebd-47c0-894d-569b4fdb0317,9,838,585,eng,28.0,28.0,2025-06-12 12:22:22 (Pacific Daylight Time),63795,incompatible,right,TestingProc,False,right,left,243.0,left,red,0.20000004768371582,invalid,2025-06-12,test,
projectseed-simon-production,SimonTask-v2.0,7113,2025-06-12 12:21:19 (Pacific Daylight Time),"Mozilla/5.0 (Linux; Android 6.0; Nexus 5 Build/MRA58N) AppleWebKit/537.36 (KHTML, like Gecko) Chrome/137.0.0.0 Mobile Safari/537.36",8cbc8208-cebd-47c0-894d-569b4fdb0317,9,838,585,eng,29.0,29.0,2025-06-12 12:22:24 (Pacific Daylight Time),65354,incompatible,right,TestingProc,False,right,left,255.0,left,red,0.30000007152557373,invalid,2025-06-12,test,
projectseed-simon-production,SimonTask-v2.0,7113,2025-06-12 12:21:19 (Pacific Daylight Time),"Mozilla/5.0 (Linux; Android 6.0; Nexus 5 Build/MRA58N) AppleWebKit/537.36 (KHTML, like Gecko) Chrome/137.0.0.0 Mobile Safari/537.36",8cbc8208-cebd-47c0-894d-569b4fdb0317,9,838,585,eng,30.0,30.0,2025-06-12 12:22:26 (Pacific Daylight Time),67749,compatible,right,TestingProc,False,right,none,-999.0,right,red,0.19999992847442627,invalid,2025-06-12,test,
projectseed-simon-production,SimonTask-v2.0,7113,2025-06-12 12:21:19 (Pacific Daylight Time),"Mozilla/5.0 (Linux; Android 6.0; Nexus 5 Build/MRA58N) AppleWebKit/537.36 (KHTML, like Gecko) Chrome/137.0.0.0 Mobile Safari/537.36",8cbc8208-cebd-47c0-894d-569b4fdb0317,9,838,585,eng,31.0,31.0,2025-06-12 12:22:34 (Pacific Daylight Time),75238,compatible,right,TestingProc,False,right,left,61.0,right,red,0.19999992847442627,invalid,2025-06-12,test,
projectseed-simon-production,SimonTask-v2.0,7113,2025-06-12 12:21:19 (Pacific Daylight Time),"Mozilla/5.0 (Linux; Android 6.0; Nexus 5 Build/MRA58N) AppleWebKit/537.36 (KHTML, like Gecko) Chrome/137.0.0.0 Mobile Safari/537.36",8cbc8208-cebd-47c0-894d-569b4fdb0317,9,838,585,eng,32.0,32.0,2025-06-12 12:22:36 (Pacific Daylight Time),77074,incompatible,left,TestingProc,True,left,left,531.0,right,blue,0.19999992847442627,invalid,2025-06-12,test,
projectseed-simon-production,SimonTask-v2.0,7113,2025-06-12 12:32:46 (Pacific Daylight Time),"Mozilla/5.0 (Linux; Android 6.0; Nexus 5 Build/MRA58N) AppleWebKit/537.36 (KHTML, like Gecko) Chrome/137.0.0.0 Mobile Safari/537.36",c1a29849-666b-47a1-95bb-5ed4c7ced2a9,10,838,585,eng,-999.0,1.0,2025-06-12 12:32:51 (Pacific Daylight Time),4595,compatible,right,TrainingList,False,right,none,-999.0,right,red,0.3999999761581421,invalid,2025-06-12,training,
projectseed-simon-production,SimonTask-v2.0,7113,2025-06-12 12:32:46 (Pacific Daylight Time),"Mozilla/5.0 (Linux; Android 6.0; Nexus 5 Build/MRA58N) AppleWebKit/537.36 (KHTML, like Gecko) Chrome/137.0.0.0 Mobile Safari/537.36",c1a29849-666b-47a1-95bb-5ed4c7ced2a9,10,838,585,eng,-999.0,2.0,2025-06-12 12:32:54 (Pacific Daylight Time),7725,compatible,right,TrainingList,True,right,right,562.0,right,red,0.2999999523162842,invalid,2025-06-12,training,
projectseed-simon-production,SimonTask-v2.0,7113,2025-06-12 12:32:46 (Pacific Daylight Time),"Mozilla/5.0 (Linux; Android 6.0; Nexus 5 Build/MRA58N) AppleWebKit/537.36 (KHTML, like Gecko) Chrome/137.0.0.0 Mobile Safari/537.36",c1a29849-666b-47a1-95bb-5ed4c7ced2a9,10,838,585,eng,-999.0,3.0,2025-06-12 12:32:57 (Pacific Daylight Time),10504,compatible,right,TrainingList,True,right,right,578.0,right,red,0.3999999761581421,invalid,2025-06-12,training,
projectseed-simon-production,SimonTask-v2.0,7113,2025-06-12 12:32:46 (Pacific Daylight Time),"Mozilla/5.0 (Linux; Android 6.0; Nexus 5 Build/MRA58N) AppleWebKit/537.36 (KHTML, like Gecko) Chrome/137.0.0.0 Mobile Safari/537.36",c1a29849-666b-47a1-95bb-5ed4c7ced2a9,10,838,585,eng,-999.0,4.0,2025-06-12 12:32:59 (Pacific Daylight Time),12881,compatible,left,TrainingList,True,left,left,413.0,left,blue,0.3999999761581421,invalid,2025-06-12,training,
projectseed-simon-production,SimonTask-v2.0,7113,2025-06-12 12:32:46 (Pacific Daylight Time),"Mozilla/5.0 (Linux; Android 6.0; Nexus 5 Build/MRA58N) AppleWebKit/537.36 (KHTML, like Gecko) Chrome/137.0.0.0 Mobile Safari/537.36",c1a29849-666b-47a1-95bb-5ed4c7ced2a9,10,838,585,eng,-999.0,5.0,2025-06-12 12:33:02 (Pacific Daylight Time),16131,incompatible,left,TrainingList,True,left,left,469.0,right,blue,0.5,invalid,2025-06-12,training,
projectseed-simon-production,SimonTask-v2.0,7113,2025-06-12 12:32:46 (Pacific Daylight Time),"Mozilla/5.0 (Linux; Android 6.0; Nexus 5 Build/MRA58N) AppleWebKit/537.36 (KHTML, like Gecko) Chrome/137.0.0.0 Mobile Safari/537.36",c1a29849-666b-47a1-95bb-5ed4c7ced2a9,10,838,585,eng,1.0,1.0,2025-06-12 12:33:06 (Pacific Daylight Time),19965,incompatible,right,TestingProc,False,right,left,168.0,left,red,0.20000004768371582,invalid,2025-06-12,test,
projectseed-simon-production,SimonTask-v2.0,7113,2025-06-12 12:32:46 (Pacific Daylight Time),"Mozilla/5.0 (Linux; Android 6.0; Nexus 5 Build/MRA58N) AppleWebKit/537.36 (KHTML, like Gecko) Chrome/137.0.0.0 Mobile Safari/537.36",c1a29849-666b-47a1-95bb-5ed4c7ced2a9,10,838,585,eng,2.0,2.0,2025-06-12 12:33:08 (Pacific Daylight Time),21347,compatible,left,TestingProc,True,left,left,60.0,left,blue,0.2999999523162842,invalid,2025-06-12,test,
projectseed-simon-production,SimonTask-v2.0,7113,2025-06-12 12:32:46 (Pacific Daylight Time),"Mozilla/5.0 (Linux; Android 6.0; Nexus 5 Build/MRA58N) AppleWebKit/537.36 (KHTML, like Gecko) Chrome/137.0.0.0 Mobile Safari/537.36",c1a29849-666b-47a1-95bb-5ed4c7ced2a9,10,838,585,eng,3.0,3.0,2025-06-12 12:33:09 (Pacific Daylight Time),22903,incompatible,left,TestingProc,True,left,left,252.0,right,blue,0.19999992847442627,invalid,2025-06-12,test,
projectseed-simon-production,SimonTask-v2.0,7113,2025-06-12 12:32:46 (Pacific Daylight Time),"Mozilla/5.0 (Linux; Android 6.0; Nexus 5 Build/MRA58N) AppleWebKit/537.36 (KHTML, like Gecko) Chrome/137.0.0.0 Mobile Safari/537.36",c1a29849-666b-47a1-95bb-5ed4c7ced2a9,10,838,585,eng,4.0,4.0,2025-06-12 12:33:11 (Pacific Daylight Time),25085,compatible,left,TestingProc,True,left,left,877.0,left,blue,0.19999992847442627,invalid,2025-06-12,test,
projectseed-simon-production,SimonTask-v2.0,7113,2025-06-12 12:32:46 (Pacific Daylight Time),"Mozilla/5.0 (Linux; Android 6.0; Nexus 5 Build/MRA58N) AppleWebKit/537.36 (KHTML, like Gecko) Chrome/137.0.0.0 Mobile Safari/537.36",c1a29849-666b-47a1-95bb-5ed4c7ced2a9,10,838,585,eng,5.0,5.0,2025-06-12 12:33:13 (Pacific Daylight Time),26642,compatible,left,TestingProc,True,left,left,253.0,left,blue,0.19999992847442627,invalid,2025-06-12,test,
projectseed-simon-production,SimonTask-v2.0,7113,2025-06-12 12:32:46 (Pacific Daylight Time),"Mozilla/5.0 (Linux; Android 6.0; Nexus 5 Build/MRA58N) AppleWebKit/537.36 (KHTML, like Gecko) Chrome/137.0.0.0 Mobile Safari/537.36",c1a29849-666b-47a1-95bb-5ed4c7ced2a9,10,838,585,eng,6.0,6.0,2025-06-12 12:33:15 (Pacific Daylight Time),28233,compatible,left,TestingProc,True,left,left,286.0,left,blue,0.30000007152557373,invalid,2025-06-12,test,
projectseed-simon-production,SimonTask-v2.0,7113,2025-06-12 12:32:46 (Pacific Daylight Time),"Mozilla/5.0 (Linux; Android 6.0; Nexus 5 Build/MRA58N) AppleWebKit/537.36 (KHTML, like Gecko) Chrome/137.0.0.0 Mobile Safari/537.36",c1a29849-666b-47a1-95bb-5ed4c7ced2a9,10,838,585,eng,7.0,7.0,2025-06-12 12:33:16 (Pacific Daylight Time),29821,compatible,left,TestingProc,True,left,left,284.0,left,blue,0.30000007152557373,invalid,2025-06-12,test,
projectseed-simon-production,SimonTask-v2.0,7113,2025-06-12 12:32:46 (Pacific Daylight Time),"Mozilla/5.0 (Linux; Android 6.0; Nexus 5 Build/MRA58N) AppleWebKit/537.36 (KHTML, like Gecko) Chrome/137.0.0.0 Mobile Safari/537.36",c1a29849-666b-47a1-95bb-5ed4c7ced2a9,10,838,585,eng,8.0,8.0,2025-06-12 12:33:18 (Pacific Daylight Time),31380,compatible,left,TestingProc,True,left,left,255.0,left,blue,0.2999999523162842,invalid,2025-06-12,test,
projectseed-simon-production,SimonTask-v2.0,7113,2025-06-12 12:32:46 (Pacific Daylight Time),"Mozilla/5.0 (Linux; Android 6.0; Nexus 5 Build/MRA58N) AppleWebKit/537.36 (KHTML, like Gecko) Chrome/137.0.0.0 Mobile Safari/537.36",c1a29849-666b-47a1-95bb-5ed4c7ced2a9,10,838,585,eng,9.0,9.0,2025-06-12 12:33:20 (Pacific Daylight Time),33268,incompatible,left,TestingProc,True,left,left,584.0,right,blue,0.30000007152557373,invalid,2025-06-12,test,
projectseed-simon-production,SimonTask-v2.0,7113,2025-06-12 12:32:46 (Pacific Daylight Time),"Mozilla/5.0 (Linux; Android 6.0; Nexus 5 Build/MRA58N) AppleWebKit/537.36 (KHTML, like Gecko) Chrome/137.0.0.0 Mobile Safari/537.36",c1a29849-666b-47a1-95bb-5ed4c7ced2a9,10,838,585,eng,10.0,10.0,2025-06-12 12:33:21 (Pacific Daylight Time),34833,compatible,left,TestingProc,True,left,left,262.0,left,blue,0.2999999523162842,invalid,2025-06-12,test,
projectseed-simon-production,SimonTask-v2.0,7113,2025-06-12 12:32:46 (Pacific Daylight Time),"Mozilla/5.0 (Linux; Android 6.0; Nexus 5 Build/MRA58N) AppleWebKit/537.36 (KHTML, like Gecko) Chrome/137.0.0.0 Mobile Safari/537.36",c1a29849-666b-47a1-95bb-5ed4c7ced2a9,10,838,585,eng,11.0,11.0,2025-06-12 12:33:23 (Pacific Daylight Time),36381,compatible,left,TestingProc,True,left,left,242.0,left,blue,0.20000004768371582,invalid,2025-06-12,test,
projectseed-simon-production,SimonTask-v2.0,7113,2025-06-12 12:32:46 (Pacific Daylight Time),"Mozilla/5.0 (Linux; Android 6.0; Nexus 5 Build/MRA58N) AppleWebKit/537.36 (KHTML, like Gecko) Chrome/137.0.0.0 Mobile Safari/537.36",c1a29849-666b-47a1-95bb-5ed4c7ced2a9,10,838,585,eng,12.0,12.0,2025-06-12 12:33:24 (Pacific Daylight Time),37932,compatible,left,TestingProc,True,left,left,246.0,left,blue,0.19999992847442627,invalid,2025-06-12,test,
projectseed-simon-production,SimonTask-v2.0,7113,2025-06-12 12:32:46 (Pacific Daylight Time),"Mozilla/5.0 (Linux; Android 6.0; Nexus 5 Build/MRA58N) AppleWebKit/537.36 (KHTML, like Gecko) Chrome/137.0.0.0 Mobile Safari/537.36",c1a29849-666b-47a1-95bb-5ed4c7ced2a9,10,838,585,eng,13.0,13.0,2025-06-12 12:33:26 (Pacific Daylight Time),39481,compatible,right,TestingProc,False,right,left,242.0,right,red,0.20000004768371582,invalid,2025-06-12,test,
projectseed-simon-production,SimonTask-v2.0,7113,2025-06-12 12:32:46 (Pacific Daylight Time),"Mozilla/5.0 (Linux; Android 6.0; Nexus 5 Build/MRA58N) AppleWebKit/537.36 (KHTML, like Gecko) Chrome/137.0.0.0 Mobile Safari/537.36",c1a29849-666b-47a1-95bb-5ed4c7ced2a9,10,838,585,eng,14.0,14.0,2025-06-12 12:33:27 (Pacific Daylight Time),41040,incompatible,right,TestingProc,False,right,left,254.0,left,red,0.19999992847442627,invalid,2025-06-12,test,
projectseed-simon-production,SimonTask-v2.0,7113,2025-06-12 12:32:46 (Pacific Daylight Time),"Mozilla/5.0 (Linux; Android 6.0; Nexus 5 Build/MRA58N) AppleWebKit/537.36 (KHTML, like Gecko) Chrome/137.0.0.0 Mobile Safari/537.36",c1a29849-666b-47a1-95bb-5ed4c7ced2a9,10,838,585,eng,15.0,15.0,2025-06-12 12:33:29 (Pacific Daylight Time),42914,compatible,left,TestingProc,True,left,left,570.0,left,blue,0.20000004768371582,invalid,2025-06-12,test,
projectseed-simon-production,SimonTask-v2.0,7113,2025-06-12 12:32:46 (Pacific Daylight Time),"Mozilla/5.0 (Linux; Android 6.0; Nexus 5 Build/MRA58N) AppleWebKit/537.36 (KHTML, like Gecko) Chrome/137.0.0.0 Mobile Safari/537.36",c1a29849-666b-47a1-95bb-5ed4c7ced2a9,10,838,585,eng,16.0,16.0,2025-06-12 12:33:31 (Pacific Daylight Time),44467,compatible,left,TestingProc,True,left,left,247.0,left,blue,0.20000004768371582,invalid,2025-06-12,test,
projectseed-simon-production,SimonTask-v2.0,7113,2025-06-12 12:32:46 (Pacific Daylight Time),"Mozilla/5.0 (Linux; Android 6.0; Nexus 5 Build/MRA58N) AppleWebKit/537.36 (KHTML, like Gecko) Chrome/137.0.0.0 Mobile Safari/537.36",c1a29849-666b-47a1-95bb-5ed4c7ced2a9,10,838,585,eng,17.0,17.0,2025-06-12 12:33:33 (Pacific Daylight Time),46333,compatible,right,TestingProc,False,right,left,560.0,right,red,0.20000004768371582,invalid,2025-06-12,test,
projectseed-simon-production,SimonTask-v2.0,7113,2025-06-12 12:32:46 (Pacific Daylight Time),"Mozilla/5.0 (Linux; Android 6.0; Nexus 5 Build/MRA58N) AppleWebKit/537.36 (KHTML, like Gecko) Chrome/137.0.0.0 Mobile Safari/537.36",c1a29849-666b-47a1-95bb-5ed4c7ced2a9,10,838,585,eng,18.0,18.0,2025-06-12 12:33:35 (Pacific Daylight Time),48191,compatible,right,TestingProc,False,right,left,555.0,right,red,0.19999992847442627,invalid,2025-06-12,test,
projectseed-simon-production,SimonTask-v2.0,7113,2025-06-12 12:32:46 (Pacific Daylight Time),"Mozilla/5.0 (Linux; Android 6.0; Nexus 5 Build/MRA58N) AppleWebKit/537.36 (KHTML, like Gecko) Chrome/137.0.0.0 Mobile Safari/537.36",c1a29849-666b-47a1-95bb-5ed4c7ced2a9,10,838,585,eng,19.0,19.0,2025-06-12 12:33:36 (Pacific Daylight Time),49753,incompatible,right,TestingProc,False,right,left,256.0,left,red,0.3999999761581421,invalid,2025-06-12,test,
projectseed-simon-production,SimonTask-v2.0,7113,2025-06-12 12:32:46 (Pacific Daylight Time),"Mozilla/5.0 (Linux; Android 6.0; Nexus 5 Build/MRA58N) AppleWebKit/537.36 (KHTML, like Gecko) Chrome/137.0.0.0 Mobile Safari/537.36",c1a29849-666b-47a1-95bb-5ed4c7ced2a9,10,838,585,eng,20.0,20.0,2025-06-12 12:33:38 (Pacific Daylight Time),51317,incompatible,left,TestingProc,True,left,left,261.0,right,blue,0.19999992847442627,invalid,2025-06-12,test,
projectseed-simon-production,SimonTask-v2.0,7113,2025-06-12 12:32:46 (Pacific Daylight Time),"Mozilla/5.0 (Linux; Android 6.0; Nexus 5 Build/MRA58N) AppleWebKit/537.36 (KHTML, like Gecko) Chrome/137.0.0.0 Mobile Safari/537.36",c1a29849-666b-47a1-95bb-5ed4c7ced2a9,10,838,585,eng,21.0,21.0,2025-06-12 12:33:39 (Pacific Daylight Time),52887,incompatible,left,TestingProc,True,left,left,267.0,right,blue,0.20000004768371582,invalid,2025-06-12,test,
projectseed-simon-production,SimonTask-v2.0,7113,2025-06-12 12:32:46 (Pacific Daylight Time),"Mozilla/5.0 (Linux; Android 6.0; Nexus 5 Build/MRA58N) AppleWebKit/537.36 (KHTML, like Gecko) Chrome/137.0.0.0 Mobile Safari/537.36",c1a29849-666b-47a1-95bb-5ed4c7ced2a9,10,838,585,eng,22.0,22.0,2025-06-12 12:33:41 (Pacific Daylight Time),54742,incompatible,left,TestingProc,True,left,left,550.0,right,blue,0.20000004768371582,invalid,2025-06-12,test,
projectseed-simon-production,SimonTask-v2.0,7113,2025-06-12 12:32:46 (Pacific Daylight Time),"Mozilla/5.0 (Linux; Android 6.0; Nexus 5 Build/MRA58N) AppleWebKit/537.36 (KHTML, like Gecko) Chrome/137.0.0.0 Mobile Safari/537.36",c1a29849-666b-47a1-95bb-5ed4c7ced2a9,10,838,585,eng,23.0,23.0,2025-06-12 12:33:43 (Pacific Daylight Time),56290,incompatible,right,TestingProc,False,right,left,242.0,left,red,0.2999999523162842,invalid,2025-06-12,test,
projectseed-simon-production,SimonTask-v2.0,7113,2025-06-12 12:32:46 (Pacific Daylight Time),"Mozilla/5.0 (Linux; Android 6.0; Nexus 5 Build/MRA58N) AppleWebKit/537.36 (KHTML, like Gecko) Chrome/137.0.0.0 Mobile Safari/537.36",c1a29849-666b-47a1-95bb-5ed4c7ced2a9,10,838,585,eng,24.0,24.0,2025-06-12 12:33:44 (Pacific Daylight Time),57851,incompatible,left,TestingProc,True,left,left,257.0,right,blue,0.3999999761581421,invalid,2025-06-12,test,
projectseed-simon-production,SimonTask-v2.0,7113,2025-06-12 12:32:46 (Pacific Daylight Time),"Mozilla/5.0 (Linux; Android 6.0; Nexus 5 Build/MRA58N) AppleWebKit/537.36 (KHTML, like Gecko) Chrome/137.0.0.0 Mobile Safari/537.36",c1a29849-666b-47a1-95bb-5ed4c7ced2a9,10,838,585,eng,25.0,25.0,2025-06-12 12:33:46 (Pacific Daylight Time),59402,compatible,left,TestingProc,True,left,left,246.0,left,blue,0.20000004768371582,invalid,2025-06-12,test,
projectseed-simon-production,SimonTask-v2.0,7113,2025-06-12 12:32:46 (Pacific Daylight Time),"Mozilla/5.0 (Linux; Android 6.0; Nexus 5 Build/MRA58N) AppleWebKit/537.36 (KHTML, like Gecko) Chrome/137.0.0.0 Mobile Safari/537.36",c1a29849-666b-47a1-95bb-5ed4c7ced2a9,10,838,585,eng,26.0,26.0,2025-06-12 12:33:47 (Pacific Daylight Time),60953,incompatible,right,TestingProc,False,right,left,246.0,left,red,0.10000002384185791,invalid,2025-06-12,test,
projectseed-simon-production,SimonTask-v2.0,7113,2025-06-12 12:32:46 (Pacific Daylight Time),"Mozilla/5.0 (Linux; Android 6.0; Nexus 5 Build/MRA58N) AppleWebKit/537.36 (KHTML, like Gecko) Chrome/137.0.0.0 Mobile Safari/537.36",c1a29849-666b-47a1-95bb-5ed4c7ced2a9,10,838,585,eng,27.0,27.0,2025-06-12 12:33:49 (Pacific Daylight Time),62827,incompatible,left,TestingProc,True,left,left,568.0,right,blue,0.19999992847442627,invalid,2025-06-12,test,
projectseed-simon-production,SimonTask-v2.0,7113,2025-06-12 12:32:46 (Pacific Daylight Time),"Mozilla/5.0 (Linux; Android 6.0; Nexus 5 Build/MRA58N) AppleWebKit/537.36 (KHTML, like Gecko) Chrome/137.0.0.0 Mobile Safari/537.36",c1a29849-666b-47a1-95bb-5ed4c7ced2a9,10,838,585,eng,28.0,28.0,2025-06-12 12:33:51 (Pacific Daylight Time),64705,compatible,left,TestingProc,True,left,left,576.0,left,blue,0.20000004768371582,invalid,2025-06-12,test,
projectseed-simon-production,SimonTask-v2.0,7113,2025-06-12 12:32:46 (Pacific Daylight Time),"Mozilla/5.0 (Linux; Android 6.0; Nexus 5 Build/MRA58N) AppleWebKit/537.36 (KHTML, like Gecko) Chrome/137.0.0.0 Mobile Safari/537.36",c1a29849-666b-47a1-95bb-5ed4c7ced2a9,10,838,585,eng,29.0,29.0,2025-06-12 12:33:53 (Pacific Daylight Time),66274,compatible,right,TestingProc,False,right,left,265.0,right,red,0.19999992847442627,invalid,2025-06-12,test,
projectseed-simon-production,SimonTask-v2.0,7113,2025-06-12 12:32:46 (Pacific Daylight Time),"Mozilla/5.0 (Linux; Android 6.0; Nexus 5 Build/MRA58N) AppleWebKit/537.36 (KHTML, like Gecko) Chrome/137.0.0.0 Mobile Safari/537.36",c1a29849-666b-47a1-95bb-5ed4c7ced2a9,10,838,585,eng,30.0,30.0,2025-06-12 12:33:54 (Pacific Daylight Time),67820,incompatible,left,TestingProc,True,left,left,240.0,right,blue,0.2999999523162842,invalid,2025-06-12,test,
projectseed-simon-production,SimonTask-v2.0,7113,2025-06-12 12:32:46 (Pacific Daylight Time),"Mozilla/5.0 (Linux; Android 6.0; Nexus 5 Build/MRA58N) AppleWebKit/537.36 (KHTML, like Gecko) Chrome/137.0.0.0 Mobile Safari/537.36",c1a29849-666b-47a1-95bb-5ed4c7ced2a9,10,838,585,eng,31.0,31.0,2025-06-12 12:33:56 (Pacific Daylight Time),69684,compatible,right,TestingProc,False,right,left,559.0,right,red,0.20000004768371582,invalid,2025-06-12,test,
projectseed-simon-production,SimonTask-v2.0,7113,2025-06-12 12:32:46 (Pacific Daylight Time),"Mozilla/5.0 (Linux; Android 6.0; Nexus 5 Build/MRA58N) AppleWebKit/537.36 (KHTML, like Gecko) Chrome/137.0.0.0 Mobile Safari/537.36",c1a29849-666b-47a1-95bb-5ed4c7ced2a9,10,838,585,eng,32.0,32.0,2025-06-12 12:33:58 (Pacific Daylight Time),71250,compatible,right,TestingProc,False,right,left,261.0,right,red,0.20000004768371582,invalid,2025-06-12,test,
projectseed-simon-production,SimonTask-v2.0,7113,2025-06-12 12:44:18 (Pacific Daylight Time),"Mozilla/5.0 (Linux; Android 6.0; Nexus 5 Build/MRA58N) AppleWebKit/537.36 (KHTML, like Gecko) Chrome/137.0.0.0 Mobile Safari/537.36",aace7654-e390-430f-9750-0b85200f1c17,11,838,585,eng,-999.0,1.0,2025-06-12 12:44:22 (Pacific Daylight Time),4358,incompatible,left,TrainingList,True,left,left,502.0,right,blue,0.6000000238418579,invalid,2025-06-12,training,
projectseed-simon-production,SimonTask-v2.0,7113,2025-06-12 12:44:18 (Pacific Daylight Time),"Mozilla/5.0 (Linux; Android 6.0; Nexus 5 Build/MRA58N) AppleWebKit/537.36 (KHTML, like Gecko) Chrome/137.0.0.0 Mobile Safari/537.36",aace7654-e390-430f-9750-0b85200f1c17,11,838,585,eng,-999.0,2.0,2025-06-12 12:44:25 (Pacific Daylight Time),7378,incompatible,left,TrainingList,True,left,left,435.0,right,blue,0.3999999761581421,invalid,2025-06-12,training,
projectseed-simon-production,SimonTask-v2.0,7113,2025-06-12 12:44:18 (Pacific Daylight Time),"Mozilla/5.0 (Linux; Android 6.0; Nexus 5 Build/MRA58N) AppleWebKit/537.36 (KHTML, like Gecko) Chrome/137.0.0.0 Mobile Safari/537.36",aace7654-e390-430f-9750-0b85200f1c17,11,838,585,eng,-999.0,3.0,2025-06-12 12:44:28 (Pacific Daylight Time),10375,incompatible,left,TrainingList,True,left,left,404.0,right,blue,0.30000007152557373,invalid,2025-06-12,training,
projectseed-simon-production,SimonTask-v2.0,7113,2025-06-12 12:44:18 (Pacific Daylight Time),"Mozilla/5.0 (Linux; Android 6.0; Nexus 5 Build/MRA58N) AppleWebKit/537.36 (KHTML, like Gecko) Chrome/137.0.0.0 Mobile Safari/537.36",aace7654-e390-430f-9750-0b85200f1c17,11,838,585,eng,-999.0,4.0,2025-06-12 12:44:31 (Pacific Daylight Time),13033,incompatible,left,TrainingList,True,left,left,325.0,right,blue,0.2999999523162842,invalid,2025-06-12,training,
projectseed-simon-production,SimonTask-v2.0,7113,2025-06-12 12:44:18 (Pacific Daylight Time),"Mozilla/5.0 (Linux; Android 6.0; Nexus 5 Build/MRA58N) AppleWebKit/537.36 (KHTML, like Gecko) Chrome/137.0.0.0 Mobile Safari/537.36",aace7654-e390-430f-9750-0b85200f1c17,11,838,585,eng,1.0,1.0,2025-06-12 12:44:35 (Pacific Daylight Time),16799,incompatible,left,TestingProc,True,left,left,246.0,right,blue,0.20000004768371582,invalid,2025-06-12,test,
projectseed-simon-production,SimonTask-v2.0,7113,2025-06-12 12:44:18 (Pacific Daylight Time),"Mozilla/5.0 (Linux; Android 6.0; Nexus 5 Build/MRA58N) AppleWebKit/537.36 (KHTML, like Gecko) Chrome/137.0.0.0 Mobile Safari/537.36",aace7654-e390-430f-9750-0b85200f1c17,11,838,585,eng,2.0,2.0,2025-06-12 12:44:37 (Pacific Daylight Time),19027,incompatible,right,TestingProc,False,right,left,923.0,left,red,0.20000004768371582,invalid,2025-06-12,test,
projectseed-simon-production,SimonTask-v2.0,7113,2025-06-12 12:44:18 (Pacific Daylight Time),"Mozilla/5.0 (Linux; Android 6.0; Nexus 5 Build/MRA58N) AppleWebKit/537.36 (KHTML, like Gecko) Chrome/137.0.0.0 Mobile Safari/537.36",aace7654-e390-430f-9750-0b85200f1c17,11,838,585,eng,3.0,3.0,2025-06-12 12:44:39 (Pacific Daylight Time),20633,incompatible,right,TestingProc,False,right,left,301.0,left,red,0.19999992847442627,invalid,2025-06-12,test,
projectseed-simon-production,SimonTask-v2.0,7113,2025-06-12 12:44:18 (Pacific Daylight Time),"Mozilla/5.0 (Linux; Android 6.0; Nexus 5 Build/MRA58N) AppleWebKit/537.36 (KHTML, like Gecko) Chrome/137.0.0.0 Mobile Safari/537.36",aace7654-e390-430f-9750-0b85200f1c17,11,838,585,eng,4.0,4.0,2025-06-12 12:44:40 (Pacific Daylight Time),22247,incompatible,right,TestingProc,False,right,left,309.0,left,red,0.19999992847442627,invalid,2025-06-12,test,
projectseed-simon-production,SimonTask-v2.0,7113,2025-06-12 12:44:18 (Pacific Daylight Time),"Mozilla/5.0 (Linux; Android 6.0; Nexus 5 Build/MRA58N) AppleWebKit/537.36 (KHTML, like Gecko) Chrome/137.0.0.0 Mobile Safari/537.36",aace7654-e390-430f-9750-0b85200f1c17,11,838,585,eng,5.0,5.0,2025-06-12 12:44:42 (Pacific Daylight Time),23874,incompatible,right,TestingProc,False,right,left,325.0,left,red,0.20000004768371582,invalid,2025-06-12,test,
projectseed-simon-production,SimonTask-v2.0,7113,2025-06-12 12:44:18 (Pacific Daylight Time),"Mozilla/5.0 (Linux; Android 6.0; Nexus 5 Build/MRA58N) AppleWebKit/537.36 (KHTML, like Gecko) Chrome/137.0.0.0 Mobile Safari/537.36",aace7654-e390-430f-9750-0b85200f1c17,11,838,585,eng,6.0,6.0,2025-06-12 12:44:44 (Pacific Daylight Time),25466,incompatible,right,TestingProc,False,right,left,288.0,left,red,0.20000004768371582,invalid,2025-06-12,test,
projectseed-simon-production,SimonTask-v2.0,7113,2025-06-12 12:44:18 (Pacific Daylight Time),"Mozilla/5.0 (Linux; Android 6.0; Nexus 5 Build/MRA58N) AppleWebKit/537.36 (KHTML, like Gecko) Chrome/137.0.0.0 Mobile Safari/537.36",aace7654-e390-430f-9750-0b85200f1c17,11,838,585,eng,7.0,7.0,2025-06-12 12:44:45 (Pacific Daylight Time),27065,compatible,right,TestingProc,False,right,left,294.0,right,red,0.19999992847442627,invalid,2025-06-12,test,
projectseed-simon-production,SimonTask-v2.0,7113,2025-06-12 12:44:18 (Pacific Daylight Time),"Mozilla/5.0 (Linux; Android 6.0; Nexus 5 Build/MRA58N) AppleWebKit/537.36 (KHTML, like Gecko) Chrome/137.0.0.0 Mobile Safari/537.36",aace7654-e390-430f-9750-0b85200f1c17,11,838,585,eng,8.0,8.0,2025-06-12 12:44:47 (Pacific Daylight Time),28668,incompatible,right,TestingProc,False,right,left,298.0,left,red,0.2999999523162842,invalid,2025-06-12,test,
projectseed-simon-production,SimonTask-v2.0,7113,2025-06-12 12:44:18 (Pacific Daylight Time),"Mozilla/5.0 (Linux; Android 6.0; Nexus 5 Build/MRA58N) AppleWebKit/537.36 (KHTML, like Gecko) Chrome/137.0.0.0 Mobile Safari/537.36",aace7654-e390-430f-9750-0b85200f1c17,11,838,585,eng,9.0,9.0,2025-06-12 12:44:48 (Pacific Daylight Time),30299,incompatible,left,TestingProc,True,left,left,327.0,right,blue,0.20000004768371582,invalid,2025-06-12,test,
projectseed-simon-production,SimonTask-v2.0,7113,2025-06-12 12:44:18 (Pacific Daylight Time),"Mozilla/5.0 (Linux; Android 6.0; Nexus 5 Build/MRA58N) AppleWebKit/537.36 (KHTML, like Gecko) Chrome/137.0.0.0 Mobile Safari/537.36",aace7654-e390-430f-9750-0b85200f1c17,11,838,585,eng,10.0,10.0,2025-06-12 12:44:51 (Pacific Daylight Time),32512,compatible,right,TestingProc,False,right,left,908.0,right,red,0.19999992847442627,invalid,2025-06-12,test,
projectseed-simon-production,SimonTask-v2.0,7113,2025-06-12 12:44:18 (Pacific Daylight Time),"Mozilla/5.0 (Linux; Android 6.0; Nexus 5 Build/MRA58N) AppleWebKit/537.36 (KHTML, like Gecko) Chrome/137.0.0.0 Mobile Safari/537.36",aace7654-e390-430f-9750-0b85200f1c17,11,838,585,eng,11.0,11.0,2025-06-12 12:44:53 (Pacific Daylight Time),34402,compatible,right,TestingProc,False,right,left,586.0,right,red,0.19999992847442627,invalid,2025-06-12,test,
projectseed-simon-production,SimonTask-v2.0,7113,2025-06-12 12:44:18 (Pacific Daylight Time),"Mozilla/5.0 (Linux; Android 6.0; Nexus 5 Build/MRA58N) AppleWebKit/537.36 (KHTML, like Gecko) Chrome/137.0.0.0 Mobile Safari/537.36",aace7654-e390-430f-9750-0b85200f1c17,11,838,585,eng,12.0,12.0,2025-06-12 12:44:54 (Pacific Daylight Time),36006,compatible,left,TestingProc,True,left,left,299.0,left,blue,0.19999992847442627,invalid,2025-06-12,test,
projectseed-simon-production,SimonTask-v2.0,7113,2025-06-12 12:44:18 (Pacific Daylight Time),"Mozilla/5.0 (Linux; Android 6.0; Nexus 5 Build/MRA58N) AppleWebKit/537.36 (KHTML, like Gecko) Chrome/137.0.0.0 Mobile Safari/537.36",aace7654-e390-430f-9750-0b85200f1c17,11,838,585,eng,13.0,13.0,2025-06-12 12:44:56 (Pacific Daylight Time),37611,incompatible,left,TestingProc,True,left,left,300.0,right,blue,0.20000004768371582,invalid,2025-06-12,test,
projectseed-simon-production,SimonTask-v2.0,7113,2025-06-12 12:44:18 (Pacific Daylight Time),"Mozilla/5.0 (Linux; Android 6.0; Nexus 5 Build/MRA58N) AppleWebKit/537.36 (KHTML, like Gecko) Chrome/137.0.0.0 Mobile Safari/537.36",aace7654-e390-430f-9750-0b85200f1c17,11,838,585,eng,14.0,14.0,2025-06-12 12:44:57 (Pacific Daylight Time),39201,incompatible,left,TestingProc,True,left,left,284.0,right,blue,0.19999992847442627,invalid,2025-06-12,test,
projectseed-simon-production,SimonTask-v2.0,7113,2025-06-12 12:44:18 (Pacific Daylight Time),"Mozilla/5.0 (Linux; Android 6.0; Nexus 5 Build/MRA58N) AppleWebKit/537.36 (KHTML, like Gecko) Chrome/137.0.0.0 Mobile Safari/537.36",aace7654-e390-430f-9750-0b85200f1c17,11,838,585,eng,15.0,15.0,2025-06-12 12:44:59 (Pacific Daylight Time),41114,incompatible,right,TestingProc,False,right,left,608.0,left,red,0.2999999523162842,invalid,2025-06-12,test,
projectseed-simon-production,SimonTask-v2.0,7113,2025-06-12 12:44:18 (Pacific Daylight Time),"Mozilla/5.0 (Linux; Android 6.0; Nexus 5 Build/MRA58N) AppleWebKit/537.36 (KHTML, like Gecko) Chrome/137.0.0.0 Mobile Safari/537.36",aace7654-e390-430f-9750-0b85200f1c17,11,838,585,eng,16.0,16.0,2025-06-12 12:45:01 (Pacific Daylight Time),42708,compatible,right,TestingProc,False,right,left,290.0,right,red,0.19999992847442627,invalid,2025-06-12,test,
projectseed-simon-production,SimonTask-v2.0,7113,2025-06-12 12:44:18 (Pacific Daylight Time),"Mozilla/5.0 (Linux; Android 6.0; Nexus 5 Build/MRA58N) AppleWebKit/537.36 (KHTML, like Gecko) Chrome/137.0.0.0 Mobile Safari/537.36",aace7654-e390-430f-9750-0b85200f1c17,11,838,585,eng,17.0,17.0,2025-06-12 12:45:03 (Pacific Daylight Time),44619,incompatible,right,TestingProc,False,right,left,605.0,left,red,0.19999992847442627,invalid,2025-06-12,test,
projectseed-simon-production,SimonTask-v2.0,7113,2025-06-12 12:44:18 (Pacific Daylight Time),"Mozilla/5.0 (Linux; Android 6.0; Nexus 5 Build/MRA58N) AppleWebKit/537.36 (KHTML, like Gecko) Chrome/137.0.0.0 Mobile Safari/537.36",aace7654-e390-430f-9750-0b85200f1c17,11,838,585,eng,18.0,18.0,2025-06-12 12:45:04 (Pacific Daylight Time),46223,incompatible,left,TestingProc,True,left,left,300.0,right,blue,0.20000004768371582,invalid,2025-06-12,test,
projectseed-simon-production,SimonTask-v2.0,7113,2025-06-12 12:44:18 (Pacific Daylight Time),"Mozilla/5.0 (Linux; Android 6.0; Nexus 5 Build/MRA58N) AppleWebKit/537.36 (KHTML, like Gecko) Chrome/137.0.0.0 Mobile Safari/537.36",aace7654-e390-430f-9750-0b85200f1c17,11,838,585,eng,19.0,19.0,2025-06-12 12:45:06 (Pacific Daylight Time),47825,compatible,left,TestingProc,True,left,left,297.0,left,blue,0.20000004768371582,invalid,2025-06-12,test,
projectseed-simon-production,SimonTask-v2.0,7113,2025-06-12 12:44:18 (Pacific Daylight Time),"Mozilla/5.0 (Linux; Android 6.0; Nexus 5 Build/MRA58N) AppleWebKit/537.36 (KHTML, like Gecko) Chrome/137.0.0.0 Mobile Safari/537.36",aace7654-e390-430f-9750-0b85200f1c17,11,838,585,eng,20.0,20.0,2025-06-12 12:45:08 (Pacific Daylight Time),49430,incompatible,left,TestingProc,True,left,left,299.0,right,blue,0.10000002384185791,invalid,2025-06-12,test,
projectseed-simon-production,SimonTask-v2.0,7113,2025-06-12 12:44:18 (Pacific Daylight Time),"Mozilla/5.0 (Linux; Android 6.0; Nexus 5 Build/MRA58N) AppleWebKit/537.36 (KHTML, like Gecko) Chrome/137.0.0.0 Mobile Safari/537.36",aace7654-e390-430f-9750-0b85200f1c17,11,838,585,eng,21.0,21.0,2025-06-12 12:45:09 (Pacific Daylight Time),51346,incompatible,right,TestingProc,False,right,left,612.0,left,red,0.20000004768371582,invalid,2025-06-12,test,
projectseed-simon-production,SimonTask-v2.0,7113,2025-06-12 12:44:18 (Pacific Daylight Time),"Mozilla/5.0 (Linux; Android 6.0; Nexus 5 Build/MRA58N) AppleWebKit/537.36 (KHTML, like Gecko) Chrome/137.0.0.0 Mobile Safari/537.36",aace7654-e390-430f-9750-0b85200f1c17,11,838,585,eng,22.0,22.0,2025-06-12 12:45:11 (Pacific Daylight Time),52945,compatible,left,TestingProc,True,left,left,294.0,left,blue,0.10000002384185791,invalid,2025-06-12,test,
projectseed-simon-production,SimonTask-v2.0,7113,2025-06-12 12:44:18 (Pacific Daylight Time),"Mozilla/5.0 (Linux; Android 6.0; Nexus 5 Build/MRA58N) AppleWebKit/537.36 (KHTML, like Gecko) Chrome/137.0.0.0 Mobile Safari/537.36",aace7654-e390-430f-9750-0b85200f1c17,11,838,585,eng,23.0,23.0,2025-06-12 12:45:13 (Pacific Daylight Time),54560,compatible,left,TestingProc,True,left,left,310.0,left,blue,0.19999992847442627,invalid,2025-06-12,test,
projectseed-simon-production,SimonTask-v2.0,7113,2025-06-12 12:44:18 (Pacific Daylight Time),"Mozilla/5.0 (Linux; Android 6.0; Nexus 5 Build/MRA58N) AppleWebKit/537.36 (KHTML, like Gecko) Chrome/137.0.0.0 Mobile Safari/537.36",aace7654-e390-430f-9750-0b85200f1c17,11,838,585,eng,24.0,24.0,2025-06-12 12:45:14 (Pacific Daylight Time),56148,incompatible,right,TestingProc,False,right,left,285.0,left,red,0.10000002384185791,invalid,2025-06-12,test,
projectseed-simon-production,SimonTask-v2.0,7113,2025-06-12 12:44:18 (Pacific Daylight Time),"Mozilla/5.0 (Linux; Android 6.0; Nexus 5 Build/MRA58N) AppleWebKit/537.36 (KHTML, like Gecko) Chrome/137.0.0.0 Mobile Safari/537.36",aace7654-e390-430f-9750-0b85200f1c17,11,838,585,eng,25.0,25.0,2025-06-12 12:45:16 (Pacific Daylight Time),57740,compatible,left,TestingProc,True,left,left,287.0,left,blue,0.2999999523162842,invalid,2025-06-12,test,
projectseed-simon-production,SimonTask-v2.0,7113,2025-06-12 12:44:18 (Pacific Daylight Time),"Mozilla/5.0 (Linux; Android 6.0; Nexus 5 Build/MRA58N) AppleWebKit/537.36 (KHTML, like Gecko) Chrome/137.0.0.0 Mobile Safari/537.36",aace7654-e390-430f-9750-0b85200f1c17,11,838,585,eng,26.0,26.0,2025-06-12 12:45:17 (Pacific Daylight Time),59330,compatible,right,TestingProc,False,right,left,286.0,right,red,0.30000007152557373,invalid,2025-06-12,test,
projectseed-simon-production,SimonTask-v2.0,7113,2025-06-12 12:44:18 (Pacific Daylight Time),"Mozilla/5.0 (Linux; Android 6.0; Nexus 5 Build/MRA58N) AppleWebKit/537.36 (KHTML, like Gecko) Chrome/137.0.0.0 Mobile Safari/537.36",aace7654-e390-430f-9750-0b85200f1c17,11,838,585,eng,27.0,27.0,2025-06-12 12:45:19 (Pacific Daylight Time),60910,incompatible,right,TestingProc,False,right,left,277.0,left,red,0.20000004768371582,invalid,2025-06-12,test,
projectseed-simon-production,SimonTask-v2.0,7113,2025-06-12 12:44:18 (Pacific Daylight Time),"Mozilla/5.0 (Linux; Android 6.0; Nexus 5 Build/MRA58N) AppleWebKit/537.36 (KHTML, like Gecko) Chrome/137.0.0.0 Mobile Safari/537.36",aace7654-e390-430f-9750-0b85200f1c17,11,838,585,eng,28.0,28.0,2025-06-12 12:45:21 (Pacific Daylight Time),62515,incompatible,right,TestingProc,False,right,left,301.0,left,red,0.20000004768371582,invalid,2025-06-12,test,
projectseed-simon-production,SimonTask-v2.0,7113,2025-06-12 12:44:18 (Pacific Daylight Time),"Mozilla/5.0 (Linux; Android 6.0; Nexus 5 Build/MRA58N) AppleWebKit/537.36 (KHTML, like Gecko) Chrome/137.0.0.0 Mobile Safari/537.36",aace7654-e390-430f-9750-0b85200f1c17,11,838,585,eng,29.0,29.0,2025-06-12 12:45:22 (Pacific Daylight Time),64111,incompatible,right,TestingProc,False,right,left,291.0,left,red,0.20000004768371582,invalid,2025-06-12,test,
projectseed-simon-production,SimonTask-v2.0,7113,2025-06-12 12:44:18 (Pacific Daylight Time),"Mozilla/5.0 (Linux; Android 6.0; Nexus 5 Build/MRA58N) AppleWebKit/537.36 (KHTML, like Gecko) Chrome/137.0.0.0 Mobile Safari/537.36",aace7654-e390-430f-9750-0b85200f1c17,11,838,585,eng,30.0,30.0,2025-06-12 12:45:24 (Pacific Daylight Time),65698,incompatible,left,TestingProc,True,left,left,283.0,right,blue,0.20000004768371582,invalid,2025-06-12,test,
projectseed-simon-production,SimonTask-v2.0,7113,2025-06-12 12:44:18 (Pacific Daylight Time),"Mozilla/5.0 (Linux; Android 6.0; Nexus 5 Build/MRA58N) AppleWebKit/537.36 (KHTML, like Gecko) Chrome/137.0.0.0 Mobile Safari/537.36",aace7654-e390-430f-9750-0b85200f1c17,11,838,585,eng,31.0,31.0,2025-06-12 12:45:25 (Pacific Daylight Time),67307,compatible,left,TestingProc,True,left,left,303.0,left,blue,0.20000004768371582,invalid,2025-06-12,test,
projectseed-simon-production,SimonTask-v2.0,7113,2025-06-12 12:44:18 (Pacific Daylight Time),"Mozilla/5.0 (Linux; Android 6.0; Nexus 5 Build/MRA58N) AppleWebKit/537.36 (KHTML, like Gecko) Chrome/137.0.0.0 Mobile Safari/537.36",aace7654-e390-430f-9750-0b85200f1c17,11,838,585,eng,32.0,32.0,2025-06-12 12:45:27 (Pacific Daylight Time),68898,incompatible,left,TestingProc,True,left,left,286.0,right,blue,0.20000004768371582,invalid,2025-06-12,test,
projectseed-simon-production,SimonTask-v2.0,7113,2025-06-12 12:58:54 (Pacific Daylight Time),"Mozilla/5.0 (Linux; Android 6.0; Nexus 5 Build/MRA58N) AppleWebKit/537.36 (KHTML, like Gecko) Chrome/137.0.0.0 Mobile Safari/537.36",48de5707-8421-4867-9887-6795db14ec47,12,858,585,eng,-999.0,1.0,2025-06-12 12:58:59 (Pacific Daylight Time),4422,compatible,right,TrainingList,False,right,none,-999.0,right,red,0.40000009536743164,invalid,2025-06-12,training,
projectseed-simon-production,SimonTask-v2.0,7113,2025-06-12 12:58:54 (Pacific Daylight Time),"Mozilla/5.0 (Linux; Android 6.0; Nexus 5 Build/MRA58N) AppleWebKit/537.36 (KHTML, like Gecko) Chrome/137.0.0.0 Mobile Safari/537.36",48de5707-8421-4867-9887-6795db14ec47,12,858,585,eng,-999.0,2.0,2025-06-12 12:59:02 (Pacific Daylight Time),7622,incompatible,left,TrainingList,False,left,none,-999.0,right,blue,0.19999992847442627,invalid,2025-06-12,training,
projectseed-simon-production,SimonTask-v2.0,7113,2025-06-12 12:58:54 (Pacific Daylight Time),"Mozilla/5.0 (Linux; Android 6.0; Nexus 5 Build/MRA58N) AppleWebKit/537.36 (KHTML, like Gecko) Chrome/137.0.0.0 Mobile Safari/537.36",48de5707-8421-4867-9887-6795db14ec47,12,858,585,eng,-999.0,3.0,2025-06-12 12:59:05 (Pacific Daylight Time),10422,incompatible,right,TrainingList,False,right,left,72.0,left,red,0.2999999523162842,invalid,2025-06-12,training,
projectseed-simon-production,SimonTask-v2.0,7113,2025-06-12 12:58:54 (Pacific Daylight Time),"Mozilla/5.0 (Linux; Android 6.0; Nexus 5 Build/MRA58N) AppleWebKit/537.36 (KHTML, like Gecko) Chrome/137.0.0.0 Mobile Safari/537.36",48de5707-8421-4867-9887-6795db14ec47,12,858,585,eng,-999.0,4.0,2025-06-12 12:59:08 (Pacific Daylight Time),13629,compatible,right,TrainingList,True,right,right,654.0,right,red,0.30000007152557373,invalid,2025-06-12,training,
projectseed-simon-production,SimonTask-v2.0,7113,2025-06-12 12:58:54 (Pacific Daylight Time),"Mozilla/5.0 (Linux; Android 6.0; Nexus 5 Build/MRA58N) AppleWebKit/537.36 (KHTML, like Gecko) Chrome/137.0.0.0 Mobile Safari/537.36",48de5707-8421-4867-9887-6795db14ec47,12,858,585,eng,-999.0,5.0,2025-06-12 12:59:11 (Pacific Daylight Time),16580,incompatible,left,TrainingList,True,left,left,612.0,right,blue,0.2999999523162842,invalid,2025-06-12,training,
projectseed-simon-production,SimonTask-v2.0,7113,2025-06-12 12:58:54 (Pacific Daylight Time),"Mozilla/5.0 (Linux; Android 6.0; Nexus 5 Build/MRA58N) AppleWebKit/537.36 (KHTML, like Gecko) Chrome/137.0.0.0 Mobile Safari/537.36",48de5707-8421-4867-9887-6795db14ec47,12,858,585,eng,-999.0,6.0,2025-06-12 12:59:14 (Pacific Daylight Time),19613,compatible,right,TrainingList,True,right,right,657.0,right,red,0.6000000238418579,invalid,2025-06-12,training,
projectseed-simon-production,SimonTask-v2.0,7113,2025-06-12 12:58:54 (Pacific Daylight Time),"Mozilla/5.0 (Linux; Android 6.0; Nexus 5 Build/MRA58N) AppleWebKit/537.36 (KHTML, like Gecko) Chrome/137.0.0.0 Mobile Safari/537.36",48de5707-8421-4867-9887-6795db14ec47,12,858,585,eng,-999.0,7.0,2025-06-12 12:59:17 (Pacific Daylight Time),22379,incompatible,left,TrainingList,True,left,left,624.0,right,blue,1.2000000476837158,invalid,2025-06-12,training,
projectseed-simon-production,SimonTask-v2.0,7113,2025-06-12 12:58:54 (Pacific Daylight Time),"Mozilla/5.0 (Linux; Android 6.0; Nexus 5 Build/MRA58N) AppleWebKit/537.36 (KHTML, like Gecko) Chrome/137.0.0.0 Mobile Safari/537.36",48de5707-8421-4867-9887-6795db14ec47,12,858,585,eng,-999.0,8.0,2025-06-12 12:59:20 (Pacific Daylight Time),25230,incompatible,right,TrainingList,True,right,right,677.0,left,red,1.0999999046325684,invalid,2025-06-12,training,
projectseed-simon-production,SimonTask-v2.0,7113,2025-06-12 12:58:54 (Pacific Daylight Time),"Mozilla/5.0 (Linux; Android 6.0; Nexus 5 Build/MRA58N) AppleWebKit/537.36 (KHTML, like Gecko) Chrome/137.0.0.0 Mobile Safari/537.36",48de5707-8421-4867-9887-6795db14ec47,12,858,585,eng,-999.0,9.0,2025-06-12 12:59:23 (Pacific Daylight Time),28434,incompatible,right,TrainingList,True,right,right,678.0,left,red,0.30000007152557373,invalid,2025-06-12,training,
projectseed-simon-production,SimonTask-v2.0,7113,2025-06-12 12:58:54 (Pacific Daylight Time),"Mozilla/5.0 (Linux; Android 6.0; Nexus 5 Build/MRA58N) AppleWebKit/537.36 (KHTML, like Gecko) Chrome/137.0.0.0 Mobile Safari/537.36",48de5707-8421-4867-9887-6795db14ec47,12,858,585,eng,-999.0,10.0,2025-06-12 12:59:26 (Pacific Daylight Time),31432,incompatible,right,TrainingList,True,right,right,730.0,left,red,0.40000009536743164,invalid,2025-06-12,training,
projectseed-simon-production,SimonTask-v2.0,7113,2025-06-12 12:58:54 (Pacific Daylight Time),"Mozilla/5.0 (Linux; Android 6.0; Nexus 5 Build/MRA58N) AppleWebKit/537.36 (KHTML, like Gecko) Chrome/137.0.0.0 Mobile Safari/537.36",48de5707-8421-4867-9887-6795db14ec47,12,858,585,eng,-999.0,11.0,2025-06-12 12:59:29 (Pacific Daylight Time),34329,incompatible,left,TrainingList,True,left,left,605.0,right,blue,1.600000023841858,invalid,2025-06-12,training,
projectseed-simon-production,SimonTask-v2.0,7113,2025-06-12 12:58:54 (Pacific Daylight Time),"Mozilla/5.0 (Linux; Android 6.0; Nexus 5 Build/MRA58N) AppleWebKit/537.36 (KHTML, like Gecko) Chrome/137.0.0.0 Mobile Safari/537.36",48de5707-8421-4867-9887-6795db14ec47,12,858,585,eng,-999.0,12.0,2025-06-12 12:59:32 (Pacific Daylight Time),37148,compatible,right,TrainingList,True,right,right,630.0,right,red,0.6000000238418579,invalid,2025-06-12,training,
projectseed-simon-production,SimonTask-v2.0,7113,2025-06-12 12:58:54 (Pacific Daylight Time),"Mozilla/5.0 (Linux; Android 6.0; Nexus 5 Build/MRA58N) AppleWebKit/537.36 (KHTML, like Gecko) Chrome/137.0.0.0 Mobile Safari/537.36",48de5707-8421-4867-9887-6795db14ec47,12,858,585,eng,-999.0,13.0,2025-06-12 12:59:34 (Pacific Daylight Time),39964,compatible,left,TrainingList,True,left,left,543.0,left,blue,1.100000023841858,invalid,2025-06-12,training,
projectseed-simon-production,SimonTask-v2.0,7113,2025-06-12 12:58:54 (Pacific Daylight Time),"Mozilla/5.0 (Linux; Android 6.0; Nexus 5 Build/MRA58N) AppleWebKit/537.36 (KHTML, like Gecko) Chrome/137.0.0.0 Mobile Safari/537.36",48de5707-8421-4867-9887-6795db14ec47,12,858,585,eng,-999.0,14.0,2025-06-12 12:59:37 (Pacific Daylight Time),43113,compatible,right,TrainingList,True,right,right,960.0,right,red,1.600000023841858,invalid,2025-06-12,training,
projectseed-simon-production,SimonTask-v2.0,7113,2025-06-12 12:58:54 (Pacific Daylight Time),"Mozilla/5.0 (Linux; Android 6.0; Nexus 5 Build/MRA58N) AppleWebKit/537.36 (KHTML, like Gecko) Chrome/137.0.0.0 Mobile Safari/537.36",48de5707-8421-4867-9887-6795db14ec47,12,858,585,eng,-999.0,15.0,2025-06-12 12:59:40 (Pacific Daylight Time),46062,incompatible,right,TrainingList,True,right,right,705.0,left,red,0.5999999046325684,invalid,2025-06-12,training,
projectseed-simon-production,SimonTask-v2.0,7113,2025-06-12 12:58:54 (Pacific Daylight Time),"Mozilla/5.0 (Linux; Android 6.0; Nexus 5 Build/MRA58N) AppleWebKit/537.36 (KHTML, like Gecko) Chrome/137.0.0.0 Mobile Safari/537.36",48de5707-8421-4867-9887-6795db14ec47,12,858,585,eng,1.0,1.0,2025-06-12 12:59:44 (Pacific Daylight Time),50067,incompatible,left,TestingProc,True,left,left,901.0,right,blue,0.6000000238418579,invalid,2025-06-12,test,
projectseed-simon-production,SimonTask-v2.0,7113,2025-06-12 12:58:54 (Pacific Daylight Time),"Mozilla/5.0 (Linux; Android 6.0; Nexus 5 Build/MRA58N) AppleWebKit/537.36 (KHTML, like Gecko) Chrome/137.0.0.0 Mobile Safari/537.36",48de5707-8421-4867-9887-6795db14ec47,12,858,585,eng,2.0,2.0,2025-06-12 12:59:47 (Pacific Daylight Time),52374,incompatible,left,TestingProc,False,left,none,-999.0,right,blue,0.20000004768371582,invalid,2025-06-12,test,
projectseed-simon-production,SimonTask-v2.0,7113,2025-06-12 12:58:54 (Pacific Daylight Time),"Mozilla/5.0 (Linux; Android 6.0; Nexus 5 Build/MRA58N) AppleWebKit/537.36 (KHTML, like Gecko) Chrome/137.0.0.0 Mobile Safari/537.36",48de5707-8421-4867-9887-6795db14ec47,12,858,585,eng,3.0,3.0,2025-06-12 13:00:00 (Pacific Daylight Time),65827,incompatible,left,TestingProc,True,left,left,277.0,right,blue,0.2999999523162842,invalid,2025-06-12,test,
projectseed-simon-production,SimonTask-v2.0,7113,2025-06-12 12:58:54 (Pacific Daylight Time),"Mozilla/5.0 (Linux; Android 6.0; Nexus 5 Build/MRA58N) AppleWebKit/537.36 (KHTML, like Gecko) Chrome/137.0.0.0 Mobile Safari/537.36",48de5707-8421-4867-9887-6795db14ec47,12,858,585,eng,4.0,4.0,2025-06-12 13:00:02 (Pacific Daylight Time),67415,incompatible,right,TestingProc,False,right,left,282.0,left,red,0.20000004768371582,invalid,2025-06-12,test,
projectseed-simon-production,SimonTask-v2.0,7113,2025-06-12 12:58:54 (Pacific Daylight Time),"Mozilla/5.0 (Linux; Android 6.0; Nexus 5 Build/MRA58N) AppleWebKit/537.36 (KHTML, like Gecko) Chrome/137.0.0.0 Mobile Safari/537.36",48de5707-8421-4867-9887-6795db14ec47,12,858,585,eng,5.0,5.0,2025-06-12 13:00:03 (Pacific Daylight Time),69031,incompatible,left,TestingProc,True,left,left,313.0,right,blue,0.09999990463256836,invalid,2025-06-12,test,
projectseed-simon-production,SimonTask-v2.0,7113,2025-06-12 12:58:54 (Pacific Daylight Time),"Mozilla/5.0 (Linux; Android 6.0; Nexus 5 Build/MRA58N) AppleWebKit/537.36 (KHTML, like Gecko) Chrome/137.0.0.0 Mobile Safari/537.36",48de5707-8421-4867-9887-6795db14ec47,12,858,585,eng,6.0,6.0,2025-06-12 13:00:05 (Pacific Daylight Time),70633,compatible,right,TestingProc,False,right,left,298.0,right,red,0.20000004768371582,invalid,2025-06-12,test,
projectseed-simon-production,SimonTask-v2.0,7113,2025-06-12 12:58:54 (Pacific Daylight Time),"Mozilla/5.0 (Linux; Android 6.0; Nexus 5 Build/MRA58N) AppleWebKit/537.36 (KHTML, like Gecko) Chrome/137.0.0.0 Mobile Safari/537.36",48de5707-8421-4867-9887-6795db14ec47,12,858,585,eng,7.0,7.0,2025-06-12 13:00:07 (Pacific Daylight Time),72277,incompatible,left,TestingProc,True,left,left,337.0,right,blue,1.100000023841858,invalid,2025-06-12,test,
projectseed-simon-production,SimonTask-v2.0,7113,2025-06-12 12:58:54 (Pacific Daylight Time),"Mozilla/5.0 (Linux; Android 6.0; Nexus 5 Build/MRA58N) AppleWebKit/537.36 (KHTML, like Gecko) Chrome/137.0.0.0 Mobile Safari/537.36",48de5707-8421-4867-9887-6795db14ec47,12,858,585,eng,8.0,8.0,2025-06-12 13:00:08 (Pacific Daylight Time),73878,incompatible,left,TestingProc,True,left,left,284.0,right,blue,0.19999992847442627,invalid,2025-06-12,test,
projectseed-simon-production,SimonTask-v2.0,7113,2025-06-12 12:58:54 (Pacific Daylight Time),"Mozilla/5.0 (Linux; Android 6.0; Nexus 5 Build/MRA58N) AppleWebKit/537.36 (KHTML, like Gecko) Chrome/137.0.0.0 Mobile Safari/537.36",48de5707-8421-4867-9887-6795db14ec47,12,858,585,eng,9.0,9.0,2025-06-12 13:00:10 (Pacific Daylight Time),75455,compatible,right,TestingProc,False,right,left,274.0,right,red,0.10000002384185791,invalid,2025-06-12,test,
projectseed-simon-production,SimonTask-v2.0,7113,2025-06-12 12:58:54 (Pacific Daylight Time),"Mozilla/5.0 (Linux; Android 6.0; Nexus 5 Build/MRA58N) AppleWebKit/537.36 (KHTML, like Gecko) Chrome/137.0.0.0 Mobile Safari/537.36",48de5707-8421-4867-9887-6795db14ec47,12,858,585,eng,10.0,10.0,2025-06-12 13:00:11 (Pacific Daylight Time),77059,compatible,right,TestingProc,False,right,left,298.0,right,red,0.10000002384185791,invalid,2025-06-12,test,
projectseed-simon-production,SimonTask-v2.0,7113,2025-06-12 12:58:54 (Pacific Daylight Time),"Mozilla/5.0 (Linux; Android 6.0; Nexus 5 Build/MRA58N) AppleWebKit/537.36 (KHTML, like Gecko) Chrome/137.0.0.0 Mobile Safari/537.36",48de5707-8421-4867-9887-6795db14ec47,12,858,585,eng,11.0,11.0,2025-06-12 13:00:13 (Pacific Daylight Time),78633,incompatible,right,TestingProc,False,right,left,270.0,left,red,0.19999992847442627,invalid,2025-06-12,test,
projectseed-simon-production,SimonTask-v2.0,7113,2025-06-12 12:58:54 (Pacific Daylight Time),"Mozilla/5.0 (Linux; Android 6.0; Nexus 5 Build/MRA58N) AppleWebKit/537.36 (KHTML, like Gecko) Chrome/137.0.0.0 Mobile Safari/537.36",48de5707-8421-4867-9887-6795db14ec47,12,858,585,eng,12.0,12.0,2025-06-12 13:00:14 (Pacific Daylight Time),79940,incompatible,right,TestingProc,False,right,left,2.0,left,red,0.30000007152557373,invalid,2025-06-12,test,
projectseed-simon-production,SimonTask-v2.0,7113,2025-06-12 12:58:54 (Pacific Daylight Time),"Mozilla/5.0 (Linux; Android 6.0; Nexus 5 Build/MRA58N) AppleWebKit/537.36 (KHTML, like Gecko) Chrome/137.0.0.0 Mobile Safari/537.36",48de5707-8421-4867-9887-6795db14ec47,12,858,585,eng,13.0,13.0,2025-06-12 13:00:16 (Pacific Daylight Time),81534,compatible,right,TestingProc,False,right,left,288.0,right,red,0.30000007152557373,invalid,2025-06-12,test,
projectseed-simon-production,SimonTask-v2.0,7113,2025-06-12 12:58:54 (Pacific Daylight Time),"Mozilla/5.0 (Linux; Android 6.0; Nexus 5 Build/MRA58N) AppleWebKit/537.36 (KHTML, like Gecko) Chrome/137.0.0.0 Mobile Safari/537.36",48de5707-8421-4867-9887-6795db14ec47,12,858,585,eng,14.0,14.0,2025-06-12 13:00:18 (Pacific Daylight Time),83143,compatible,right,TestingProc,False,right,left,304.0,right,red,0.20000004768371582,invalid,2025-06-12,test,
projectseed-simon-production,SimonTask-v2.0,7113,2025-06-12 12:58:54 (Pacific Daylight Time),"Mozilla/5.0 (Linux; Android 6.0; Nexus 5 Build/MRA58N) AppleWebKit/537.36 (KHTML, like Gecko) Chrome/137.0.0.0 Mobile Safari/537.36",48de5707-8421-4867-9887-6795db14ec47,12,858,585,eng,15.0,15.0,2025-06-12 13:00:19 (Pacific Daylight Time),84746,compatible,right,TestingProc,False,right,left,297.0,right,red,0.2999999523162842,invalid,2025-06-12,test,
projectseed-simon-production,SimonTask-v2.0,7113,2025-06-12 12:58:54 (Pacific Daylight Time),"Mozilla/5.0 (Linux; Android 6.0; Nexus 5 Build/MRA58N) AppleWebKit/537.36 (KHTML, like Gecko) Chrome/137.0.0.0 Mobile Safari/537.36",48de5707-8421-4867-9887-6795db14ec47,12,858,585,eng,16.0,16.0,2025-06-12 13:00:21 (Pacific Daylight Time),86694,compatible,right,TestingProc,False,right,left,644.0,right,red,0.2999999523162842,invalid,2025-06-12,test,
projectseed-simon-production,SimonTask-v2.0,7113,2025-06-12 12:58:54 (Pacific Daylight Time),"Mozilla/5.0 (Linux; Android 6.0; Nexus 5 Build/MRA58N) AppleWebKit/537.36 (KHTML, like Gecko) Chrome/137.0.0.0 Mobile Safari/537.36",48de5707-8421-4867-9887-6795db14ec47,12,858,585,eng,17.0,17.0,2025-06-12 13:00:23 (Pacific Daylight Time),88264,incompatible,right,TestingProc,False,right,left,267.0,left,red,0.20000004768371582,invalid,2025-06-12,test,
projectseed-simon-production,SimonTask-v2.0,7113,2025-06-12 12:58:54 (Pacific Daylight Time),"Mozilla/5.0 (Linux; Android 6.0; Nexus 5 Build/MRA58N) AppleWebKit/537.36 (KHTML, like Gecko) Chrome/137.0.0.0 Mobile Safari/537.36",48de5707-8421-4867-9887-6795db14ec47,12,858,585,eng,18.0,18.0,2025-06-12 13:00:24 (Pacific Daylight Time),89884,incompatible,right,TestingProc,False,right,left,314.0,left,red,0.20000004768371582,invalid,2025-06-12,test,
projectseed-simon-production,SimonTask-v2.0,7113,2025-06-12 12:58:54 (Pacific Daylight Time),"Mozilla/5.0 (Linux; Android 6.0; Nexus 5 Build/MRA58N) AppleWebKit/537.36 (KHTML, like Gecko) Chrome/137.0.0.0 Mobile Safari/537.36",48de5707-8421-4867-9887-6795db14ec47,12,858,585,eng,19.0,19.0,2025-06-12 13:00:26 (Pacific Daylight Time),91795,compatible,right,TestingProc,False,right,left,604.0,right,red,0.2999999523162842,invalid,2025-06-12,test,
projectseed-simon-production,SimonTask-v2.0,7113,2025-06-12 12:58:54 (Pacific Daylight Time),"Mozilla/5.0 (Linux; Android 6.0; Nexus 5 Build/MRA58N) AppleWebKit/537.36 (KHTML, like Gecko) Chrome/137.0.0.0 Mobile Safari/537.36",48de5707-8421-4867-9887-6795db14ec47,12,858,585,eng,20.0,20.0,2025-06-12 13:00:28 (Pacific Daylight Time),93697,compatible,left,TestingProc,True,left,left,597.0,left,blue,0.10000002384185791,invalid,2025-06-12,test,
projectseed-simon-production,SimonTask-v2.0,7113,2025-06-12 12:58:54 (Pacific Daylight Time),"Mozilla/5.0 (Linux; Android 6.0; Nexus 5 Build/MRA58N) AppleWebKit/537.36 (KHTML, like Gecko) Chrome/137.0.0.0 Mobile Safari/537.36",48de5707-8421-4867-9887-6795db14ec47,12,858,585,eng,21.0,21.0,2025-06-12 13:00:30 (Pacific Daylight Time),95315,incompatible,right,TestingProc,False,right,left,313.0,left,red,0.20000004768371582,invalid,2025-06-12,test,
projectseed-simon-production,SimonTask-v2.0,7113,2025-06-12 12:58:54 (Pacific Daylight Time),"Mozilla/5.0 (Linux; Android 6.0; Nexus 5 Build/MRA58N) AppleWebKit/537.36 (KHTML, like Gecko) Chrome/137.0.0.0 Mobile Safari/537.36",48de5707-8421-4867-9887-6795db14ec47,12,858,585,eng,22.0,22.0,2025-06-12 13:00:32 (Pacific Daylight Time),97240,incompatible,left,TestingProc,True,left,left,621.0,right,blue,0.10000002384185791,invalid,2025-06-12,test,
projectseed-simon-production,SimonTask-v2.0,7113,2025-06-12 12:58:54 (Pacific Daylight Time),"Mozilla/5.0 (Linux; Android 6.0; Nexus 5 Build/MRA58N) AppleWebKit/537.36 (KHTML, like Gecko) Chrome/137.0.0.0 Mobile Safari/537.36",48de5707-8421-4867-9887-6795db14ec47,12,858,585,eng,23.0,23.0,2025-06-12 13:00:33 (Pacific Daylight Time),98863,incompatible,right,TestingProc,False,right,left,318.0,left,red,0.20000004768371582,invalid,2025-06-12,test,
projectseed-simon-production,SimonTask-v2.0,7113,2025-06-12 12:58:54 (Pacific Daylight Time),"Mozilla/5.0 (Linux; Android 6.0; Nexus 5 Build/MRA58N) AppleWebKit/537.36 (KHTML, like Gecko) Chrome/137.0.0.0 Mobile Safari/537.36",48de5707-8421-4867-9887-6795db14ec47,12,858,585,eng,24.0,24.0,2025-06-12 13:00:35 (Pacific Daylight Time),100767,incompatible,right,TestingProc,False,right,left,599.0,left,red,0.2999999523162842,invalid,2025-06-12,test,
projectseed-simon-production,SimonTask-v2.0,7113,2025-06-12 12:58:54 (Pacific Daylight Time),"Mozilla/5.0 (Linux; Android 6.0; Nexus 5 Build/MRA58N) AppleWebKit/537.36 (KHTML, like Gecko) Chrome/137.0.0.0 Mobile Safari/537.36",48de5707-8421-4867-9887-6795db14ec47,12,858,585,eng,25.0,25.0,2025-06-12 13:00:37 (Pacific Daylight Time),102347,compatible,right,TestingProc,False,right,left,277.0,right,red,0.20000004768371582,invalid,2025-06-12,test,
projectseed-simon-production,SimonTask-v2.0,7113,2025-06-12 12:58:54 (Pacific Daylight Time),"Mozilla/5.0 (Linux; Android 6.0; Nexus 5 Build/MRA58N) AppleWebKit/537.36 (KHTML, like Gecko) Chrome/137.0.0.0 Mobile Safari/537.36",48de5707-8421-4867-9887-6795db14ec47,12,858,585,eng,26.0,26.0,2025-06-12 13:00:38 (Pacific Daylight Time),103942,incompatible,right,TestingProc,False,right,left,290.0,left,red,0.19999992847442627,invalid,2025-06-12,test,
projectseed-simon-production,SimonTask-v2.0,7113,2025-06-12 12:58:54 (Pacific Daylight Time),"Mozilla/5.0 (Linux; Android 6.0; Nexus 5 Build/MRA58N) AppleWebKit/537.36 (KHTML, like Gecko) Chrome/137.0.0.0 Mobile Safari/537.36",48de5707-8421-4867-9887-6795db14ec47,12,858,585,eng,27.0,27.0,2025-06-12 13:00:40 (Pacific Daylight Time),105522,compatible,left,TestingProc,True,left,left,276.0,left,blue,0.20000004768371582,invalid,2025-06-12,test,
projectseed-simon-production,SimonTask-v2.0,7113,2025-06-12 12:58:54 (Pacific Daylight Time),"Mozilla/5.0 (Linux; Android 6.0; Nexus 5 Build/MRA58N) AppleWebKit/537.36 (KHTML, like Gecko) Chrome/137.0.0.0 Mobile Safari/537.36",48de5707-8421-4867-9887-6795db14ec47,12,858,585,eng,28.0,28.0,2025-06-12 13:00:41 (Pacific Daylight Time),107114,incompatible,right,TestingProc,False,right,left,287.0,left,red,0.19999992847442627,invalid,2025-06-12,test,
projectseed-simon-production,SimonTask-v2.0,7113,2025-06-12 12:58:54 (Pacific Daylight Time),"Mozilla/5.0 (Linux; Android 6.0; Nexus 5 Build/MRA58N) AppleWebKit/537.36 (KHTML, like Gecko) Chrome/137.0.0.0 Mobile Safari/537.36",48de5707-8421-4867-9887-6795db14ec47,12,858,585,eng,29.0,29.0,2025-06-12 13:00:44 (Pacific Daylight Time),109331,compatible,right,TestingProc,False,right,left,912.0,right,red,0.20000004768371582,invalid,2025-06-12,test,
projectseed-simon-production,SimonTask-v2.0,7113,2025-06-12 12:58:54 (Pacific Daylight Time),"Mozilla/5.0 (Linux; Android 6.0; Nexus 5 Build/MRA58N) AppleWebKit/537.36 (KHTML, like Gecko) Chrome/137.0.0.0 Mobile Safari/537.36",48de5707-8421-4867-9887-6795db14ec47,12,858,585,eng,30.0,30.0,2025-06-12 13:00:46 (Pacific Daylight Time),111226,compatible,left,TestingProc,True,left,left,591.0,left,blue,0.2999999523162842,invalid,2025-06-12,test,
projectseed-simon-production,SimonTask-v2.0,7113,2025-06-12 12:58:54 (Pacific Daylight Time),"Mozilla/5.0 (Linux; Android 6.0; Nexus 5 Build/MRA58N) AppleWebKit/537.36 (KHTML, like Gecko) Chrome/137.0.0.0 Mobile Safari/537.36",48de5707-8421-4867-9887-6795db14ec47,12,858,585,eng,31.0,31.0,2025-06-12 13:00:47 (Pacific Daylight Time),112809,incompatible,left,TestingProc,True,left,left,279.0,right,blue,0.2999999523162842,invalid,2025-06-12,test,
projectseed-simon-production,SimonTask-v2.0,7113,2025-06-12 12:58:54 (Pacific Daylight Time),"Mozilla/5.0 (Linux; Android 6.0; Nexus 5 Build/MRA58N) AppleWebKit/537.36 (KHTML, like Gecko) Chrome/137.0.0.0 Mobile Safari/537.36",48de5707-8421-4867-9887-6795db14ec47,12,858,585,eng,32.0,32.0,2025-06-12 13:00:49 (Pacific Daylight Time),114410,incompatible,left,TestingProc,True,left,left,297.0,right,blue,0.10000002384185791,invalid,2025-06-12,test,
projectseed-simon-production,SimonTask-v2.0,7114,2025-06-13 12:13:01 (Central Daylight Time),"Mozilla/5.0 (Linux; Android 6.0; Nexus 5 Build/MRA58N) AppleWebKit/537.36 (KHTML, like Gecko) Chrome/137.0.0.0 Mobile Safari/537.36",a1dee349-458b-4d88-8246-e8dc01244f9d,8,759,424,eng,-999.0,1.0,2025-06-13 12:13:15 (Central Daylight Time),13435,compatible,left,TrainingList,True,left,left,628.0,left,blue,0.699999988079071,invalid,2025-06-13,training,
projectseed-simon-production,SimonTask-v2.0,7114,2025-06-13 12:13:01 (Central Daylight Time),"Mozilla/5.0 (Linux; Android 6.0; Nexus 5 Build/MRA58N) AppleWebKit/537.36 (KHTML, like Gecko) Chrome/137.0.0.0 Mobile Safari/537.36",a1dee349-458b-4d88-8246-e8dc01244f9d,8,759,424,eng,-999.0,2.0,2025-06-13 12:13:18 (Central Daylight Time),17040,compatible,right,TrainingList,True,right,right,718.0,right,red,0.4000000059604645,invalid,2025-06-13,training,
projectseed-simon-production,SimonTask-v2.0,7114,2025-06-13 12:13:01 (Central Daylight Time),"Mozilla/5.0 (Linux; Android 6.0; Nexus 5 Build/MRA58N) AppleWebKit/537.36 (KHTML, like Gecko) Chrome/137.0.0.0 Mobile Safari/537.36",a1dee349-458b-4d88-8246-e8dc01244f9d,8,759,424,eng,-999.0,3.0,2025-06-13 12:13:22 (Central Daylight Time),20331,incompatible,right,TrainingList,True,right,right,760.0,left,red,0.3999999761581421,invalid,2025-06-13,training,
projectseed-simon-production,SimonTask-v2.0,7114,2025-06-13 12:13:01 (Central Daylight Time),"Mozilla/5.0 (Linux; Android 6.0; Nexus 5 Build/MRA58N) AppleWebKit/537.36 (KHTML, like Gecko) Chrome/137.0.0.0 Mobile Safari/537.36",a1dee349-458b-4d88-8246-e8dc01244f9d,8,759,424,eng,-999.0,4.0,2025-06-13 12:13:26 (Central Daylight Time),24339,compatible,left,TrainingList,True,left,left,719.0,left,blue,0.30000001192092896,invalid,2025-06-13,training,
projectseed-simon-production,SimonTask-v2.0,7114,2025-06-13 12:13:01 (Central Daylight Time),"Mozilla/5.0 (Linux; Android 6.0; Nexus 5 Build/MRA58N) AppleWebKit/537.36 (KHTML, like Gecko) Chrome/137.0.0.0 Mobile Safari/537.36",a1dee349-458b-4d88-8246-e8dc01244f9d,8,759,424,eng,1.0,1.0,2025-06-13 12:13:32 (Central Daylight Time),30373,compatible,right,TestingProc,True,right,right,588.0,right,red,0.5,invalid,2025-06-13,test,
projectseed-simon-production,SimonTask-v2.0,7114,2025-06-13 12:13:01 (Central Daylight Time),"Mozilla/5.0 (Linux; Android 6.0; Nexus 5 Build/MRA58N) AppleWebKit/537.36 (KHTML, like Gecko) Chrome/137.0.0.0 Mobile Safari/537.36",a1dee349-458b-4d88-8246-e8dc01244f9d,8,759,424,eng,2.0,2.0,2025-06-13 12:13:34 (Central Daylight Time),32452,incompatible,left,TestingProc,True,left,left,775.0,right,blue,0.4000000059604645,invalid,2025-06-13,test,
projectseed-simon-production,SimonTask-v2.0,7114,2025-06-13 12:13:01 (Central Daylight Time),"Mozilla/5.0 (Linux; Android 6.0; Nexus 5 Build/MRA58N) AppleWebKit/537.36 (KHTML, like Gecko) Chrome/137.0.0.0 Mobile Safari/537.36",a1dee349-458b-4d88-8246-e8dc01244f9d,8,759,424,eng,3.0,3.0,2025-06-13 12:13:36 (Central Daylight Time),34502,compatible,right,TestingProc,True,right,right,744.0,right,red,0.4000000059604645,invalid,2025-06-13,test,
projectseed-simon-production,SimonTask-v2.0,7114,2025-06-13 12:13:01 (Central Daylight Time),"Mozilla/5.0 (Linux; Android 6.0; Nexus 5 Build/MRA58N) AppleWebKit/537.36 (KHTML, like Gecko) Chrome/137.0.0.0 Mobile Safari/537.36",a1dee349-458b-4d88-8246-e8dc01244f9d,8,759,424,eng,4.0,4.0,2025-06-13 12:13:38 (Central Daylight Time),36622,incompatible,right,TestingProc,True,right,right,815.0,left,red,0.29999998211860657,invalid,2025-06-13,test,
projectseed-simon-production,SimonTask-v2.0,7114,2025-06-13 12:13:01 (Central Daylight Time),"Mozilla/5.0 (Linux; Android 6.0; Nexus 5 Build/MRA58N) AppleWebKit/537.36 (KHTML, like Gecko) Chrome/137.0.0.0 Mobile Safari/537.36",a1dee349-458b-4d88-8246-e8dc01244f9d,8,759,424,eng,5.0,5.0,2025-06-13 12:13:40 (Central Daylight Time),38751,incompatible,right,TestingProc,True,right,right,823.0,left,red,0.4000000059604645,invalid,2025-06-13,test,
projectseed-simon-production,SimonTask-v2.0,7114,2025-06-13 12:13:01 (Central Daylight Time),"Mozilla/5.0 (Linux; Android 6.0; Nexus 5 Build/MRA58N) AppleWebKit/537.36 (KHTML, like Gecko) Chrome/137.0.0.0 Mobile Safari/537.36",a1dee349-458b-4d88-8246-e8dc01244f9d,8,759,424,eng,6.0,6.0,2025-06-13 12:13:42 (Central Daylight Time),40872,incompatible,left,TestingProc,True,left,left,816.0,right,blue,0.3999999761581421,invalid,2025-06-13,test,
projectseed-simon-production,SimonTask-v2.0,7114,2025-06-13 12:13:01 (Central Daylight Time),"Mozilla/5.0 (Linux; Android 6.0; Nexus 5 Build/MRA58N) AppleWebKit/537.36 (KHTML, like Gecko) Chrome/137.0.0.0 Mobile Safari/537.36",a1dee349-458b-4d88-8246-e8dc01244f9d,8,759,424,eng,7.0,7.0,2025-06-13 12:13:44 (Central Daylight Time),42889,compatible,left,TestingProc,True,left,left,711.0,left,blue,0.4000000059604645,invalid,2025-06-13,test,
projectseed-simon-production,SimonTask-v2.0,7114,2025-06-13 12:13:01 (Central Daylight Time),"Mozilla/5.0 (Linux; Android 6.0; Nexus 5 Build/MRA58N) AppleWebKit/537.36 (KHTML, like Gecko) Chrome/137.0.0.0 Mobile Safari/537.36",a1dee349-458b-4d88-8246-e8dc01244f9d,8,759,424,eng,8.0,8.0,2025-06-13 12:13:46 (Central Daylight Time),45196,compatible,right,TestingProc,False,right,none,-999.0,right,red,0.3999999761581421,invalid,2025-06-13,test,
projectseed-simon-production,SimonTask-v2.0,7114,2025-06-13 12:13:01 (Central Daylight Time),"Mozilla/5.0 (Linux; Android 6.0; Nexus 5 Build/MRA58N) AppleWebKit/537.36 (KHTML, like Gecko) Chrome/137.0.0.0 Mobile Safari/537.36",a1dee349-458b-4d88-8246-e8dc01244f9d,8,759,424,eng,9.0,9.0,2025-06-13 12:13:51 (Central Daylight Time),49380,incompatible,right,TestingProc,True,right,right,944.0,left,red,0.5,invalid,2025-06-13,test,
projectseed-simon-production,SimonTask-v2.0,7114,2025-06-13 12:13:01 (Central Daylight Time),"Mozilla/5.0 (Linux; Android 6.0; Nexus 5 Build/MRA58N) AppleWebKit/537.36 (KHTML, like Gecko) Chrome/137.0.0.0 Mobile Safari/537.36",a1dee349-458b-4d88-8246-e8dc01244f9d,8,759,424,eng,10.0,10.0,2025-06-13 12:13:53 (Central Daylight Time),51397,compatible,left,TestingProc,True,left,left,711.0,left,blue,0.4000000059604645,invalid,2025-06-13,test,
projectseed-simon-production,SimonTask-v2.0,7114,2025-06-13 12:13:01 (Central Daylight Time),"Mozilla/5.0 (Linux; Android 6.0; Nexus 5 Build/MRA58N) AppleWebKit/537.36 (KHTML, like Gecko) Chrome/137.0.0.0 Mobile Safari/537.36",a1dee349-458b-4d88-8246-e8dc01244f9d,8,759,424,eng,11.0,11.0,2025-06-13 12:13:55 (Central Daylight Time),53467,compatible,left,TestingProc,True,left,left,765.0,left,blue,0.4000000059604645,invalid,2025-06-13,test,
projectseed-simon-production,SimonTask-v2.0,7114,2025-06-13 12:13:01 (Central Daylight Time),"Mozilla/5.0 (Linux; Android 6.0; Nexus 5 Build/MRA58N) AppleWebKit/537.36 (KHTML, like Gecko) Chrome/137.0.0.0 Mobile Safari/537.36",a1dee349-458b-4d88-8246-e8dc01244f9d,8,759,424,eng,12.0,12.0,2025-06-13 12:13:57 (Central Daylight Time),55622,incompatible,left,TestingProc,True,left,left,849.0,right,blue,0.29999998211860657,invalid,2025-06-13,test,
projectseed-simon-production,SimonTask-v2.0,7114,2025-06-13 12:13:01 (Central Daylight Time),"Mozilla/5.0 (Linux; Android 6.0; Nexus 5 Build/MRA58N) AppleWebKit/537.36 (KHTML, like Gecko) Chrome/137.0.0.0 Mobile Safari/537.36",a1dee349-458b-4d88-8246-e8dc01244f9d,8,759,424,eng,13.0,13.0,2025-06-13 12:13:59 (Central Daylight Time),57788,incompatible,right,TestingProc,True,right,right,863.0,left,red,0.3999999761581421,invalid,2025-06-13,test,
projectseed-simon-production,SimonTask-v2.0,7114,2025-06-13 12:13:01 (Central Daylight Time),"Mozilla/5.0 (Linux; Android 6.0; Nexus 5 Build/MRA58N) AppleWebKit/537.36 (KHTML, like Gecko) Chrome/137.0.0.0 Mobile Safari/537.36",a1dee349-458b-4d88-8246-e8dc01244f9d,8,759,424,eng,14.0,14.0,2025-06-13 12:14:01 (Central Daylight Time),59892,incompatible,right,TestingProc,True,right,right,799.0,left,red,0.4000000059604645,invalid,2025-06-13,test,
projectseed-simon-production,SimonTask-v2.0,7114,2025-06-13 12:13:01 (Central Daylight Time),"Mozilla/5.0 (Linux; Android 6.0; Nexus 5 Build/MRA58N) AppleWebKit/537.36 (KHTML, like Gecko) Chrome/137.0.0.0 Mobile Safari/537.36",a1dee349-458b-4d88-8246-e8dc01244f9d,8,759,424,eng,15.0,15.0,2025-06-13 12:14:03 (Central Daylight Time),62155,compatible,right,TestingProc,True,right,right,956.0,right,red,0.19999998807907104,invalid,2025-06-13,test,
projectseed-simon-production,SimonTask-v2.0,7114,2025-06-13 12:13:01 (Central Daylight Time),"Mozilla/5.0 (Linux; Android 6.0; Nexus 5 Build/MRA58N) AppleWebKit/537.36 (KHTML, like Gecko) Chrome/137.0.0.0 Mobile Safari/537.36",a1dee349-458b-4d88-8246-e8dc01244f9d,8,759,424,eng,16.0,16.0,2025-06-13 12:14:05 (Central Daylight Time),64263,compatible,left,TestingProc,True,left,left,803.0,left,blue,0.30000001192092896,invalid,2025-06-13,test,
projectseed-simon-production,SimonTask-v2.0,7114,2025-06-13 12:13:01 (Central Daylight Time),"Mozilla/5.0 (Linux; Android 6.0; Nexus 5 Build/MRA58N) AppleWebKit/537.36 (KHTML, like Gecko) Chrome/137.0.0.0 Mobile Safari/537.36",a1dee349-458b-4d88-8246-e8dc01244f9d,8,759,424,eng,17.0,17.0,2025-06-13 12:14:08 (Central Daylight Time),66455,incompatible,right,TestingProc,True,right,right,886.0,left,red,0.29999998211860657,invalid,2025-06-13,test,
projectseed-simon-production,SimonTask-v2.0,7114,2025-06-13 12:13:01 (Central Daylight Time),"Mozilla/5.0 (Linux; Android 6.0; Nexus 5 Build/MRA58N) AppleWebKit/537.36 (KHTML, like Gecko) Chrome/137.0.0.0 Mobile Safari/537.36",a1dee349-458b-4d88-8246-e8dc01244f9d,8,759,424,eng,18.0,18.0,2025-06-13 12:14:10 (Central Daylight Time),68584,compatible,right,TestingProc,True,right,right,823.0,right,red,0.30000001192092896,invalid,2025-06-13,test,
projectseed-simon-production,SimonTask-v2.0,7114,2025-06-13 12:13:01 (Central Daylight Time),"Mozilla/5.0 (Linux; Android 6.0; Nexus 5 Build/MRA58N) AppleWebKit/537.36 (KHTML, like Gecko) Chrome/137.0.0.0 Mobile Safari/537.36",a1dee349-458b-4d88-8246-e8dc01244f9d,8,759,424,eng,19.0,19.0,2025-06-13 12:14:12 (Central Daylight Time),70638,incompatible,left,TestingProc,True,left,left,749.0,right,blue,0.30000001192092896,invalid,2025-06-13,test,
projectseed-simon-production,SimonTask-v2.0,7114,2025-06-13 12:13:01 (Central Daylight Time),"Mozilla/5.0 (Linux; Android 6.0; Nexus 5 Build/MRA58N) AppleWebKit/537.36 (KHTML, like Gecko) Chrome/137.0.0.0 Mobile Safari/537.36",a1dee349-458b-4d88-8246-e8dc01244f9d,8,759,424,eng,20.0,20.0,2025-06-13 12:14:14 (Central Daylight Time),72805,incompatible,right,TestingProc,True,right,right,862.0,left,red,0.30000001192092896,invalid,2025-06-13,test,
projectseed-simon-production,SimonTask-v2.0,7114,2025-06-13 12:13:01 (Central Daylight Time),"Mozilla/5.0 (Linux; Android 6.0; Nexus 5 Build/MRA58N) AppleWebKit/537.36 (KHTML, like Gecko) Chrome/137.0.0.0 Mobile Safari/537.36",a1dee349-458b-4d88-8246-e8dc01244f9d,8,759,424,eng,21.0,21.0,2025-06-13 12:14:16 (Central Daylight Time),75044,compatible,right,TestingProc,True,right,right,933.0,right,red,0.4000000059604645,invalid,2025-06-13,test,
projectseed-simon-production,SimonTask-v2.0,7114,2025-06-13 12:13:01 (Central Daylight Time),"Mozilla/5.0 (Linux; Android 6.0; Nexus 5 Build/MRA58N) AppleWebKit/537.36 (KHTML, like Gecko) Chrome/137.0.0.0 Mobile Safari/537.36",a1dee349-458b-4d88-8246-e8dc01244f9d,8,759,424,eng,22.0,22.0,2025-06-13 12:14:19 (Central Daylight Time),77430,incompatible,right,TestingProc,False,right,none,-999.0,left,red,0.29999998211860657,invalid,2025-06-13,test,
projectseed-simon-production,SimonTask-v2.0,7114,2025-06-13 12:13:01 (Central Daylight Time),"Mozilla/5.0 (Linux; Android 6.0; Nexus 5 Build/MRA58N) AppleWebKit/537.36 (KHTML, like Gecko) Chrome/137.0.0.0 Mobile Safari/537.36",a1dee349-458b-4d88-8246-e8dc01244f9d,8,759,424,eng,23.0,23.0,2025-06-13 12:14:22 (Central Daylight Time),81226,incompatible,left,TestingProc,True,left,left,849.0,right,blue,0.30000001192092896,invalid,2025-06-13,test,
projectseed-simon-production,SimonTask-v2.0,7114,2025-06-13 12:13:01 (Central Daylight Time),"Mozilla/5.0 (Linux; Android 6.0; Nexus 5 Build/MRA58N) AppleWebKit/537.36 (KHTML, like Gecko) Chrome/137.0.0.0 Mobile Safari/537.36",a1dee349-458b-4d88-8246-e8dc01244f9d,8,759,424,eng,24.0,24.0,2025-06-13 12:14:24 (Central Daylight Time),83317,compatible,left,TestingProc,True,left,left,785.0,left,blue,0.30000001192092896,invalid,2025-06-13,test,
projectseed-simon-production,SimonTask-v2.0,7114,2025-06-13 12:13:01 (Central Daylight Time),"Mozilla/5.0 (Linux; Android 6.0; Nexus 5 Build/MRA58N) AppleWebKit/537.36 (KHTML, like Gecko) Chrome/137.0.0.0 Mobile Safari/537.36",a1dee349-458b-4d88-8246-e8dc01244f9d,8,759,424,eng,25.0,25.0,2025-06-13 12:14:27 (Central Daylight Time),85324,compatible,left,TestingProc,True,left,left,702.0,left,blue,0.4000000059604645,invalid,2025-06-13,test,
projectseed-simon-production,SimonTask-v2.0,7114,2025-06-13 12:13:01 (Central Daylight Time),"Mozilla/5.0 (Linux; Android 6.0; Nexus 5 Build/MRA58N) AppleWebKit/537.36 (KHTML, like Gecko) Chrome/137.0.0.0 Mobile Safari/537.36",a1dee349-458b-4d88-8246-e8dc01244f9d,8,759,424,eng,26.0,26.0,2025-06-13 12:14:29 (Central Daylight Time),87632,compatible,left,TestingProc,False,left,none,-999.0,left,blue,0.30000001192092896,invalid,2025-06-13,test,
projectseed-simon-production,SimonTask-v2.0,7114,2025-06-13 12:13:01 (Central Daylight Time),"Mozilla/5.0 (Linux; Android 6.0; Nexus 5 Build/MRA58N) AppleWebKit/537.36 (KHTML, like Gecko) Chrome/137.0.0.0 Mobile Safari/537.36",a1dee349-458b-4d88-8246-e8dc01244f9d,8,759,424,eng,27.0,27.0,2025-06-13 12:14:32 (Central Daylight Time),91113,compatible,left,TestingProc,True,left,left,661.0,left,blue,0.4000000059604645,invalid,2025-06-13,test,
projectseed-simon-production,SimonTask-v2.0,7114,2025-06-13 12:13:01 (Central Daylight Time),"Mozilla/5.0 (Linux; Android 6.0; Nexus 5 Build/MRA58N) AppleWebKit/537.36 (KHTML, like Gecko) Chrome/137.0.0.0 Mobile Safari/537.36",a1dee349-458b-4d88-8246-e8dc01244f9d,8,759,424,eng,28.0,28.0,2025-06-13 12:14:35 (Central Daylight Time),93420,incompatible,right,TestingProc,False,right,none,-999.0,left,red,0.4000000059604645,invalid,2025-06-13,test,
projectseed-simon-production,SimonTask-v2.0,7114,2025-06-13 12:13:01 (Central Daylight Time),"Mozilla/5.0 (Linux; Android 6.0; Nexus 5 Build/MRA58N) AppleWebKit/537.36 (KHTML, like Gecko) Chrome/137.0.0.0 Mobile Safari/537.36",a1dee349-458b-4d88-8246-e8dc01244f9d,8,759,424,eng,29.0,29.0,2025-06-13 12:14:38 (Central Daylight Time),96642,incompatible,right,TestingProc,True,right,right,732.0,left,red,0.4000000059604645,invalid,2025-06-13,test,
projectseed-simon-production,SimonTask-v2.0,7114,2025-06-13 12:13:01 (Central Daylight Time),"Mozilla/5.0 (Linux; Android 6.0; Nexus 5 Build/MRA58N) AppleWebKit/537.36 (KHTML, like Gecko) Chrome/137.0.0.0 Mobile Safari/537.36",a1dee349-458b-4d88-8246-e8dc01244f9d,8,759,424,eng,30.0,30.0,2025-06-13 12:14:40 (Central Daylight Time),98646,incompatible,right,TestingProc,True,right,right,698.0,left,red,0.4000000059604645,invalid,2025-06-13,test,
projectseed-simon-production,SimonTask-v2.0,7114,2025-06-13 12:13:01 (Central Daylight Time),"Mozilla/5.0 (Linux; Android 6.0; Nexus 5 Build/MRA58N) AppleWebKit/537.36 (KHTML, like Gecko) Chrome/137.0.0.0 Mobile Safari/537.36",a1dee349-458b-4d88-8246-e8dc01244f9d,8,759,424,eng,31.0,31.0,2025-06-13 12:14:42 (Central Daylight Time),100488,compatible,right,TestingProc,True,right,right,537.0,right,red,0.30000001192092896,invalid,2025-06-13,test,
projectseed-simon-production,SimonTask-v2.0,7114,2025-06-13 12:13:01 (Central Daylight Time),"Mozilla/5.0 (Linux; Android 6.0; Nexus 5 Build/MRA58N) AppleWebKit/537.36 (KHTML, like Gecko) Chrome/137.0.0.0 Mobile Safari/537.36",a1dee349-458b-4d88-8246-e8dc01244f9d,8,759,424,eng,32.0,32.0,2025-06-13 12:14:44 (Central Daylight Time),102496,compatible,left,TestingProc,True,left,left,702.0,left,blue,0.4000000059604645,invalid,2025-06-13,test,
projectseed-simon-production,SimonTask-v2.0,011,2025-06-09 16:35:50 (Central Daylight Time),"Mozilla/5.0 (iPhone; CPU iPhone OS 18_5 like Mac OS X) AppleWebKit/605.1.15 (KHTML, like Gecko) Version/18.5 Mobile/15E148 Safari/604.1",9a3fc449-3672-4a36-bc40-b79d929707dd,0,896,414,eng,-999.0,1.0,2025-06-09 16:36:03 (Central Daylight Time),13115,compatible,left,TrainingList,False,left,none,-999.0,left,blue,2.0,invalid,2025-06-09,training,
projectseed-simon-production,SimonTask-v2.0,011,2025-06-09 16:35:50 (Central Daylight Time),"Mozilla/5.0 (iPhone; CPU iPhone OS 18_5 like Mac OS X) AppleWebKit/605.1.15 (KHTML, like Gecko) Version/18.5 Mobile/15E148 Safari/604.1",9a3fc449-3672-4a36-bc40-b79d929707dd,0,896,414,eng,-999.0,2.0,2025-06-09 16:36:07 (Central Daylight Time),17086,incompatible,right,TrainingList,True,right,right,904.0,left,red,1.0,invalid,2025-06-09,training,
projectseed-simon-production,SimonTask-v2.0,011,2025-06-09 16:35:50 (Central Daylight Time),"Mozilla/5.0 (iPhone; CPU iPhone OS 18_5 like Mac OS X) AppleWebKit/605.1.15 (KHTML, like Gecko) Version/18.5 Mobile/15E148 Safari/604.1",9a3fc449-3672-4a36-bc40-b79d929707dd,0,896,414,eng,-999.0,3.0,2025-06-09 16:36:10 (Central Daylight Time),20356,compatible,left,TrainingList,True,left,left,745.0,left,blue,0.999999999996362,invalid,2025-06-09,training,
projectseed-simon-production,SimonTask-v2.0,011,2025-06-09 16:35:50 (Central Daylight Time),"Mozilla/5.0 (iPhone; CPU iPhone OS 18_5 like Mac OS X) AppleWebKit/605.1.15 (KHTML, like Gecko) Version/18.5 Mobile/15E148 Safari/604.1",9a3fc449-3672-4a36-bc40-b79d929707dd,0,896,414,eng,-999.0,4.0,2025-06-09 16:36:18 (Central Daylight Time),27820,compatible,left,TrainingList,True,left,left,590.0,left,blue,1.0,invalid,2025-06-09,training,
projectseed-simon-production,SimonTask-v2.0,011,2025-06-09 16:35:50 (Central Daylight Time),"Mozilla/5.0 (iPhone; CPU iPhone OS 18_5 like Mac OS X) AppleWebKit/605.1.15 (KHTML, like Gecko) Version/18.5 Mobile/15E148 Safari/604.1",9a3fc449-3672-4a36-bc40-b79d929707dd,0,896,414,eng,-999.0,5.0,2025-06-09 16:36:20 (Central Daylight Time),30653,compatible,left,TrainingList,True,left,left,576.0,left,blue,1.000000000003638,invalid,2025-06-09,training,
projectseed-simon-production,SimonTask-v2.0,011,2025-06-09 19:39:55 (Central Daylight Time),"Mozilla/5.0 (Linux; Android 6.0; Nexus 5 Build/MRA58N) AppleWebKit/537.36 (KHTML, like Gecko) Chrome/137.0.0.0 Mobile Safari/537.36",d0bf2a8f-5c08-462e-af19-d95a71e29d9b,0,826,391,eng,-999.0,1.0,2025-06-09 19:39:59 (Central Daylight Time),4544,compatible,left,TrainingList,True,left,left,692.0,left,blue,0.3999999761581421,invalid,2025-06-10,training,
projectseed-simon-production,SimonTask-v2.0,011,2025-06-09 19:39:55 (Central Daylight Time),"Mozilla/5.0 (Linux; Android 6.0; Nexus 5 Build/MRA58N) AppleWebKit/537.36 (KHTML, like Gecko) Chrome/137.0.0.0 Mobile Safari/537.36",d0bf2a8f-5c08-462e-af19-d95a71e29d9b,0,826,391,eng,-999.0,2.0,2025-06-09 19:40:02 (Central Daylight Time),7645,compatible,left,TrainingList,True,left,left,646.0,left,blue,0.2999999523162842,invalid,2025-06-10,training,
projectseed-simon-production,SimonTask-v2.0,011,2025-06-09 19:39:55 (Central Daylight Time),"Mozilla/5.0 (Linux; Android 6.0; Nexus 5 Build/MRA58N) AppleWebKit/537.36 (KHTML, like Gecko) Chrome/137.0.0.0 Mobile Safari/537.36",d0bf2a8f-5c08-462e-af19-d95a71e29d9b,0,826,391,eng,-999.0,3.0,2025-06-09 19:40:05 (Central Daylight Time),10531,compatible,right,TrainingList,True,right,right,663.0,right,red,0.20000004768371582,invalid,2025-06-10,training,
projectseed-simon-production,SimonTask-v2.0,011,2025-06-09 19:39:55 (Central Daylight Time),"Mozilla/5.0 (Linux; Android 6.0; Nexus 5 Build/MRA58N) AppleWebKit/537.36 (KHTML, like Gecko) Chrome/137.0.0.0 Mobile Safari/537.36",d0bf2a8f-5c08-462e-af19-d95a71e29d9b,0,826,391,eng,-999.0,4.0,2025-06-09 19:40:08 (Central Daylight Time),13713,compatible,right,TrainingList,True,right,right,591.0,right,red,0.2999999523162842,invalid,2025-06-10,training,
projectseed-simon-production,SimonTask-v2.0,0011,2025-05-19 15:59:16 (Central Daylight Time),"Mozilla/5.0 (iPhone; CPU iPhone OS 16_6 like Mac OS X) AppleWebKit/605.1.15 (KHTML, like Gecko) Version/16.6 Mobile/15E148 Safari/604.1",0866ea63-e6e4-41e9-bcf5-8996f730699a,0,932,430,eng,-999.0,1.0,2025-05-19 15:59:21 (Central Daylight Time),5459,incompatible,left,TrainingList,False,left,none,-999.0,right,blue,0.7000000476837158,invalid,2025-05-19,training,
projectseed-simon-production,SimonTask-v2.0,0011,2025-05-19 15:59:16 (Central Daylight Time),"Mozilla/5.0 (iPhone; CPU iPhone OS 16_6 like Mac OS X) AppleWebKit/605.1.15 (KHTML, like Gecko) Version/16.6 Mobile/15E148 Safari/604.1",0866ea63-e6e4-41e9-bcf5-8996f730699a,0,932,430,eng,-999.0,2.0,2025-05-19 15:59:25 (Central Daylight Time),9035,compatible,right,TrainingList,True,right,right,606.0,right,red,0.40000003576278687,invalid,2025-05-19,training,
projectseed-simon-production,SimonTask-v2.0,0011,2025-05-19 15:59:16 (Central Daylight Time),"Mozilla/5.0 (iPhone; CPU iPhone OS 16_6 like Mac OS X) AppleWebKit/605.1.15 (KHTML, like Gecko) Version/16.6 Mobile/15E148 Safari/604.1",0866ea63-e6e4-41e9-bcf5-8996f730699a,0,932,430,eng,-999.0,3.0,2025-05-19 15:59:28 (Central Daylight Time),12408,compatible,right,TrainingList,True,right,right,838.0,right,red,0.3999999761581421,invalid,2025-05-19,training,
projectseed-simon-production,SimonTask-v2.0,0011,2025-05-19 15:59:16 (Central Daylight Time),"Mozilla/5.0 (iPhone; CPU iPhone OS 16_6 like Mac OS X) AppleWebKit/605.1.15 (KHTML, like Gecko) Version/16.6 Mobile/15E148 Safari/604.1",0866ea63-e6e4-41e9-bcf5-8996f730699a,0,932,430,eng,-999.0,4.0,2025-05-19 15:59:31 (Central Daylight Time),15863,incompatible,right,TrainingList,True,right,right,878.0,left,red,0.7000000476837158,invalid,2025-05-19,training,
projectseed-simon-production,SimonTask-v2.0,0011,2025-05-19 15:59:16 (Central Daylight Time),"Mozilla/5.0 (iPhone; CPU iPhone OS 16_6 like Mac OS X) AppleWebKit/605.1.15 (KHTML, like Gecko) Version/16.6 Mobile/15E148 Safari/604.1",0866ea63-e6e4-41e9-bcf5-8996f730699a,0,932,430,eng,-999.0,5.0,2025-05-19 15:59:35 (Central Daylight Time),19356,incompatible,right,TrainingList,False,right,none,-999.0,left,red,0.5999999642372131,invalid,2025-05-19,training,
projectseed-simon-production,SimonTask-v2.0,0011,2025-05-19 15:59:16 (Central Daylight Time),"Mozilla/5.0 (iPhone; CPU iPhone OS 16_6 like Mac OS X) AppleWebKit/605.1.15 (KHTML, like Gecko) Version/16.6 Mobile/15E148 Safari/604.1",0866ea63-e6e4-41e9-bcf5-8996f730699a,0,932,430,eng,-999.0,6.0,2025-05-19 15:59:39 (Central Daylight Time),23698,compatible,left,TrainingList,True,left,left,913.0,left,blue,0.40000003576278687,invalid,2025-05-19,training,
projectseed-simon-production,SimonTask-v2.0,0011,2025-05-19 15:59:16 (Central Daylight Time),"Mozilla/5.0 (iPhone; CPU iPhone OS 16_6 like Mac OS X) AppleWebKit/605.1.15 (KHTML, like Gecko) Version/16.6 Mobile/15E148 Safari/604.1",0866ea63-e6e4-41e9-bcf5-8996f730699a,0,932,430,eng,-999.0,7.0,2025-05-19 15:59:43 (Central Daylight Time),27002,compatible,left,TrainingList,True,left,left,829.0,left,blue,0.30000001192092896,invalid,2025-05-19,training,
projectseed-simon-production,SimonTask-v2.0,0011,2025-05-19 15:59:16 (Central Daylight Time),"Mozilla/5.0 (iPhone; CPU iPhone OS 16_6 like Mac OS X) AppleWebKit/605.1.15 (KHTML, like Gecko) Version/16.6 Mobile/15E148 Safari/604.1",0866ea63-e6e4-41e9-bcf5-8996f730699a,0,932,430,eng,-999.0,8.0,2025-05-19 15:59:46 (Central Daylight Time),30193,compatible,left,TrainingList,True,left,left,705.0,left,blue,0.30000001192092896,invalid,2025-05-19,training,
projectseed-simon-production,SimonTask-v2.0,0011,2025-05-19 15:59:16 (Central Daylight Time),"Mozilla/5.0 (iPhone; CPU iPhone OS 16_6 like Mac OS X) AppleWebKit/605.1.15 (KHTML, like Gecko) Version/16.6 Mobile/15E148 Safari/604.1",0866ea63-e6e4-41e9-bcf5-8996f730699a,0,932,430,eng,-999.0,9.0,2025-05-19 15:59:49 (Central Daylight Time),33519,incompatible,right,TrainingList,True,right,right,830.0,left,red,0.5,invalid,2025-05-19,training,
projectseed-simon-production,SimonTask-v2.0,0011,2025-05-19 15:59:16 (Central Daylight Time),"Mozilla/5.0 (iPhone; CPU iPhone OS 16_6 like Mac OS X) AppleWebKit/605.1.15 (KHTML, like Gecko) Version/16.6 Mobile/15E148 Safari/604.1",0866ea63-e6e4-41e9-bcf5-8996f730699a,0,932,430,eng,-999.0,10.0,2025-05-19 15:59:52 (Central Daylight Time),36709,compatible,right,TrainingList,True,right,right,791.0,right,red,0.5,invalid,2025-05-19,training,
projectseed-simon-production,SimonTask-v2.0,012,2025-06-09 16:55:22 (Central Daylight Time),"Mozilla/5.0 (Linux; Android 6.0; Nexus 5 Build/MRA58N) AppleWebKit/537.36 (KHTML, like Gecko) Chrome/137.0.0.0 Mobile Safari/537.36",d4e88998-2f24-47d8-9a37-dad057883452,8,697,391,eng,-999.0,1.0,2025-06-09 16:55:28 (Central Daylight Time),6089,compatible,left,TrainingList,True,left,left,883.0,left,blue,0.5,invalid,2025-06-09,training,
projectseed-simon-production,SimonTask-v2.0,012,2025-06-09 16:55:22 (Central Daylight Time),"Mozilla/5.0 (Linux; Android 6.0; Nexus 5 Build/MRA58N) AppleWebKit/537.36 (KHTML, like Gecko) Chrome/137.0.0.0 Mobile Safari/537.36",d4e88998-2f24-47d8-9a37-dad057883452,8,697,391,eng,-999.0,2.0,2025-06-09 16:55:32 (Central Daylight Time),9722,compatible,left,TrainingList,True,left,left,760.0,left,blue,0.2999999523162842,invalid,2025-06-09,training,
projectseed-simon-production,SimonTask-v2.0,012,2025-06-09 16:55:22 (Central Daylight Time),"Mozilla/5.0 (Linux; Android 6.0; Nexus 5 Build/MRA58N) AppleWebKit/537.36 (KHTML, like Gecko) Chrome/137.0.0.0 Mobile Safari/537.36",d4e88998-2f24-47d8-9a37-dad057883452,8,697,391,eng,-999.0,3.0,2025-06-09 16:55:35 (Central Daylight Time),13141,compatible,right,TrainingList,True,right,right,661.0,right,red,0.2999999523162842,invalid,2025-06-09,training,
projectseed-simon-production,SimonTask-v2.0,012,2025-06-09 16:55:22 (Central Daylight Time),"Mozilla/5.0 (Linux; Android 6.0; Nexus 5 Build/MRA58N) AppleWebKit/537.36 (KHTML, like Gecko) Chrome/137.0.0.0 Mobile Safari/537.36",d4e88998-2f24-47d8-9a37-dad057883452,8,697,391,eng,-999.0,4.0,2025-06-09 16:55:39 (Central Daylight Time),16425,compatible,right,TrainingList,True,right,right,945.0,right,red,0.19999992847442627,invalid,2025-06-09,training,
projectseed-simon-production,SimonTask-v2.0,012,2025-06-09 16:55:22 (Central Daylight Time),"Mozilla/5.0 (Linux; Android 6.0; Nexus 5 Build/MRA58N) AppleWebKit/537.36 (KHTML, like Gecko) Chrome/137.0.0.0 Mobile Safari/537.36",d4e88998-2f24-47d8-9a37-dad057883452,8,697,391,eng,1.0,1.0,2025-06-09 16:55:43 (Central Daylight Time),20633,incompatible,left,TestingProc,False,left,none,-999.0,right,blue,0.2999999523162842,invalid,2025-06-09,test,
projectseed-simon-production,SimonTask-v2.0,012,2025-06-09 16:55:22 (Central Daylight Time),"Mozilla/5.0 (Linux; Android 6.0; Nexus 5 Build/MRA58N) AppleWebKit/537.36 (KHTML, like Gecko) Chrome/137.0.0.0 Mobile Safari/537.36",d4e88998-2f24-47d8-9a37-dad057883452,8,697,391,eng,2.0,2.0,2025-06-09 16:55:47 (Central Daylight Time),24347,compatible,right,TestingProc,True,right,right,662.0,right,red,0.2999999523162842,invalid,2025-06-09,test,
projectseed-simon-production,SimonTask-v2.0,012,2025-06-09 16:55:22 (Central Daylight Time),"Mozilla/5.0 (Linux; Android 6.0; Nexus 5 Build/MRA58N) AppleWebKit/537.36 (KHTML, like Gecko) Chrome/137.0.0.0 Mobile Safari/537.36",d4e88998-2f24-47d8-9a37-dad057883452,8,697,391,eng,3.0,3.0,2025-06-09 16:55:48 (Central Daylight Time),26247,compatible,right,TestingProc,True,right,right,594.0,right,red,1.100000023841858,invalid,2025-06-09,test,
projectseed-simon-production,SimonTask-v2.0,012,2025-06-09 16:55:22 (Central Daylight Time),"Mozilla/5.0 (Linux; Android 6.0; Nexus 5 Build/MRA58N) AppleWebKit/537.36 (KHTML, like Gecko) Chrome/137.0.0.0 Mobile Safari/537.36",d4e88998-2f24-47d8-9a37-dad057883452,8,697,391,eng,4.0,4.0,2025-06-09 16:55:51 (Central Daylight Time),28364,incompatible,left,TestingProc,True,left,left,811.0,right,blue,1.100000023841858,invalid,2025-06-09,test,
projectseed-simon-production,SimonTask-v2.0,012,2025-06-09 16:55:22 (Central Daylight Time),"Mozilla/5.0 (Linux; Android 6.0; Nexus 5 Build/MRA58N) AppleWebKit/537.36 (KHTML, like Gecko) Chrome/137.0.0.0 Mobile Safari/537.36",d4e88998-2f24-47d8-9a37-dad057883452,8,697,391,eng,5.0,5.0,2025-06-09 16:55:53 (Central Daylight Time),30674,incompatible,left,TestingProc,False,left,none,-999.0,right,blue,0.40000009536743164,invalid,2025-06-09,test,
projectseed-simon-production,SimonTask-v2.0,012,2025-06-09 16:55:22 (Central Daylight Time),"Mozilla/5.0 (Linux; Android 6.0; Nexus 5 Build/MRA58N) AppleWebKit/537.36 (KHTML, like Gecko) Chrome/137.0.0.0 Mobile Safari/537.36",d4e88998-2f24-47d8-9a37-dad057883452,8,697,391,eng,6.0,6.0,2025-06-09 16:55:56 (Central Daylight Time),34066,compatible,right,TestingProc,True,right,right,746.0,right,red,0.20000004768371582,invalid,2025-06-09,test,
projectseed-simon-production,SimonTask-v2.0,012,2025-06-09 16:55:22 (Central Daylight Time),"Mozilla/5.0 (Linux; Android 6.0; Nexus 5 Build/MRA58N) AppleWebKit/537.36 (KHTML, like Gecko) Chrome/137.0.0.0 Mobile Safari/537.36",d4e88998-2f24-47d8-9a37-dad057883452,8,697,391,eng,7.0,7.0,2025-06-09 16:55:58 (Central Daylight Time),35917,compatible,left,TestingProc,True,left,left,545.0,left,blue,0.5,invalid,2025-06-09,test,
projectseed-simon-production,SimonTask-v2.0,012,2025-06-09 16:55:22 (Central Daylight Time),"Mozilla/5.0 (Linux; Android 6.0; Nexus 5 Build/MRA58N) AppleWebKit/537.36 (KHTML, like Gecko) Chrome/137.0.0.0 Mobile Safari/537.36",d4e88998-2f24-47d8-9a37-dad057883452,8,697,391,eng,8.0,8.0,2025-06-09 16:56:00 (Central Daylight Time),37869,compatible,right,TestingProc,True,right,right,645.0,right,red,0.6000000238418579,invalid,2025-06-09,test,
projectseed-simon-production,SimonTask-v2.0,012,2025-06-09 16:55:22 (Central Daylight Time),"Mozilla/5.0 (Linux; Android 6.0; Nexus 5 Build/MRA58N) AppleWebKit/537.36 (KHTML, like Gecko) Chrome/137.0.0.0 Mobile Safari/537.36",d4e88998-2f24-47d8-9a37-dad057883452,8,697,391,eng,9.0,9.0,2025-06-09 16:56:02 (Central Daylight Time),40021,incompatible,left,TestingProc,True,left,left,845.0,right,blue,0.8999999761581421,invalid,2025-06-09,test,
projectseed-simon-production,SimonTask-v2.0,012,2025-06-09 16:55:22 (Central Daylight Time),"Mozilla/5.0 (Linux; Android 6.0; Nexus 5 Build/MRA58N) AppleWebKit/537.36 (KHTML, like Gecko) Chrome/137.0.0.0 Mobile Safari/537.36",d4e88998-2f24-47d8-9a37-dad057883452,8,697,391,eng,10.0,10.0,2025-06-09 16:56:04 (Central Daylight Time),42237,incompatible,right,TestingProc,True,right,right,910.0,left,red,1.100000023841858,invalid,2025-06-09,test,
projectseed-simon-production,SimonTask-v2.0,012,2025-06-09 16:55:22 (Central Daylight Time),"Mozilla/5.0 (Linux; Android 6.0; Nexus 5 Build/MRA58N) AppleWebKit/537.36 (KHTML, like Gecko) Chrome/137.0.0.0 Mobile Safari/537.36",d4e88998-2f24-47d8-9a37-dad057883452,8,697,391,eng,11.0,11.0,2025-06-09 16:56:06 (Central Daylight Time),44072,compatible,right,TestingProc,True,right,right,530.0,right,red,0.19999992847442627,invalid,2025-06-09,test,
projectseed-simon-production,SimonTask-v2.0,012,2025-06-09 16:55:22 (Central Daylight Time),"Mozilla/5.0 (Linux; Android 6.0; Nexus 5 Build/MRA58N) AppleWebKit/537.36 (KHTML, like Gecko) Chrome/137.0.0.0 Mobile Safari/537.36",d4e88998-2f24-47d8-9a37-dad057883452,8,697,391,eng,12.0,12.0,2025-06-09 16:56:08 (Central Daylight Time),45880,compatible,right,TestingProc,True,right,right,500.0,right,red,1.100000023841858,invalid,2025-06-09,test,
projectseed-simon-production,SimonTask-v2.0,012,2025-06-09 16:55:22 (Central Daylight Time),"Mozilla/5.0 (Linux; Android 6.0; Nexus 5 Build/MRA58N) AppleWebKit/537.36 (KHTML, like Gecko) Chrome/137.0.0.0 Mobile Safari/537.36",d4e88998-2f24-47d8-9a37-dad057883452,8,697,391,eng,13.0,13.0,2025-06-09 16:56:10 (Central Daylight Time),48189,incompatible,right,TestingProc,False,right,none,-999.0,left,red,0.3999999761581421,invalid,2025-06-09,test,
projectseed-simon-production,SimonTask-v2.0,012,2025-06-09 16:55:22 (Central Daylight Time),"Mozilla/5.0 (Linux; Android 6.0; Nexus 5 Build/MRA58N) AppleWebKit/537.36 (KHTML, like Gecko) Chrome/137.0.0.0 Mobile Safari/537.36",d4e88998-2f24-47d8-9a37-dad057883452,8,697,391,eng,14.0,14.0,2025-06-09 16:56:14 (Central Daylight Time),51729,compatible,right,TestingProc,True,right,right,728.0,right,red,1.2000000476837158,invalid,2025-06-09,test,
projectseed-simon-production,SimonTask-v2.0,012,2025-06-09 16:55:22 (Central Daylight Time),"Mozilla/5.0 (Linux; Android 6.0; Nexus 5 Build/MRA58N) AppleWebKit/537.36 (KHTML, like Gecko) Chrome/137.0.0.0 Mobile Safari/537.36",d4e88998-2f24-47d8-9a37-dad057883452,8,697,391,eng,15.0,15.0,2025-06-09 16:56:16 (Central Daylight Time),53429,incompatible,left,TestingProc,False,left,right,391.0,right,blue,1.0,invalid,2025-06-09,test,
projectseed-simon-production,SimonTask-v2.0,012,2025-06-09 16:55:22 (Central Daylight Time),"Mozilla/5.0 (Linux; Android 6.0; Nexus 5 Build/MRA58N) AppleWebKit/537.36 (KHTML, like Gecko) Chrome/137.0.0.0 Mobile Safari/537.36",d4e88998-2f24-47d8-9a37-dad057883452,8,697,391,eng,16.0,16.0,2025-06-09 16:56:18 (Central Daylight Time),55736,incompatible,right,TestingProc,False,right,none,-999.0,left,red,0.6000000238418579,invalid,2025-06-09,test,
projectseed-simon-production,SimonTask-v2.0,012,2025-06-09 16:55:22 (Central Daylight Time),"Mozilla/5.0 (Linux; Android 6.0; Nexus 5 Build/MRA58N) AppleWebKit/537.36 (KHTML, like Gecko) Chrome/137.0.0.0 Mobile Safari/537.36",d4e88998-2f24-47d8-9a37-dad057883452,8,697,391,eng,17.0,17.0,2025-06-09 16:56:21 (Central Daylight Time),58946,compatible,right,TestingProc,True,right,right,595.0,right,red,0.5,invalid,2025-06-09,test,
projectseed-simon-production,SimonTask-v2.0,012,2025-06-09 16:55:22 (Central Daylight Time),"Mozilla/5.0 (Linux; Android 6.0; Nexus 5 Build/MRA58N) AppleWebKit/537.36 (KHTML, like Gecko) Chrome/137.0.0.0 Mobile Safari/537.36",d4e88998-2f24-47d8-9a37-dad057883452,8,697,391,eng,18.0,18.0,2025-06-09 16:56:23 (Central Daylight Time),61079,incompatible,right,TestingProc,True,right,right,827.0,left,red,1.1999999284744263,invalid,2025-06-09,test,
projectseed-simon-production,SimonTask-v2.0,012,2025-06-09 16:55:22 (Central Daylight Time),"Mozilla/5.0 (Linux; Android 6.0; Nexus 5 Build/MRA58N) AppleWebKit/537.36 (KHTML, like Gecko) Chrome/137.0.0.0 Mobile Safari/537.36",d4e88998-2f24-47d8-9a37-dad057883452,8,697,391,eng,19.0,19.0,2025-06-09 16:56:25 (Central Daylight Time),63213,compatible,left,TestingProc,True,left,left,828.0,left,blue,0.5,invalid,2025-06-09,test,
projectseed-simon-production,SimonTask-v2.0,012,2025-06-09 16:55:22 (Central Daylight Time),"Mozilla/5.0 (Linux; Android 6.0; Nexus 5 Build/MRA58N) AppleWebKit/537.36 (KHTML, like Gecko) Chrome/137.0.0.0 Mobile Safari/537.36",d4e88998-2f24-47d8-9a37-dad057883452,8,697,391,eng,20.0,20.0,2025-06-09 16:56:27 (Central Daylight Time),65116,compatible,right,TestingProc,True,right,right,596.0,right,red,0.20000004768371582,invalid,2025-06-09,test,
projectseed-simon-production,SimonTask-v2.0,012,2025-06-09 16:55:22 (Central Daylight Time),"Mozilla/5.0 (Linux; Android 6.0; Nexus 5 Build/MRA58N) AppleWebKit/537.36 (KHTML, like Gecko) Chrome/137.0.0.0 Mobile Safari/537.36",d4e88998-2f24-47d8-9a37-dad057883452,8,697,391,eng,21.0,21.0,2025-06-09 16:56:29 (Central Daylight Time),67236,incompatible,left,TestingProc,True,left,left,813.0,right,blue,1.0,invalid,2025-06-09,test,
projectseed-simon-production,SimonTask-v2.0,012,2025-06-09 16:55:22 (Central Daylight Time),"Mozilla/5.0 (Linux; Android 6.0; Nexus 5 Build/MRA58N) AppleWebKit/537.36 (KHTML, like Gecko) Chrome/137.0.0.0 Mobile Safari/537.36",d4e88998-2f24-47d8-9a37-dad057883452,8,697,391,eng,22.0,22.0,2025-06-09 16:56:32 (Central Daylight Time),69416,incompatible,left,TestingProc,True,left,left,873.0,right,blue,1.0999999046325684,invalid,2025-06-09,test,
projectseed-simon-production,SimonTask-v2.0,012,2025-06-09 16:55:22 (Central Daylight Time),"Mozilla/5.0 (Linux; Android 6.0; Nexus 5 Build/MRA58N) AppleWebKit/537.36 (KHTML, like Gecko) Chrome/137.0.0.0 Mobile Safari/537.36",d4e88998-2f24-47d8-9a37-dad057883452,8,697,391,eng,23.0,23.0,2025-06-09 16:56:34 (Central Daylight Time),71450,incompatible,right,TestingProc,True,right,right,727.0,left,red,1.2000000476837158,invalid,2025-06-09,test,
projectseed-simon-production,SimonTask-v2.0,012,2025-06-09 16:55:22 (Central Daylight Time),"Mozilla/5.0 (Linux; Android 6.0; Nexus 5 Build/MRA58N) AppleWebKit/537.36 (KHTML, like Gecko) Chrome/137.0.0.0 Mobile Safari/537.36",d4e88998-2f24-47d8-9a37-dad057883452,8,697,391,eng,24.0,24.0,2025-06-09 16:56:36 (Central Daylight Time),73552,incompatible,left,TestingProc,True,left,left,795.0,right,blue,0.19999992847442627,invalid,2025-06-09,test,
projectseed-simon-production,SimonTask-v2.0,012,2025-06-09 16:55:22 (Central Daylight Time),"Mozilla/5.0 (Linux; Android 6.0; Nexus 5 Build/MRA58N) AppleWebKit/537.36 (KHTML, like Gecko) Chrome/137.0.0.0 Mobile Safari/537.36",d4e88998-2f24-47d8-9a37-dad057883452,8,697,391,eng,25.0,25.0,2025-06-09 16:56:38 (Central Daylight Time),75640,compatible,left,TestingProc,True,left,left,782.0,left,blue,0.2999999523162842,invalid,2025-06-09,test,
projectseed-simon-production,SimonTask-v2.0,012,2025-06-09 16:55:22 (Central Daylight Time),"Mozilla/5.0 (Linux; Android 6.0; Nexus 5 Build/MRA58N) AppleWebKit/537.36 (KHTML, like Gecko) Chrome/137.0.0.0 Mobile Safari/537.36",d4e88998-2f24-47d8-9a37-dad057883452,8,697,391,eng,26.0,26.0,2025-06-09 16:56:40 (Central Daylight Time),77704,incompatible,left,TestingProc,True,left,left,758.0,right,blue,0.19999992847442627,invalid,2025-06-09,test,
projectseed-simon-production,SimonTask-v2.0,012,2025-06-09 16:55:22 (Central Daylight Time),"Mozilla/5.0 (Linux; Android 6.0; Nexus 5 Build/MRA58N) AppleWebKit/537.36 (KHTML, like Gecko) Chrome/137.0.0.0 Mobile Safari/537.36",d4e88998-2f24-47d8-9a37-dad057883452,8,697,391,eng,27.0,27.0,2025-06-09 16:56:42 (Central Daylight Time),79459,compatible,right,TestingProc,False,right,left,446.0,right,red,1.1999999284744263,invalid,2025-06-09,test,
projectseed-simon-production,SimonTask-v2.0,012,2025-06-09 16:55:22 (Central Daylight Time),"Mozilla/5.0 (Linux; Android 6.0; Nexus 5 Build/MRA58N) AppleWebKit/537.36 (KHTML, like Gecko) Chrome/137.0.0.0 Mobile Safari/537.36",d4e88998-2f24-47d8-9a37-dad057883452,8,697,391,eng,28.0,28.0,2025-06-09 16:56:44 (Central Daylight Time),81455,incompatible,left,TestingProc,True,left,left,688.0,right,blue,0.8999999761581421,invalid,2025-06-09,test,
projectseed-simon-production,SimonTask-v2.0,012,2025-06-09 16:55:22 (Central Daylight Time),"Mozilla/5.0 (Linux; Android 6.0; Nexus 5 Build/MRA58N) AppleWebKit/537.36 (KHTML, like Gecko) Chrome/137.0.0.0 Mobile Safari/537.36",d4e88998-2f24-47d8-9a37-dad057883452,8,697,391,eng,29.0,29.0,2025-06-09 16:56:46 (Central Daylight Time),83490,incompatible,left,TestingProc,True,left,left,728.0,right,blue,0.6000000238418579,invalid,2025-06-09,test,
projectseed-simon-production,SimonTask-v2.0,012,2025-06-09 16:55:22 (Central Daylight Time),"Mozilla/5.0 (Linux; Android 6.0; Nexus 5 Build/MRA58N) AppleWebKit/537.36 (KHTML, like Gecko) Chrome/137.0.0.0 Mobile Safari/537.36",d4e88998-2f24-47d8-9a37-dad057883452,8,697,391,eng,30.0,30.0,2025-06-09 16:56:48 (Central Daylight Time),85799,compatible,right,TestingProc,False,right,none,-999.0,right,red,0.5,invalid,2025-06-09,test,
projectseed-simon-production,SimonTask-v2.0,012,2025-06-09 16:55:22 (Central Daylight Time),"Mozilla/5.0 (Linux; Android 6.0; Nexus 5 Build/MRA58N) AppleWebKit/537.36 (KHTML, like Gecko) Chrome/137.0.0.0 Mobile Safari/537.36",d4e88998-2f24-47d8-9a37-dad057883452,8,697,391,eng,31.0,31.0,2025-06-09 16:56:51 (Central Daylight Time),89058,compatible,right,TestingProc,True,right,right,640.0,right,red,0.5,invalid,2025-06-09,test,
projectseed-simon-production,SimonTask-v2.0,012,2025-06-09 16:55:22 (Central Daylight Time),"Mozilla/5.0 (Linux; Android 6.0; Nexus 5 Build/MRA58N) AppleWebKit/537.36 (KHTML, like Gecko) Chrome/137.0.0.0 Mobile Safari/537.36",d4e88998-2f24-47d8-9a37-dad057883452,8,697,391,eng,32.0,32.0,2025-06-09 16:56:53 (Central Daylight Time),91091,incompatible,right,TestingProc,True,right,right,727.0,left,red,0.6000000238418579,invalid,2025-06-09,test,
projectseed-simon-production,SimonTask-v2.0,012,2025-06-09 19:08:35 (Central Daylight Time),"Mozilla/5.0 (Linux; Android 6.0; Nexus 5 Build/MRA58N) AppleWebKit/537.36 (KHTML, like Gecko) Chrome/137.0.0.0 Mobile Safari/537.36",67691f37-ce5a-4742-b5ac-97668f083939,14,685,391,eng,-999.0,1.0,2025-06-09 19:08:42 (Central Daylight Time),6744,compatible,right,TrainingList,False,right,none,-999.0,right,red,0.40000009536743164,invalid,2025-06-10,training,
projectseed-simon-production,SimonTask-v2.0,012,2025-06-09 19:08:35 (Central Daylight Time),"Mozilla/5.0 (Linux; Android 6.0; Nexus 5 Build/MRA58N) AppleWebKit/537.36 (KHTML, like Gecko) Chrome/137.0.0.0 Mobile Safari/537.36",67691f37-ce5a-4742-b5ac-97668f083939,14,685,391,eng,-999.0,2.0,2025-06-09 19:08:46 (Central Daylight Time),10273,incompatible,left,TrainingList,True,left,left,727.0,right,blue,0.19999992847442627,invalid,2025-06-10,training,
projectseed-simon-production,SimonTask-v2.0,012,2025-06-09 19:08:35 (Central Daylight Time),"Mozilla/5.0 (Linux; Android 6.0; Nexus 5 Build/MRA58N) AppleWebKit/537.36 (KHTML, like Gecko) Chrome/137.0.0.0 Mobile Safari/537.36",67691f37-ce5a-4742-b5ac-97668f083939,14,685,391,eng,-999.0,3.0,2025-06-09 19:08:49 (Central Daylight Time),13655,compatible,left,TrainingList,True,left,left,727.0,left,blue,0.3999999761581421,invalid,2025-06-10,training,
projectseed-simon-production,SimonTask-v2.0,012,2025-06-09 19:08:35 (Central Daylight Time),"Mozilla/5.0 (Linux; Android 6.0; Nexus 5 Build/MRA58N) AppleWebKit/537.36 (KHTML, like Gecko) Chrome/137.0.0.0 Mobile Safari/537.36",67691f37-ce5a-4742-b5ac-97668f083939,14,685,391,eng,-999.0,4.0,2025-06-09 19:08:52 (Central Daylight Time),16837,incompatible,right,TrainingList,True,right,right,839.0,left,red,0.5,invalid,2025-06-10,training,
projectseed-simon-production,SimonTask-v2.0,012,2025-06-09 19:08:35 (Central Daylight Time),"Mozilla/5.0 (Linux; Android 6.0; Nexus 5 Build/MRA58N) AppleWebKit/537.36 (KHTML, like Gecko) Chrome/137.0.0.0 Mobile Safari/537.36",67691f37-ce5a-4742-b5ac-97668f083939,14,685,391,eng,-999.0,5.0,2025-06-09 19:08:55 (Central Daylight Time),19955,compatible,left,TrainingList,True,left,left,709.0,left,blue,1.100000023841858,invalid,2025-06-10,training,
projectseed-simon-production,SimonTask-v2.0,012,2025-06-09 19:08:35 (Central Daylight Time),"Mozilla/5.0 (Linux; Android 6.0; Nexus 5 Build/MRA58N) AppleWebKit/537.36 (KHTML, like Gecko) Chrome/137.0.0.0 Mobile Safari/537.36",67691f37-ce5a-4742-b5ac-97668f083939,14,685,391,eng,1.0,1.0,2025-06-09 19:08:59 (Central Daylight Time),24138,compatible,left,TestingProc,False,left,none,-999.0,left,blue,1.3000000715255737,invalid,2025-06-10,test,
projectseed-simon-production,SimonTask-v2.0,012,2025-06-09 19:08:35 (Central Daylight Time),"Mozilla/5.0 (Linux; Android 6.0; Nexus 5 Build/MRA58N) AppleWebKit/537.36 (KHTML, like Gecko) Chrome/137.0.0.0 Mobile Safari/537.36",67691f37-ce5a-4742-b5ac-97668f083939,14,685,391,eng,2.0,2.0,2025-06-09 19:09:05 (Central Daylight Time),29652,incompatible,right,TestingProc,False,right,none,-999.0,left,red,0.3999999761581421,invalid,2025-06-10,test,
projectseed-simon-production,SimonTask-v2.0,012,2025-06-09 19:08:35 (Central Daylight Time),"Mozilla/5.0 (Linux; Android 6.0; Nexus 5 Build/MRA58N) AppleWebKit/537.36 (KHTML, like Gecko) Chrome/137.0.0.0 Mobile Safari/537.36",67691f37-ce5a-4742-b5ac-97668f083939,14,685,391,eng,3.0,3.0,2025-06-09 19:09:08 (Central Daylight Time),32838,incompatible,right,TestingProc,False,right,none,-999.0,left,red,0.6000000238418579,invalid,2025-06-10,test,
projectseed-simon-production,SimonTask-v2.0,012,2025-06-09 19:08:35 (Central Daylight Time),"Mozilla/5.0 (Linux; Android 6.0; Nexus 5 Build/MRA58N) AppleWebKit/537.36 (KHTML, like Gecko) Chrome/137.0.0.0 Mobile Safari/537.36",67691f37-ce5a-4742-b5ac-97668f083939,14,685,391,eng,4.0,4.0,2025-06-09 19:09:26 (Central Daylight Time),50461,compatible,right,TestingProc,False,right,left,55.0,right,red,0.09999990463256836,invalid,2025-06-10,test,
projectseed-simon-production,SimonTask-v2.0,012,2025-06-09 19:08:35 (Central Daylight Time),"Mozilla/5.0 (Linux; Android 6.0; Nexus 5 Build/MRA58N) AppleWebKit/537.36 (KHTML, like Gecko) Chrome/137.0.0.0 Mobile Safari/537.36",67691f37-ce5a-4742-b5ac-97668f083939,14,685,391,eng,5.0,5.0,2025-06-09 19:09:27 (Central Daylight Time),51919,incompatible,left,TestingProc,True,left,left,152.0,right,blue,0.20000004768371582,invalid,2025-06-10,test,
projectseed-simon-production,SimonTask-v2.0,012,2025-06-09 19:08:35 (Central Daylight Time),"Mozilla/5.0 (Linux; Android 6.0; Nexus 5 Build/MRA58N) AppleWebKit/537.36 (KHTML, like Gecko) Chrome/137.0.0.0 Mobile Safari/537.36",67691f37-ce5a-4742-b5ac-97668f083939,14,685,391,eng,6.0,6.0,2025-06-09 19:09:29 (Central Daylight Time),53667,incompatible,left,TestingProc,True,left,left,445.0,right,blue,0.19999992847442627,invalid,2025-06-10,test,
projectseed-simon-production,SimonTask-v2.0,012,2025-06-09 19:08:35 (Central Daylight Time),"Mozilla/5.0 (Linux; Android 6.0; Nexus 5 Build/MRA58N) AppleWebKit/537.36 (KHTML, like Gecko) Chrome/137.0.0.0 Mobile Safari/537.36",67691f37-ce5a-4742-b5ac-97668f083939,14,685,391,eng,7.0,7.0,2025-06-09 19:09:30 (Central Daylight Time),55098,compatible,left,TestingProc,True,left,left,128.0,left,blue,0.2999999523162842,invalid,2025-06-10,test,
projectseed-simon-production,SimonTask-v2.0,012,2025-06-09 19:08:35 (Central Daylight Time),"Mozilla/5.0 (Linux; Android 6.0; Nexus 5 Build/MRA58N) AppleWebKit/537.36 (KHTML, like Gecko) Chrome/137.0.0.0 Mobile Safari/537.36",67691f37-ce5a-4742-b5ac-97668f083939,14,685,391,eng,8.0,8.0,2025-06-09 19:09:32 (Central Daylight Time),56566,incompatible,right,TestingProc,False,right,left,163.0,left,red,0.20000004768371582,invalid,2025-06-10,test,
projectseed-simon-production,SimonTask-v2.0,012,2025-06-09 19:08:35 (Central Daylight Time),"Mozilla/5.0 (Linux; Android 6.0; Nexus 5 Build/MRA58N) AppleWebKit/537.36 (KHTML, like Gecko) Chrome/137.0.0.0 Mobile Safari/537.36",67691f37-ce5a-4742-b5ac-97668f083939,14,685,391,eng,9.0,9.0,2025-06-09 19:09:33 (Central Daylight Time),58035,compatible,right,TestingProc,False,right,left,165.0,right,red,0.19999992847442627,invalid,2025-06-10,test,
projectseed-simon-production,SimonTask-v2.0,012,2025-06-09 19:08:35 (Central Daylight Time),"Mozilla/5.0 (Linux; Android 6.0; Nexus 5 Build/MRA58N) AppleWebKit/537.36 (KHTML, like Gecko) Chrome/137.0.0.0 Mobile Safari/537.36",67691f37-ce5a-4742-b5ac-97668f083939,14,685,391,eng,10.0,10.0,2025-06-09 19:09:35 (Central Daylight Time),59501,incompatible,left,TestingProc,True,left,left,161.0,right,blue,0.2999999523162842,invalid,2025-06-10,test,
projectseed-simon-production,SimonTask-v2.0,012,2025-06-09 19:08:35 (Central Daylight Time),"Mozilla/5.0 (Linux; Android 6.0; Nexus 5 Build/MRA58N) AppleWebKit/537.36 (KHTML, like Gecko) Chrome/137.0.0.0 Mobile Safari/537.36",67691f37-ce5a-4742-b5ac-97668f083939,14,685,391,eng,11.0,11.0,2025-06-09 19:09:36 (Central Daylight Time),60960,compatible,right,TestingProc,False,right,left,155.0,right,red,0.19999992847442627,invalid,2025-06-10,test,
projectseed-simon-production,SimonTask-v2.0,012,2025-06-09 19:08:35 (Central Daylight Time),"Mozilla/5.0 (Linux; Android 6.0; Nexus 5 Build/MRA58N) AppleWebKit/537.36 (KHTML, like Gecko) Chrome/137.0.0.0 Mobile Safari/537.36",67691f37-ce5a-4742-b5ac-97668f083939,14,685,391,eng,12.0,12.0,2025-06-09 19:09:38 (Central Daylight Time),62457,incompatible,left,TestingProc,True,left,left,192.0,right,blue,0.30000007152557373,invalid,2025-06-10,test,
projectseed-simon-production,SimonTask-v2.0,012,2025-06-09 19:08:35 (Central Daylight Time),"Mozilla/5.0 (Linux; Android 6.0; Nexus 5 Build/MRA58N) AppleWebKit/537.36 (KHTML, like Gecko) Chrome/137.0.0.0 Mobile Safari/537.36",67691f37-ce5a-4742-b5ac-97668f083939,14,685,391,eng,13.0,13.0,2025-06-09 19:09:39 (Central Daylight Time),63946,incompatible,right,TestingProc,False,right,left,185.0,left,red,0.20000004768371582,invalid,2025-06-10,test,
projectseed-simon-production,SimonTask-v2.0,012,2025-06-09 19:08:35 (Central Daylight Time),"Mozilla/5.0 (Linux; Android 6.0; Nexus 5 Build/MRA58N) AppleWebKit/537.36 (KHTML, like Gecko) Chrome/137.0.0.0 Mobile Safari/537.36",67691f37-ce5a-4742-b5ac-97668f083939,14,685,391,eng,14.0,14.0,2025-06-09 19:09:41 (Central Daylight Time),65444,incompatible,left,TestingProc,True,left,left,194.0,right,blue,0.2999999523162842,invalid,2025-06-10,test,
projectseed-simon-production,SimonTask-v2.0,012,2025-06-09 19:08:35 (Central Daylight Time),"Mozilla/5.0 (Linux; Android 6.0; Nexus 5 Build/MRA58N) AppleWebKit/537.36 (KHTML, like Gecko) Chrome/137.0.0.0 Mobile Safari/537.36",67691f37-ce5a-4742-b5ac-97668f083939,14,685,391,eng,15.0,15.0,2025-06-09 19:09:42 (Central Daylight Time),66879,incompatible,right,TestingProc,False,right,left,130.0,left,red,0.20000004768371582,invalid,2025-06-10,test,
projectseed-simon-production,SimonTask-v2.0,012,2025-06-09 19:08:35 (Central Daylight Time),"Mozilla/5.0 (Linux; Android 6.0; Nexus 5 Build/MRA58N) AppleWebKit/537.36 (KHTML, like Gecko) Chrome/137.0.0.0 Mobile Safari/537.36",67691f37-ce5a-4742-b5ac-97668f083939,14,685,391,eng,16.0,16.0,2025-06-09 19:09:44 (Central Daylight Time),68344,compatible,left,TestingProc,True,left,left,160.0,left,blue,0.20000004768371582,invalid,2025-06-10,test,
projectseed-simon-production,SimonTask-v2.0,012,2025-06-09 19:08:35 (Central Daylight Time),"Mozilla/5.0 (Linux; Android 6.0; Nexus 5 Build/MRA58N) AppleWebKit/537.36 (KHTML, like Gecko) Chrome/137.0.0.0 Mobile Safari/537.36",67691f37-ce5a-4742-b5ac-97668f083939,14,685,391,eng,17.0,17.0,2025-06-09 19:09:45 (Central Daylight Time),69776,compatible,right,TestingProc,False,right,left,128.0,right,red,0.2999999523162842,invalid,2025-06-10,test,
projectseed-simon-production,SimonTask-v2.0,012,2025-06-09 19:08:35 (Central Daylight Time),"Mozilla/5.0 (Linux; Android 6.0; Nexus 5 Build/MRA58N) AppleWebKit/537.36 (KHTML, like Gecko) Chrome/137.0.0.0 Mobile Safari/537.36",67691f37-ce5a-4742-b5ac-97668f083939,14,685,391,eng,18.0,18.0,2025-06-09 19:09:47 (Central Daylight Time),71258,compatible,left,TestingProc,True,left,left,177.0,left,blue,0.2999999523162842,invalid,2025-06-10,test,
projectseed-simon-production,SimonTask-v2.0,012,2025-06-09 19:08:35 (Central Daylight Time),"Mozilla/5.0 (Linux; Android 6.0; Nexus 5 Build/MRA58N) AppleWebKit/537.36 (KHTML, like Gecko) Chrome/137.0.0.0 Mobile Safari/537.36",67691f37-ce5a-4742-b5ac-97668f083939,14,685,391,eng,19.0,19.0,2025-06-09 19:09:48 (Central Daylight Time),72695,incompatible,left,TestingProc,True,left,left,132.0,right,blue,0.19999992847442627,invalid,2025-06-10,test,
projectseed-simon-production,SimonTask-v2.0,012,2025-06-09 19:08:35 (Central Daylight Time),"Mozilla/5.0 (Linux; Android 6.0; Nexus 5 Build/MRA58N) AppleWebKit/537.36 (KHTML, like Gecko) Chrome/137.0.0.0 Mobile Safari/537.36",67691f37-ce5a-4742-b5ac-97668f083939,14,685,391,eng,20.0,20.0,2025-06-09 19:09:50 (Central Daylight Time),75002,compatible,right,TestingProc,False,right,none,-999.0,right,red,0.30000007152557373,invalid,2025-06-10,test,
projectseed-simon-production,SimonTask-v2.0,012,2025-06-09 19:08:35 (Central Daylight Time),"Mozilla/5.0 (Linux; Android 6.0; Nexus 5 Build/MRA58N) AppleWebKit/537.36 (KHTML, like Gecko) Chrome/137.0.0.0 Mobile Safari/537.36",67691f37-ce5a-4742-b5ac-97668f083939,14,685,391,eng,21.0,21.0,2025-06-09 19:10:02 (Central Daylight Time),86907,compatible,right,TestingProc,False,right,none,-999.0,right,red,1.6999999284744263,invalid,2025-06-10,test,
projectseed-simon-production,SimonTask-v2.0,012,2025-06-09 19:08:35 (Central Daylight Time),"Mozilla/5.0 (Linux; Android 6.0; Nexus 5 Build/MRA58N) AppleWebKit/537.36 (KHTML, like Gecko) Chrome/137.0.0.0 Mobile Safari/537.36",67691f37-ce5a-4742-b5ac-97668f083939,14,685,391,eng,22.0,22.0,2025-06-09 19:10:06 (Central Daylight Time),90831,incompatible,right,TestingProc,True,right,right,157.0,left,red,0.20000004768371582,invalid,2025-06-10,test,
projectseed-simon-production,SimonTask-v2.0,012,2025-06-09 19:08:35 (Central Daylight Time),"Mozilla/5.0 (Linux; Android 6.0; Nexus 5 Build/MRA58N) AppleWebKit/537.36 (KHTML, like Gecko) Chrome/137.0.0.0 Mobile Safari/537.36",67691f37-ce5a-4742-b5ac-97668f083939,14,685,391,eng,23.0,23.0,2025-06-09 19:10:08 (Central Daylight Time),92304,incompatible,left,TestingProc,False,left,right,168.0,right,blue,0.20000004768371582,invalid,2025-06-10,test,
projectseed-simon-production,SimonTask-v2.0,012,2025-06-09 19:08:35 (Central Daylight Time),"Mozilla/5.0 (Linux; Android 6.0; Nexus 5 Build/MRA58N) AppleWebKit/537.36 (KHTML, like Gecko) Chrome/137.0.0.0 Mobile Safari/537.36",67691f37-ce5a-4742-b5ac-97668f083939,14,685,391,eng,24.0,24.0,2025-06-09 19:10:09 (Central Daylight Time),93785,incompatible,right,TestingProc,True,right,right,176.0,left,red,0.2999999523162842,invalid,2025-06-10,test,
projectseed-simon-production,SimonTask-v2.0,012,2025-06-09 19:08:35 (Central Daylight Time),"Mozilla/5.0 (Linux; Android 6.0; Nexus 5 Build/MRA58N) AppleWebKit/537.36 (KHTML, like Gecko) Chrome/137.0.0.0 Mobile Safari/537.36",67691f37-ce5a-4742-b5ac-97668f083939,14,685,391,eng,25.0,25.0,2025-06-09 19:10:11 (Central Daylight Time),95252,compatible,left,TestingProc,False,left,right,162.0,left,blue,0.10000002384185791,invalid,2025-06-10,test,
projectseed-simon-production,SimonTask-v2.0,012,2025-06-09 19:08:35 (Central Daylight Time),"Mozilla/5.0 (Linux; Android 6.0; Nexus 5 Build/MRA58N) AppleWebKit/537.36 (KHTML, like Gecko) Chrome/137.0.0.0 Mobile Safari/537.36",67691f37-ce5a-4742-b5ac-97668f083939,14,685,391,eng,26.0,26.0,2025-06-09 19:10:12 (Central Daylight Time),96702,compatible,left,TestingProc,False,left,right,145.0,left,blue,0.19999992847442627,invalid,2025-06-10,test,
projectseed-simon-production,SimonTask-v2.0,012,2025-06-09 19:08:35 (Central Daylight Time),"Mozilla/5.0 (Linux; Android 6.0; Nexus 5 Build/MRA58N) AppleWebKit/537.36 (KHTML, like Gecko) Chrome/137.0.0.0 Mobile Safari/537.36",67691f37-ce5a-4742-b5ac-97668f083939,14,685,391,eng,27.0,27.0,2025-06-09 19:10:13 (Central Daylight Time),98167,compatible,left,TestingProc,False,left,right,161.0,left,blue,0.10000002384185791,invalid,2025-06-10,test,
projectseed-simon-production,SimonTask-v2.0,012,2025-06-09 19:08:35 (Central Daylight Time),"Mozilla/5.0 (Linux; Android 6.0; Nexus 5 Build/MRA58N) AppleWebKit/537.36 (KHTML, like Gecko) Chrome/137.0.0.0 Mobile Safari/537.36",67691f37-ce5a-4742-b5ac-97668f083939,14,685,391,eng,28.0,28.0,2025-06-09 19:10:15 (Central Daylight Time),99661,incompatible,left,TestingProc,False,left,right,188.0,right,blue,0.30000007152557373,invalid,2025-06-10,test,
projectseed-simon-production,SimonTask-v2.0,012,2025-06-09 19:08:35 (Central Daylight Time),"Mozilla/5.0 (Linux; Android 6.0; Nexus 5 Build/MRA58N) AppleWebKit/537.36 (KHTML, like Gecko) Chrome/137.0.0.0 Mobile Safari/537.36",67691f37-ce5a-4742-b5ac-97668f083939,14,685,391,eng,29.0,29.0,2025-06-09 19:10:16 (Central Daylight Time),101129,incompatible,right,TestingProc,True,right,right,162.0,left,red,0.20000004768371582,invalid,2025-06-10,test,
projectseed-simon-production,SimonTask-v2.0,012,2025-06-09 19:08:35 (Central Daylight Time),"Mozilla/5.0 (Linux; Android 6.0; Nexus 5 Build/MRA58N) AppleWebKit/537.36 (KHTML, like Gecko) Chrome/137.0.0.0 Mobile Safari/537.36",67691f37-ce5a-4742-b5ac-97668f083939,14,685,391,eng,30.0,30.0,2025-06-09 19:10:18 (Central Daylight Time),102608,incompatible,left,TestingProc,False,left,right,174.0,right,blue,0.30000007152557373,invalid,2025-06-10,test,
projectseed-simon-production,SimonTask-v2.0,012,2025-06-09 19:08:35 (Central Daylight Time),"Mozilla/5.0 (Linux; Android 6.0; Nexus 5 Build/MRA58N) AppleWebKit/537.36 (KHTML, like Gecko) Chrome/137.0.0.0 Mobile Safari/537.36",67691f37-ce5a-4742-b5ac-97668f083939,14,685,391,eng,31.0,31.0,2025-06-09 19:10:19 (Central Daylight Time),104061,compatible,left,TestingProc,False,left,right,148.0,left,blue,0.20000004768371582,invalid,2025-06-10,test,
projectseed-simon-production,SimonTask-v2.0,012,2025-06-09 19:08:35 (Central Daylight Time),"Mozilla/5.0 (Linux; Android 6.0; Nexus 5 Build/MRA58N) AppleWebKit/537.36 (KHTML, like Gecko) Chrome/137.0.0.0 Mobile Safari/537.36",67691f37-ce5a-4742-b5ac-97668f083939,14,685,391,eng,32.0,32.0,2025-06-09 19:10:21 (Central Daylight Time),105530,incompatible,left,TestingProc,False,left,right,165.0,right,blue,0.30000007152557373,invalid,2025-06-10,test,
projectseed-simon-production,SimonTask-v2.0,013,2025-06-10 00:07:04 (Central Daylight Time),"Mozilla/5.0 (Linux; Android 6.0; Nexus 5 Build/MRA58N) AppleWebKit/537.36 (KHTML, like Gecko) Chrome/137.0.0.0 Mobile Safari/537.36",70e1ec30-5442-4b0b-afe0-f8922ecf000f,8,838,526,eng,-999.0,1.0,2025-06-10 00:07:11 (Central Daylight Time),7266,compatible,right,TrainingList,False,right,none,-999.0,right,red,0.30000007152557373,invalid,2025-06-10,training,
projectseed-simon-production,SimonTask-v2.0,013,2025-06-10 00:07:04 (Central Daylight Time),"Mozilla/5.0 (Linux; Android 6.0; Nexus 5 Build/MRA58N) AppleWebKit/537.36 (KHTML, like Gecko) Chrome/137.0.0.0 Mobile Safari/537.36",70e1ec30-5442-4b0b-afe0-f8922ecf000f,8,838,526,eng,-999.0,2.0,2025-06-10 00:07:15 (Central Daylight Time),10711,compatible,right,TrainingList,True,right,right,471.0,right,red,0.30000007152557373,invalid,2025-06-10,training,
projectseed-simon-production,SimonTask-v2.0,013,2025-06-10 00:07:04 (Central Daylight Time),"Mozilla/5.0 (Linux; Android 6.0; Nexus 5 Build/MRA58N) AppleWebKit/537.36 (KHTML, like Gecko) Chrome/137.0.0.0 Mobile Safari/537.36",70e1ec30-5442-4b0b-afe0-f8922ecf000f,8,838,526,eng,-999.0,3.0,2025-06-10 00:07:19 (Central Daylight Time),14609,incompatible,left,TrainingList,True,left,left,928.0,right,blue,0.30000007152557373,invalid,2025-06-10,training,
projectseed-simon-production,SimonTask-v2.0,013,2025-06-10 00:07:04 (Central Daylight Time),"Mozilla/5.0 (Linux; Android 6.0; Nexus 5 Build/MRA58N) AppleWebKit/537.36 (KHTML, like Gecko) Chrome/137.0.0.0 Mobile Safari/537.36",70e1ec30-5442-4b0b-afe0-f8922ecf000f,8,838,526,eng,-999.0,4.0,2025-06-10 00:07:22 (Central Daylight Time),18090,incompatible,right,TrainingList,True,right,right,736.0,left,red,0.6000000238418579,invalid,2025-06-10,training,
projectseed-simon-production,SimonTask-v2.0,013,2025-06-10 00:07:04 (Central Daylight Time),"Mozilla/5.0 (Linux; Android 6.0; Nexus 5 Build/MRA58N) AppleWebKit/537.36 (KHTML, like Gecko) Chrome/137.0.0.0 Mobile Safari/537.36",70e1ec30-5442-4b0b-afe0-f8922ecf000f,8,838,526,eng,-999.0,5.0,2025-06-10 00:07:26 (Central Daylight Time),21654,incompatible,left,TrainingList,False,left,none,-999.0,right,blue,1.2999999523162842,invalid,2025-06-10,training,
projectseed-simon-production,SimonTask-v2.0,013,2025-06-10 00:07:04 (Central Daylight Time),"Mozilla/5.0 (Linux; Android 6.0; Nexus 5 Build/MRA58N) AppleWebKit/537.36 (KHTML, like Gecko) Chrome/137.0.0.0 Mobile Safari/537.36",70e1ec30-5442-4b0b-afe0-f8922ecf000f,8,838,526,eng,-999.0,6.0,2025-06-10 00:07:29 (Central Daylight Time),25022,incompatible,left,TrainingList,True,left,left,720.0,right,blue,1.2999999523162842,invalid,2025-06-10,training,
projectseed-simon-production,SimonTask-v2.0,013,2025-06-10 00:07:04 (Central Daylight Time),"Mozilla/5.0 (Linux; Android 6.0; Nexus 5 Build/MRA58N) AppleWebKit/537.36 (KHTML, like Gecko) Chrome/137.0.0.0 Mobile Safari/537.36",70e1ec30-5442-4b0b-afe0-f8922ecf000f,8,838,526,eng,-999.0,7.0,2025-06-10 00:07:32 (Central Daylight Time),28156,compatible,left,TrainingList,True,left,left,404.0,left,blue,1.0,invalid,2025-06-10,training,
projectseed-simon-production,SimonTask-v2.0,013,2025-06-10 00:07:04 (Central Daylight Time),"Mozilla/5.0 (Linux; Android 6.0; Nexus 5 Build/MRA58N) AppleWebKit/537.36 (KHTML, like Gecko) Chrome/137.0.0.0 Mobile Safari/537.36",70e1ec30-5442-4b0b-afe0-f8922ecf000f,8,838,526,eng,-999.0,8.0,2025-06-10 00:07:35 (Central Daylight Time),31280,compatible,right,TrainingList,True,right,right,573.0,right,red,1.5,invalid,2025-06-10,training,
projectseed-simon-production,SimonTask-v2.0,013,2025-06-10 00:07:04 (Central Daylight Time),"Mozilla/5.0 (Linux; Android 6.0; Nexus 5 Build/MRA58N) AppleWebKit/537.36 (KHTML, like Gecko) Chrome/137.0.0.0 Mobile Safari/537.36",70e1ec30-5442-4b0b-afe0-f8922ecf000f,8,838,526,eng,-999.0,9.0,2025-06-10 00:07:38 (Central Daylight Time),34454,incompatible,left,TrainingList,True,left,left,747.0,right,blue,0.5,invalid,2025-06-10,training,
projectseed-simon-production,SimonTask-v2.0,013,2025-06-10 00:07:04 (Central Daylight Time),"Mozilla/5.0 (Linux; Android 6.0; Nexus 5 Build/MRA58N) AppleWebKit/537.36 (KHTML, like Gecko) Chrome/137.0.0.0 Mobile Safari/537.36",70e1ec30-5442-4b0b-afe0-f8922ecf000f,8,838,526,eng,-999.0,10.0,2025-06-10 00:07:42 (Central Daylight Time),37839,incompatible,left,TrainingList,True,left,left,722.0,right,blue,1.2000000476837158,invalid,2025-06-10,training,
projectseed-simon-production,SimonTask-v2.0,013,2025-06-10 00:07:04 (Central Daylight Time),"Mozilla/5.0 (Linux; Android 6.0; Nexus 5 Build/MRA58N) AppleWebKit/537.36 (KHTML, like Gecko) Chrome/137.0.0.0 Mobile Safari/537.36",70e1ec30-5442-4b0b-afe0-f8922ecf000f,8,838,526,eng,1.0,1.0,2025-06-10 00:07:46 (Central Daylight Time),42248,incompatible,right,TestingProc,False,right,none,-999.0,left,red,0.5,invalid,2025-06-10,test,
projectseed-simon-production,SimonTask-v2.0,013,2025-06-10 00:07:04 (Central Daylight Time),"Mozilla/5.0 (Linux; Android 6.0; Nexus 5 Build/MRA58N) AppleWebKit/537.36 (KHTML, like Gecko) Chrome/137.0.0.0 Mobile Safari/537.36",70e1ec30-5442-4b0b-afe0-f8922ecf000f,8,838,526,eng,2.0,2.0,2025-06-10 00:07:51 (Central Daylight Time),46563,incompatible,left,TestingProc,False,left,none,-999.0,right,blue,0.5,invalid,2025-06-10,test,
projectseed-simon-production,SimonTask-v2.0,013,2025-06-10 00:07:04 (Central Daylight Time),"Mozilla/5.0 (Linux; Android 6.0; Nexus 5 Build/MRA58N) AppleWebKit/537.36 (KHTML, like Gecko) Chrome/137.0.0.0 Mobile Safari/537.36",70e1ec30-5442-4b0b-afe0-f8922ecf000f,8,838,526,eng,3.0,3.0,2025-06-10 00:07:57 (Central Daylight Time),52557,incompatible,right,TestingProc,False,right,none,-999.0,left,red,1.0,invalid,2025-06-10,test,
projectseed-simon-production,SimonTask-v2.0,013,2025-06-10 00:07:04 (Central Daylight Time),"Mozilla/5.0 (Linux; Android 6.0; Nexus 5 Build/MRA58N) AppleWebKit/537.36 (KHTML, like Gecko) Chrome/137.0.0.0 Mobile Safari/537.36",70e1ec30-5442-4b0b-afe0-f8922ecf000f,8,838,526,eng,4.0,4.0,2025-06-10 00:08:16 (Central Daylight Time),72040,incompatible,left,TestingProc,True,left,left,143.0,right,blue,0.2999999523162842,invalid,2025-06-10,test,
projectseed-simon-production,SimonTask-v2.0,013,2025-06-10 00:07:04 (Central Daylight Time),"Mozilla/5.0 (Linux; Android 6.0; Nexus 5 Build/MRA58N) AppleWebKit/537.36 (KHTML, like Gecko) Chrome/137.0.0.0 Mobile Safari/537.36",70e1ec30-5442-4b0b-afe0-f8922ecf000f,8,838,526,eng,5.0,5.0,2025-06-10 00:08:18 (Central Daylight Time),73528,compatible,right,TestingProc,False,right,left,183.0,right,red,0.2999999523162842,invalid,2025-06-10,test,
projectseed-simon-production,SimonTask-v2.0,013,2025-06-10 00:07:04 (Central Daylight Time),"Mozilla/5.0 (Linux; Android 6.0; Nexus 5 Build/MRA58N) AppleWebKit/537.36 (KHTML, like Gecko) Chrome/137.0.0.0 Mobile Safari/537.36",70e1ec30-5442-4b0b-afe0-f8922ecf000f,8,838,526,eng,6.0,6.0,2025-06-10 00:08:19 (Central Daylight Time),75006,incompatible,left,TestingProc,True,left,left,174.0,right,blue,0.20000004768371582,invalid,2025-06-10,test,
projectseed-simon-production,SimonTask-v2.0,013,2025-06-10 00:07:04 (Central Daylight Time),"Mozilla/5.0 (Linux; Android 6.0; Nexus 5 Build/MRA58N) AppleWebKit/537.36 (KHTML, like Gecko) Chrome/137.0.0.0 Mobile Safari/537.36",70e1ec30-5442-4b0b-afe0-f8922ecf000f,8,838,526,eng,7.0,7.0,2025-06-10 00:08:21 (Central Daylight Time),76798,incompatible,right,TestingProc,False,right,left,486.0,left,red,0.10000002384185791,invalid,2025-06-10,test,
projectseed-simon-production,SimonTask-v2.0,013,2025-06-10 00:07:04 (Central Daylight Time),"Mozilla/5.0 (Linux; Android 6.0; Nexus 5 Build/MRA58N) AppleWebKit/537.36 (KHTML, like Gecko) Chrome/137.0.0.0 Mobile Safari/537.36",70e1ec30-5442-4b0b-afe0-f8922ecf000f,8,838,526,eng,8.0,8.0,2025-06-10 00:08:22 (Central Daylight Time),78285,compatible,left,TestingProc,True,left,left,182.0,left,blue,0.19999992847442627,invalid,2025-06-10,test,
projectseed-simon-production,SimonTask-v2.0,013,2025-06-10 00:07:04 (Central Daylight Time),"Mozilla/5.0 (Linux; Android 6.0; Nexus 5 Build/MRA58N) AppleWebKit/537.36 (KHTML, like Gecko) Chrome/137.0.0.0 Mobile Safari/537.36",70e1ec30-5442-4b0b-afe0-f8922ecf000f,8,838,526,eng,9.0,9.0,2025-06-10 00:08:24 (Central Daylight Time),79761,compatible,right,TestingProc,False,right,left,171.0,right,red,0.20000004768371582,invalid,2025-06-10,test,
projectseed-simon-production,SimonTask-v2.0,013,2025-06-10 00:07:04 (Central Daylight Time),"Mozilla/5.0 (Linux; Android 6.0; Nexus 5 Build/MRA58N) AppleWebKit/537.36 (KHTML, like Gecko) Chrome/137.0.0.0 Mobile Safari/537.36",70e1ec30-5442-4b0b-afe0-f8922ecf000f,8,838,526,eng,10.0,10.0,2025-06-10 00:08:25 (Central Daylight Time),81247,compatible,left,TestingProc,True,left,left,181.0,left,blue,0.20000004768371582,invalid,2025-06-10,test,
projectseed-simon-production,SimonTask-v2.0,013,2025-06-10 00:07:04 (Central Daylight Time),"Mozilla/5.0 (Linux; Android 6.0; Nexus 5 Build/MRA58N) AppleWebKit/537.36 (KHTML, like Gecko) Chrome/137.0.0.0 Mobile Safari/537.36",70e1ec30-5442-4b0b-afe0-f8922ecf000f,8,838,526,eng,11.0,11.0,2025-06-10 00:08:27 (Central Daylight Time),82740,incompatible,right,TestingProc,False,right,left,187.0,left,red,0.20000004768371582,invalid,2025-06-10,test,
projectseed-simon-production,SimonTask-v2.0,013,2025-06-10 00:07:04 (Central Daylight Time),"Mozilla/5.0 (Linux; Android 6.0; Nexus 5 Build/MRA58N) AppleWebKit/537.36 (KHTML, like Gecko) Chrome/137.0.0.0 Mobile Safari/537.36",70e1ec30-5442-4b0b-afe0-f8922ecf000f,8,838,526,eng,12.0,12.0,2025-06-10 00:08:28 (Central Daylight Time),84515,incompatible,right,TestingProc,False,right,left,471.0,left,red,0.19999992847442627,invalid,2025-06-10,test,
projectseed-simon-production,SimonTask-v2.0,013,2025-06-10 00:07:04 (Central Daylight Time),"Mozilla/5.0 (Linux; Android 6.0; Nexus 5 Build/MRA58N) AppleWebKit/537.36 (KHTML, like Gecko) Chrome/137.0.0.0 Mobile Safari/537.36",70e1ec30-5442-4b0b-afe0-f8922ecf000f,8,838,526,eng,13.0,13.0,2025-06-10 00:08:30 (Central Daylight Time),85990,compatible,left,TestingProc,True,left,left,170.0,left,blue,0.20000004768371582,invalid,2025-06-10,test,
projectseed-simon-production,SimonTask-v2.0,013,2025-06-10 00:07:04 (Central Daylight Time),"Mozilla/5.0 (Linux; Android 6.0; Nexus 5 Build/MRA58N) AppleWebKit/537.36 (KHTML, like Gecko) Chrome/137.0.0.0 Mobile Safari/537.36",70e1ec30-5442-4b0b-afe0-f8922ecf000f,8,838,526,eng,14.0,14.0,2025-06-10 00:08:31 (Central Daylight Time),87468,incompatible,right,TestingProc,False,right,left,173.0,left,red,0.19999992847442627,invalid,2025-06-10,test,
projectseed-simon-production,SimonTask-v2.0,013,2025-06-10 00:07:04 (Central Daylight Time),"Mozilla/5.0 (Linux; Android 6.0; Nexus 5 Build/MRA58N) AppleWebKit/537.36 (KHTML, like Gecko) Chrome/137.0.0.0 Mobile Safari/537.36",70e1ec30-5442-4b0b-afe0-f8922ecf000f,8,838,526,eng,15.0,15.0,2025-06-10 00:08:33 (Central Daylight Time),88963,incompatible,left,TestingProc,True,left,left,190.0,right,blue,0.10000002384185791,invalid,2025-06-10,test,
projectseed-simon-production,SimonTask-v2.0,013,2025-06-10 00:07:04 (Central Daylight Time),"Mozilla/5.0 (Linux; Android 6.0; Nexus 5 Build/MRA58N) AppleWebKit/537.36 (KHTML, like Gecko) Chrome/137.0.0.0 Mobile Safari/537.36",70e1ec30-5442-4b0b-afe0-f8922ecf000f,8,838,526,eng,16.0,16.0,2025-06-10 00:08:34 (Central Daylight Time),90454,compatible,left,TestingProc,True,left,left,187.0,left,blue,0.20000004768371582,invalid,2025-06-10,test,
projectseed-simon-production,SimonTask-v2.0,013,2025-06-10 00:07:04 (Central Daylight Time),"Mozilla/5.0 (Linux; Android 6.0; Nexus 5 Build/MRA58N) AppleWebKit/537.36 (KHTML, like Gecko) Chrome/137.0.0.0 Mobile Safari/537.36",70e1ec30-5442-4b0b-afe0-f8922ecf000f,8,838,526,eng,17.0,17.0,2025-06-10 00:08:36 (Central Daylight Time),91923,compatible,left,TestingProc,True,left,left,164.0,left,blue,0.20000004768371582,invalid,2025-06-10,test,
projectseed-simon-production,SimonTask-v2.0,013,2025-06-10 00:07:04 (Central Daylight Time),"Mozilla/5.0 (Linux; Android 6.0; Nexus 5 Build/MRA58N) AppleWebKit/537.36 (KHTML, like Gecko) Chrome/137.0.0.0 Mobile Safari/537.36",70e1ec30-5442-4b0b-afe0-f8922ecf000f,8,838,526,eng,18.0,18.0,2025-06-10 00:08:37 (Central Daylight Time),93420,incompatible,left,TestingProc,True,left,left,193.0,right,blue,0.20000004768371582,invalid,2025-06-10,test,
projectseed-simon-production,SimonTask-v2.0,013,2025-06-10 00:07:04 (Central Daylight Time),"Mozilla/5.0 (Linux; Android 6.0; Nexus 5 Build/MRA58N) AppleWebKit/537.36 (KHTML, like Gecko) Chrome/137.0.0.0 Mobile Safari/537.36",70e1ec30-5442-4b0b-afe0-f8922ecf000f,8,838,526,eng,19.0,19.0,2025-06-10 00:08:39 (Central Daylight Time),94903,incompatible,left,TestingProc,True,left,left,177.0,right,blue,0.19999992847442627,invalid,2025-06-10,test,
projectseed-simon-production,SimonTask-v2.0,013,2025-06-10 00:07:04 (Central Daylight Time),"Mozilla/5.0 (Linux; Android 6.0; Nexus 5 Build/MRA58N) AppleWebKit/537.36 (KHTML, like Gecko) Chrome/137.0.0.0 Mobile Safari/537.36",70e1ec30-5442-4b0b-afe0-f8922ecf000f,8,838,526,eng,20.0,20.0,2025-06-10 00:08:40 (Central Daylight Time),96395,incompatible,left,TestingProc,True,left,left,186.0,right,blue,0.2999999523162842,invalid,2025-06-10,test,
projectseed-simon-production,SimonTask-v2.0,013,2025-06-10 00:07:04 (Central Daylight Time),"Mozilla/5.0 (Linux; Android 6.0; Nexus 5 Build/MRA58N) AppleWebKit/537.36 (KHTML, like Gecko) Chrome/137.0.0.0 Mobile Safari/537.36",70e1ec30-5442-4b0b-afe0-f8922ecf000f,8,838,526,eng,21.0,21.0,2025-06-10 00:08:42 (Central Daylight Time),97884,incompatible,left,TestingProc,True,left,left,183.0,right,blue,0.20000004768371582,invalid,2025-06-10,test,
projectseed-simon-production,SimonTask-v2.0,013,2025-06-10 00:07:04 (Central Daylight Time),"Mozilla/5.0 (Linux; Android 6.0; Nexus 5 Build/MRA58N) AppleWebKit/537.36 (KHTML, like Gecko) Chrome/137.0.0.0 Mobile Safari/537.36",70e1ec30-5442-4b0b-afe0-f8922ecf000f,8,838,526,eng,22.0,22.0,2025-06-10 00:08:43 (Central Daylight Time),99385,compatible,right,TestingProc,False,right,left,196.0,right,red,0.19999992847442627,invalid,2025-06-10,test,
projectseed-simon-production,SimonTask-v2.0,013,2025-06-10 00:07:04 (Central Daylight Time),"Mozilla/5.0 (Linux; Android 6.0; Nexus 5 Build/MRA58N) AppleWebKit/537.36 (KHTML, like Gecko) Chrome/137.0.0.0 Mobile Safari/537.36",70e1ec30-5442-4b0b-afe0-f8922ecf000f,8,838,526,eng,23.0,23.0,2025-06-10 00:08:45 (Central Daylight Time),100881,incompatible,left,TestingProc,True,left,left,191.0,right,blue,0.20000004768371582,invalid,2025-06-10,test,
projectseed-simon-production,SimonTask-v2.0,013,2025-06-10 00:07:04 (Central Daylight Time),"Mozilla/5.0 (Linux; Android 6.0; Nexus 5 Build/MRA58N) AppleWebKit/537.36 (KHTML, like Gecko) Chrome/137.0.0.0 Mobile Safari/537.36",70e1ec30-5442-4b0b-afe0-f8922ecf000f,8,838,526,eng,24.0,24.0,2025-06-10 00:08:46 (Central Daylight Time),102369,incompatible,left,TestingProc,True,left,left,185.0,right,blue,0.20000004768371582,invalid,2025-06-10,test,
projectseed-simon-production,SimonTask-v2.0,013,2025-06-10 00:07:04 (Central Daylight Time),"Mozilla/5.0 (Linux; Android 6.0; Nexus 5 Build/MRA58N) AppleWebKit/537.36 (KHTML, like Gecko) Chrome/137.0.0.0 Mobile Safari/537.36",70e1ec30-5442-4b0b-afe0-f8922ecf000f,8,838,526,eng,25.0,25.0,2025-06-10 00:08:48 (Central Daylight Time),103869,compatible,right,TestingProc,False,right,left,195.0,right,red,0.19999992847442627,invalid,2025-06-10,test,
projectseed-simon-production,SimonTask-v2.0,013,2025-06-10 00:07:04 (Central Daylight Time),"Mozilla/5.0 (Linux; Android 6.0; Nexus 5 Build/MRA58N) AppleWebKit/537.36 (KHTML, like Gecko) Chrome/137.0.0.0 Mobile Safari/537.36",70e1ec30-5442-4b0b-afe0-f8922ecf000f,8,838,526,eng,26.0,26.0,2025-06-10 00:08:49 (Central Daylight Time),105372,incompatible,left,TestingProc,True,left,left,196.0,right,blue,0.19999992847442627,invalid,2025-06-10,test,
projectseed-simon-production,SimonTask-v2.0,013,2025-06-10 00:07:04 (Central Daylight Time),"Mozilla/5.0 (Linux; Android 6.0; Nexus 5 Build/MRA58N) AppleWebKit/537.36 (KHTML, like Gecko) Chrome/137.0.0.0 Mobile Safari/537.36",70e1ec30-5442-4b0b-afe0-f8922ecf000f,8,838,526,eng,27.0,27.0,2025-06-10 00:08:51 (Central Daylight Time),106858,incompatible,right,TestingProc,False,right,left,181.0,left,red,0.2999999523162842,invalid,2025-06-10,test,
projectseed-simon-production,SimonTask-v2.0,013,2025-06-10 00:07:04 (Central Daylight Time),"Mozilla/5.0 (Linux; Android 6.0; Nexus 5 Build/MRA58N) AppleWebKit/537.36 (KHTML, like Gecko) Chrome/137.0.0.0 Mobile Safari/537.36",70e1ec30-5442-4b0b-afe0-f8922ecf000f,8,838,526,eng,28.0,28.0,2025-06-10 00:08:52 (Central Daylight Time),108345,incompatible,right,TestingProc,False,right,left,182.0,left,red,0.20000004768371582,invalid,2025-06-10,test,
projectseed-simon-production,SimonTask-v2.0,013,2025-06-10 00:07:04 (Central Daylight Time),"Mozilla/5.0 (Linux; Android 6.0; Nexus 5 Build/MRA58N) AppleWebKit/537.36 (KHTML, like Gecko) Chrome/137.0.0.0 Mobile Safari/537.36",70e1ec30-5442-4b0b-afe0-f8922ecf000f,8,838,526,eng,29.0,29.0,2025-06-10 00:08:54 (Central Daylight Time),109834,incompatible,right,TestingProc,False,right,left,183.0,left,red,0.20000004768371582,invalid,2025-06-10,test,
projectseed-simon-production,SimonTask-v2.0,013,2025-06-10 00:07:04 (Central Daylight Time),"Mozilla/5.0 (Linux; Android 6.0; Nexus 5 Build/MRA58N) AppleWebKit/537.36 (KHTML, like Gecko) Chrome/137.0.0.0 Mobile Safari/537.36",70e1ec30-5442-4b0b-afe0-f8922ecf000f,8,838,526,eng,30.0,30.0,2025-06-10 00:08:55 (Central Daylight Time),111328,compatible,right,TestingProc,False,right,left,189.0,right,red,0.30000007152557373,invalid,2025-06-10,test,
projectseed-simon-production,SimonTask-v2.0,013,2025-06-10 00:07:04 (Central Daylight Time),"Mozilla/5.0 (Linux; Android 6.0; Nexus 5 Build/MRA58N) AppleWebKit/537.36 (KHTML, like Gecko) Chrome/137.0.0.0 Mobile Safari/537.36",70e1ec30-5442-4b0b-afe0-f8922ecf000f,8,838,526,eng,31.0,31.0,2025-06-10 00:08:57 (Central Daylight Time),112820,compatible,right,TestingProc,False,right,left,186.0,right,red,0.2999999523162842,invalid,2025-06-10,test,
projectseed-simon-production,SimonTask-v2.0,013,2025-06-10 00:07:04 (Central Daylight Time),"Mozilla/5.0 (Linux; Android 6.0; Nexus 5 Build/MRA58N) AppleWebKit/537.36 (KHTML, like Gecko) Chrome/137.0.0.0 Mobile Safari/537.36",70e1ec30-5442-4b0b-afe0-f8922ecf000f,8,838,526,eng,32.0,32.0,2025-06-10 00:08:58 (Central Daylight Time),114312,compatible,right,TestingProc,False,right,left,187.0,right,red,0.19999992847442627,invalid,2025-06-10,test,
projectseed-simon-production,SimonTask-v2.0,013,2025-06-10 00:32:09 (Central Daylight Time),"Mozilla/5.0 (Linux; Android 6.0; Nexus 5 Build/MRA58N) AppleWebKit/537.36 (KHTML, like Gecko) Chrome/137.0.0.0 Mobile Safari/537.36",c2ce8bd7-d324-48a4-9de7-c2231d8b4d65,9L,838,526,eng,-999.0,1.0,2025-06-10 00:32:14 (Central Daylight Time),4737,incompatible,right,TrainingList,True,right,right,896.0,left,red,0.5,invalid,2025-06-10,training,
projectseed-simon-production,SimonTask-v2.0,013,2025-06-10 00:32:09 (Central Daylight Time),"Mozilla/5.0 (Linux; Android 6.0; Nexus 5 Build/MRA58N) AppleWebKit/537.36 (KHTML, like Gecko) Chrome/137.0.0.0 Mobile Safari/537.36",c2ce8bd7-d324-48a4-9de7-c2231d8b4d65,9L,838,526,eng,-999.0,2.0,2025-06-10 00:32:17 (Central Daylight Time),8272,compatible,right,TrainingList,True,right,right,748.0,right,red,0.20000004768371582,invalid,2025-06-10,training,
projectseed-simon-production,SimonTask-v2.0,013,2025-06-10 00:32:09 (Central Daylight Time),"Mozilla/5.0 (Linux; Android 6.0; Nexus 5 Build/MRA58N) AppleWebKit/537.36 (KHTML, like Gecko) Chrome/137.0.0.0 Mobile Safari/537.36",c2ce8bd7-d324-48a4-9de7-c2231d8b4d65,9L,838,526,eng,-999.0,3.0,2025-06-10 00:32:21 (Central Daylight Time),11713,compatible,left,TrainingList,True,left,left,469.0,left,blue,0.3999999761581421,invalid,2025-06-10,training,
projectseed-simon-production,SimonTask-v2.0,013,2025-06-10 00:32:09 (Central Daylight Time),"Mozilla/5.0 (Linux; Android 6.0; Nexus 5 Build/MRA58N) AppleWebKit/537.36 (KHTML, like Gecko) Chrome/137.0.0.0 Mobile Safari/537.36",c2ce8bd7-d324-48a4-9de7-c2231d8b4d65,9L,838,526,eng,-999.0,4.0,2025-06-10 00:32:25 (Central Daylight Time),15351,incompatible,right,TrainingList,True,right,right,875.0,left,red,0.40000009536743164,invalid,2025-06-10,training,
projectseed-simon-production,SimonTask-v2.0,013,2025-06-10 00:32:09 (Central Daylight Time),"Mozilla/5.0 (Linux; Android 6.0; Nexus 5 Build/MRA58N) AppleWebKit/537.36 (KHTML, like Gecko) Chrome/137.0.0.0 Mobile Safari/537.36",c2ce8bd7-d324-48a4-9de7-c2231d8b4d65,9L,838,526,eng,1.0,1.0,2025-06-10 00:32:29 (Central Daylight Time),20135,incompatible,left,TestingProc,True,left,left,626.0,right,blue,1.100000023841858,invalid,2025-06-10,test,
projectseed-simon-production,SimonTask-v2.0,013,2025-06-10 00:32:09 (Central Daylight Time),"Mozilla/5.0 (Linux; Android 6.0; Nexus 5 Build/MRA58N) AppleWebKit/537.36 (KHTML, like Gecko) Chrome/137.0.0.0 Mobile Safari/537.36",c2ce8bd7-d324-48a4-9de7-c2231d8b4d65,9L,838,526,eng,2.0,2.0,2025-06-10 00:32:31 (Central Daylight Time),21707,incompatible,right,TestingProc,False,right,left,268.0,left,red,0.20000004768371582,invalid,2025-06-10,test,
projectseed-simon-production,SimonTask-v2.0,013,2025-06-10 00:32:09 (Central Daylight Time),"Mozilla/5.0 (Linux; Android 6.0; Nexus 5 Build/MRA58N) AppleWebKit/537.36 (KHTML, like Gecko) Chrome/137.0.0.0 Mobile Safari/537.36",c2ce8bd7-d324-48a4-9de7-c2231d8b4d65,9L,838,526,eng,3.0,3.0,2025-06-10 00:32:32 (Central Daylight Time),23257,compatible,right,TestingProc,False,right,left,246.0,right,red,0.19999992847442627,invalid,2025-06-10,test,
projectseed-simon-production,SimonTask-v2.0,013,2025-06-10 00:32:09 (Central Daylight Time),"Mozilla/5.0 (Linux; Android 6.0; Nexus 5 Build/MRA58N) AppleWebKit/537.36 (KHTML, like Gecko) Chrome/137.0.0.0 Mobile Safari/537.36",c2ce8bd7-d324-48a4-9de7-c2231d8b4d65,9L,838,526,eng,4.0,4.0,2025-06-10 00:32:34 (Central Daylight Time),24784,incompatible,left,TestingProc,True,left,left,221.0,right,blue,0.20000004768371582,invalid,2025-06-10,test,
projectseed-simon-production,SimonTask-v2.0,013,2025-06-10 00:32:09 (Central Daylight Time),"Mozilla/5.0 (Linux; Android 6.0; Nexus 5 Build/MRA58N) AppleWebKit/537.36 (KHTML, like Gecko) Chrome/137.0.0.0 Mobile Safari/537.36",c2ce8bd7-d324-48a4-9de7-c2231d8b4d65,9L,838,526,eng,5.0,5.0,2025-06-10 00:32:36 (Central Daylight Time),26357,incompatible,left,TestingProc,True,left,left,269.0,right,blue,0.30000007152557373,invalid,2025-06-10,test,
projectseed-simon-production,SimonTask-v2.0,013,2025-06-10 00:32:09 (Central Daylight Time),"Mozilla/5.0 (Linux; Android 6.0; Nexus 5 Build/MRA58N) AppleWebKit/537.36 (KHTML, like Gecko) Chrome/137.0.0.0 Mobile Safari/537.36",c2ce8bd7-d324-48a4-9de7-c2231d8b4d65,9L,838,526,eng,6.0,6.0,2025-06-10 00:32:37 (Central Daylight Time),27900,compatible,right,TestingProc,False,right,left,239.0,right,red,0.19999992847442627,invalid,2025-06-10,test,
projectseed-simon-production,SimonTask-v2.0,013,2025-06-10 00:32:09 (Central Daylight Time),"Mozilla/5.0 (Linux; Android 6.0; Nexus 5 Build/MRA58N) AppleWebKit/537.36 (KHTML, like Gecko) Chrome/137.0.0.0 Mobile Safari/537.36",c2ce8bd7-d324-48a4-9de7-c2231d8b4d65,9L,838,526,eng,7.0,7.0,2025-06-10 00:32:39 (Central Daylight Time),29435,compatible,left,TestingProc,True,left,left,229.0,left,blue,0.20000004768371582,invalid,2025-06-10,test,
projectseed-simon-production,SimonTask-v2.0,013,2025-06-10 00:32:09 (Central Daylight Time),"Mozilla/5.0 (Linux; Android 6.0; Nexus 5 Build/MRA58N) AppleWebKit/537.36 (KHTML, like Gecko) Chrome/137.0.0.0 Mobile Safari/537.36",c2ce8bd7-d324-48a4-9de7-c2231d8b4d65,9L,838,526,eng,8.0,8.0,2025-06-10 00:32:41 (Central Daylight Time),31305,compatible,right,TestingProc,False,right,left,567.0,right,red,0.19999992847442627,invalid,2025-06-10,test,
projectseed-simon-production,SimonTask-v2.0,013,2025-06-10 00:32:09 (Central Daylight Time),"Mozilla/5.0 (Linux; Android 6.0; Nexus 5 Build/MRA58N) AppleWebKit/537.36 (KHTML, like Gecko) Chrome/137.0.0.0 Mobile Safari/537.36",c2ce8bd7-d324-48a4-9de7-c2231d8b4d65,9L,838,526,eng,9.0,9.0,2025-06-10 00:32:42 (Central Daylight Time),32881,compatible,left,TestingProc,True,left,left,272.0,left,blue,0.30000007152557373,invalid,2025-06-10,test,
projectseed-simon-production,SimonTask-v2.0,013,2025-06-10 00:32:09 (Central Daylight Time),"Mozilla/5.0 (Linux; Android 6.0; Nexus 5 Build/MRA58N) AppleWebKit/537.36 (KHTML, like Gecko) Chrome/137.0.0.0 Mobile Safari/537.36",c2ce8bd7-d324-48a4-9de7-c2231d8b4d65,9L,838,526,eng,10.0,10.0,2025-06-10 00:32:44 (Central Daylight Time),34410,compatible,right,TestingProc,False,right,left,225.0,right,red,0.20000004768371582,invalid,2025-06-10,test,
projectseed-simon-production,SimonTask-v2.0,013,2025-06-10 00:32:09 (Central Daylight Time),"Mozilla/5.0 (Linux; Android 6.0; Nexus 5 Build/MRA58N) AppleWebKit/537.36 (KHTML, like Gecko) Chrome/137.0.0.0 Mobile Safari/537.36",c2ce8bd7-d324-48a4-9de7-c2231d8b4d65,9L,838,526,eng,11.0,11.0,2025-06-10 00:32:45 (Central Daylight Time),35988,compatible,left,TestingProc,True,left,left,273.0,left,blue,0.20000004768371582,invalid,2025-06-10,test,
projectseed-simon-production,SimonTask-v2.0,013,2025-06-10 00:32:09 (Central Daylight Time),"Mozilla/5.0 (Linux; Android 6.0; Nexus 5 Build/MRA58N) AppleWebKit/537.36 (KHTML, like Gecko) Chrome/137.0.0.0 Mobile Safari/537.36",c2ce8bd7-d324-48a4-9de7-c2231d8b4d65,9L,838,526,eng,12.0,12.0,2025-06-10 00:32:47 (Central Daylight Time),37529,compatible,right,TestingProc,False,right,left,235.0,right,red,0.20000004768371582,invalid,2025-06-10,test,
projectseed-simon-production,SimonTask-v2.0,013,2025-06-10 00:32:09 (Central Daylight Time),"Mozilla/5.0 (Linux; Android 6.0; Nexus 5 Build/MRA58N) AppleWebKit/537.36 (KHTML, like Gecko) Chrome/137.0.0.0 Mobile Safari/537.36",c2ce8bd7-d324-48a4-9de7-c2231d8b4d65,9L,838,526,eng,13.0,13.0,2025-06-10 00:32:49 (Central Daylight Time),39401,compatible,left,TestingProc,True,left,left,571.0,left,blue,0.10000002384185791,invalid,2025-06-10,test,
projectseed-simon-production,SimonTask-v2.0,013,2025-06-10 00:32:09 (Central Daylight Time),"Mozilla/5.0 (Linux; Android 6.0; Nexus 5 Build/MRA58N) AppleWebKit/537.36 (KHTML, like Gecko) Chrome/137.0.0.0 Mobile Safari/537.36",c2ce8bd7-d324-48a4-9de7-c2231d8b4d65,9L,838,526,eng,14.0,14.0,2025-06-10 00:32:50 (Central Daylight Time),40984,incompatible,left,TestingProc,True,left,left,279.0,right,blue,0.19999992847442627,invalid,2025-06-10,test,
projectseed-simon-production,SimonTask-v2.0,013,2025-06-10 00:32:09 (Central Daylight Time),"Mozilla/5.0 (Linux; Android 6.0; Nexus 5 Build/MRA58N) AppleWebKit/537.36 (KHTML, like Gecko) Chrome/137.0.0.0 Mobile Safari/537.36",c2ce8bd7-d324-48a4-9de7-c2231d8b4d65,9L,838,526,eng,15.0,15.0,2025-06-10 00:32:52 (Central Daylight Time),42530,compatible,right,TestingProc,False,right,left,240.0,right,red,0.10000002384185791,invalid,2025-06-10,test,
projectseed-simon-production,SimonTask-v2.0,013,2025-06-10 00:32:09 (Central Daylight Time),"Mozilla/5.0 (Linux; Android 6.0; Nexus 5 Build/MRA58N) AppleWebKit/537.36 (KHTML, like Gecko) Chrome/137.0.0.0 Mobile Safari/537.36",c2ce8bd7-d324-48a4-9de7-c2231d8b4d65,9L,838,526,eng,16.0,16.0,2025-06-10 00:32:53 (Central Daylight Time),44037,incompatible,left,TestingProc,True,left,left,203.0,right,blue,0.2999999523162842,invalid,2025-06-10,test,
projectseed-simon-production,SimonTask-v2.0,013,2025-06-10 00:32:09 (Central Daylight Time),"Mozilla/5.0 (Linux; Android 6.0; Nexus 5 Build/MRA58N) AppleWebKit/537.36 (KHTML, like Gecko) Chrome/137.0.0.0 Mobile Safari/537.36",c2ce8bd7-d324-48a4-9de7-c2231d8b4d65,9L,838,526,eng,17.0,17.0,2025-06-10 00:32:55 (Central Daylight Time),45598,incompatible,right,TestingProc,False,right,left,256.0,left,red,0.19999992847442627,invalid,2025-06-10,test,
projectseed-simon-production,SimonTask-v2.0,013,2025-06-10 00:32:09 (Central Daylight Time),"Mozilla/5.0 (Linux; Android 6.0; Nexus 5 Build/MRA58N) AppleWebKit/537.36 (KHTML, like Gecko) Chrome/137.0.0.0 Mobile Safari/537.36",c2ce8bd7-d324-48a4-9de7-c2231d8b4d65,9L,838,526,eng,18.0,18.0,2025-06-10 00:32:56 (Central Daylight Time),47138,incompatible,left,TestingProc,True,left,left,235.0,right,blue,0.20000004768371582,invalid,2025-06-10,test,
projectseed-simon-production,SimonTask-v2.0,013,2025-06-10 00:32:09 (Central Daylight Time),"Mozilla/5.0 (Linux; Android 6.0; Nexus 5 Build/MRA58N) AppleWebKit/537.36 (KHTML, like Gecko) Chrome/137.0.0.0 Mobile Safari/537.36",c2ce8bd7-d324-48a4-9de7-c2231d8b4d65,9L,838,526,eng,19.0,19.0,2025-06-10 00:32:58 (Central Daylight Time),48682,compatible,left,TestingProc,True,left,left,241.0,left,blue,0.30000007152557373,invalid,2025-06-10,test,
projectseed-simon-production,SimonTask-v2.0,013,2025-06-10 00:32:09 (Central Daylight Time),"Mozilla/5.0 (Linux; Android 6.0; Nexus 5 Build/MRA58N) AppleWebKit/537.36 (KHTML, like Gecko) Chrome/137.0.0.0 Mobile Safari/537.36",c2ce8bd7-d324-48a4-9de7-c2231d8b4d65,9L,838,526,eng,20.0,20.0,2025-06-10 00:32:59 (Central Daylight Time),50204,compatible,left,TestingProc,True,left,left,216.0,left,blue,0.20000004768371582,invalid,2025-06-10,test,
projectseed-simon-production,SimonTask-v2.0,013,2025-06-10 00:32:09 (Central Daylight Time),"Mozilla/5.0 (Linux; Android 6.0; Nexus 5 Build/MRA58N) AppleWebKit/537.36 (KHTML, like Gecko) Chrome/137.0.0.0 Mobile Safari/537.36",c2ce8bd7-d324-48a4-9de7-c2231d8b4d65,9L,838,526,eng,21.0,21.0,2025-06-10 00:33:01 (Central Daylight Time),51732,compatible,left,TestingProc,True,left,left,223.0,left,blue,0.30000007152557373,invalid,2025-06-10,test,
projectseed-simon-production,SimonTask-v2.0,013,2025-06-10 00:32:09 (Central Daylight Time),"Mozilla/5.0 (Linux; Android 6.0; Nexus 5 Build/MRA58N) AppleWebKit/537.36 (KHTML, like Gecko) Chrome/137.0.0.0 Mobile Safari/537.36",c2ce8bd7-d324-48a4-9de7-c2231d8b4d65,9L,838,526,eng,22.0,22.0,2025-06-10 00:33:02 (Central Daylight Time),53271,compatible,right,TestingProc,False,right,left,235.0,right,red,0.10000002384185791,invalid,2025-06-10,test,
projectseed-simon-production,SimonTask-v2.0,013,2025-06-10 00:32:09 (Central Daylight Time),"Mozilla/5.0 (Linux; Android 6.0; Nexus 5 Build/MRA58N) AppleWebKit/537.36 (KHTML, like Gecko) Chrome/137.0.0.0 Mobile Safari/537.36",c2ce8bd7-d324-48a4-9de7-c2231d8b4d65,9L,838,526,eng,23.0,23.0,2025-06-10 00:33:04 (Central Daylight Time),54780,incompatible,left,TestingProc,True,left,left,204.0,right,blue,0.2999999523162842,invalid,2025-06-10,test,
projectseed-simon-production,SimonTask-v2.0,013,2025-06-10 00:32:09 (Central Daylight Time),"Mozilla/5.0 (Linux; Android 6.0; Nexus 5 Build/MRA58N) AppleWebKit/537.36 (KHTML, like Gecko) Chrome/137.0.0.0 Mobile Safari/537.36",c2ce8bd7-d324-48a4-9de7-c2231d8b4d65,9L,838,526,eng,24.0,24.0,2025-06-10 00:33:06 (Central Daylight Time),57086,incompatible,right,TestingProc,False,right,none,-999.0,left,red,0.20000004768371582,invalid,2025-06-10,test,
projectseed-simon-production,SimonTask-v2.0,013,2025-06-10 00:32:09 (Central Daylight Time),"Mozilla/5.0 (Linux; Android 6.0; Nexus 5 Build/MRA58N) AppleWebKit/537.36 (KHTML, like Gecko) Chrome/137.0.0.0 Mobile Safari/537.36",c2ce8bd7-d324-48a4-9de7-c2231d8b4d65,9L,838,526,eng,25.0,25.0,2025-06-10 00:33:09 (Central Daylight Time),60299,incompatible,left,TestingProc,True,left,left,282.0,right,blue,0.20000004768371582,invalid,2025-06-10,test,
projectseed-simon-production,SimonTask-v2.0,013,2025-06-10 00:32:09 (Central Daylight Time),"Mozilla/5.0 (Linux; Android 6.0; Nexus 5 Build/MRA58N) AppleWebKit/537.36 (KHTML, like Gecko) Chrome/137.0.0.0 Mobile Safari/537.36",c2ce8bd7-d324-48a4-9de7-c2231d8b4d65,9L,838,526,eng,26.0,26.0,2025-06-10 00:33:11 (Central Daylight Time),61775,compatible,right,TestingProc,False,right,left,171.0,right,red,0.20000004768371582,invalid,2025-06-10,test,
projectseed-simon-production,SimonTask-v2.0,013,2025-06-10 00:32:09 (Central Daylight Time),"Mozilla/5.0 (Linux; Android 6.0; Nexus 5 Build/MRA58N) AppleWebKit/537.36 (KHTML, like Gecko) Chrome/137.0.0.0 Mobile Safari/537.36",c2ce8bd7-d324-48a4-9de7-c2231d8b4d65,9L,838,526,eng,27.0,27.0,2025-06-10 00:33:12 (Central Daylight Time),63261,compatible,right,TestingProc,False,right,left,182.0,right,red,0.20000004768371582,invalid,2025-06-10,test,
projectseed-simon-production,SimonTask-v2.0,013,2025-06-10 00:32:09 (Central Daylight Time),"Mozilla/5.0 (Linux; Android 6.0; Nexus 5 Build/MRA58N) AppleWebKit/537.36 (KHTML, like Gecko) Chrome/137.0.0.0 Mobile Safari/537.36",c2ce8bd7-d324-48a4-9de7-c2231d8b4d65,9L,838,526,eng,28.0,28.0,2025-06-10 00:33:14 (Central Daylight Time),64754,incompatible,right,TestingProc,False,right,left,189.0,left,red,0.20000004768371582,invalid,2025-06-10,test,
projectseed-simon-production,SimonTask-v2.0,013,2025-06-10 00:32:09 (Central Daylight Time),"Mozilla/5.0 (Linux; Android 6.0; Nexus 5 Build/MRA58N) AppleWebKit/537.36 (KHTML, like Gecko) Chrome/137.0.0.0 Mobile Safari/537.36",c2ce8bd7-d324-48a4-9de7-c2231d8b4d65,9L,838,526,eng,29.0,29.0,2025-06-10 00:33:15 (Central Daylight Time),66255,compatible,left,TestingProc,True,left,left,196.0,left,blue,0.09999990463256836,invalid,2025-06-10,test,
projectseed-simon-production,SimonTask-v2.0,013,2025-06-10 00:32:09 (Central Daylight Time),"Mozilla/5.0 (Linux; Android 6.0; Nexus 5 Build/MRA58N) AppleWebKit/537.36 (KHTML, like Gecko) Chrome/137.0.0.0 Mobile Safari/537.36",c2ce8bd7-d324-48a4-9de7-c2231d8b4d65,9L,838,526,eng,30.0,30.0,2025-06-10 00:33:17 (Central Daylight Time),67748,incompatible,left,TestingProc,True,left,left,190.0,right,blue,0.20000004768371582,invalid,2025-06-10,test,
projectseed-simon-production,SimonTask-v2.0,013,2025-06-10 00:32:09 (Central Daylight Time),"Mozilla/5.0 (Linux; Android 6.0; Nexus 5 Build/MRA58N) AppleWebKit/537.36 (KHTML, like Gecko) Chrome/137.0.0.0 Mobile Safari/537.36",c2ce8bd7-d324-48a4-9de7-c2231d8b4d65,9L,838,526,eng,31.0,31.0,2025-06-10 00:33:18 (Central Daylight Time),69249,compatible,right,TestingProc,False,right,left,196.0,right,red,0.10000002384185791,invalid,2025-06-10,test,
projectseed-simon-production,SimonTask-v2.0,013,2025-06-10 00:32:09 (Central Daylight Time),"Mozilla/5.0 (Linux; Android 6.0; Nexus 5 Build/MRA58N) AppleWebKit/537.36 (KHTML, like Gecko) Chrome/137.0.0.0 Mobile Safari/537.36",c2ce8bd7-d324-48a4-9de7-c2231d8b4d65,9L,838,526,eng,32.0,32.0,2025-06-10 00:33:20 (Central Daylight Time),70738,compatible,left,TestingProc,True,left,left,184.0,left,blue,0.2999999523162842,invalid,2025-06-10,test,
projectseed-simon-production,SimonTask-v2.0,0123456,2025-05-19 16:10:44 (Central Daylight Time),"Mozilla/5.0 (iPhone; CPU iPhone OS 16_6 like Mac OS X) AppleWebKit/605.1.15 (KHTML, like Gecko) Version/16.6 Mobile/15E148 Safari/604.1",cc5d51d6-5e49-48f7-a9c0-2120ea6aa452,0,932,430,eng,-999.0,1.0,2025-05-19 16:10:49 (Central Daylight Time),4594,compatible,left,TrainingList,True,left,left,760.0,left,blue,0.6000000238418579,invalid,2025-05-19,training,
projectseed-simon-production,SimonTask-v2.0,0123456,2025-05-19 16:10:44 (Central Daylight Time),"Mozilla/5.0 (iPhone; CPU iPhone OS 16_6 like Mac OS X) AppleWebKit/605.1.15 (KHTML, like Gecko) Version/16.6 Mobile/15E148 Safari/604.1",cc5d51d6-5e49-48f7-a9c0-2120ea6aa452,0,932,430,eng,-999.0,2.0,2025-05-19 16:10:52 (Central Daylight Time),7968,compatible,right,TrainingList,True,right,right,719.0,right,red,0.5,invalid,2025-05-19,training,
projectseed-simon-production,SimonTask-v2.0,0123456,2025-05-19 16:10:44 (Central Daylight Time),"Mozilla/5.0 (iPhone; CPU iPhone OS 16_6 like Mac OS X) AppleWebKit/605.1.15 (KHTML, like Gecko) Version/16.6 Mobile/15E148 Safari/604.1",cc5d51d6-5e49-48f7-a9c0-2120ea6aa452,0,932,430,eng,-999.0,3.0,2025-05-19 16:10:56 (Central Daylight Time),11309,incompatible,left,TrainingList,True,left,left,804.0,right,blue,0.6000000238418579,invalid,2025-05-19,training,
projectseed-simon-production,SimonTask-v2.0,0123456,2025-05-19 16:10:44 (Central Daylight Time),"Mozilla/5.0 (iPhone; CPU iPhone OS 16_6 like Mac OS X) AppleWebKit/605.1.15 (KHTML, like Gecko) Version/16.6 Mobile/15E148 Safari/604.1",cc5d51d6-5e49-48f7-a9c0-2120ea6aa452,0,932,430,eng,-999.0,4.0,2025-05-19 16:10:59 (Central Daylight Time),14796,incompatible,left,TrainingList,True,left,left,973.0,right,blue,0.5,invalid,2025-05-19,training,
